{
    "cycles_program_begin": 61622750781943,
    "cpu_cycles_pass2_start": 61651647852529,
    "perf": [
        {
            "sub": [
                {
                    "sub": [],
                    "stat": [
                        "doParsingAndDesignResolution",
                        "entry",
                        0.051548004150390625,
                        0.066687999999999997,
                        0.039468000000000003,
                        259540,
                        259544,
                        0.0,
                        0.0,
                        1672926453.9462409,
                        61622756622168
                    ]
                },
                {
                    "sub": [],
                    "stat": [
                        "doParsingAndDesignResolution",
                        "exit",
                        2.8903679847717285,
                        2.7660019999999998,
                        0.15485499999999999,
                        436208,
                        436208,
                        0.0,
                        0.0,
                        1672926456.7850609,
                        61630686945475
                    ]
                },
                {
                    "sub": [
                        {
                            "sub": [],
                            "stat": [
                                "doUptoVir2VcsNoSepCleanup",
                                "entry",
                                4.601269006729126,
                                4.4647379999999997,
                                0.16697999999999999,
                                438356,
                                438360,
                                0.0,
                                0.0,
                                1672926458.4959619,
                                61635466453369
                            ]
                        },
                        {
                            "sub": [],
                            "stat": [
                                "doUptoVir2VcsNoSepCleanup",
                                "exit",
                                9.758120059967041,
                                9.2990580000000005,
                                0.388048,
                                373196,
                                438360,
                                0.0079520000000000007,
                                0.028067000000000002,
                                1672926463.652813,
                                61649872283089
                            ]
                        },
                        {
                            "sub": [],
                            "stat": [
                                "doRadify_vir2vcsAll",
                                "entry",
                                9.7582330703735352,
                                9.2991679999999999,
                                0.38805299999999998,
                                373196,
                                438360,
                                0.0079520000000000007,
                                0.028067000000000002,
                                1672926463.652926,
                                61649872487286
                            ]
                        },
                        {
                            "sub": [],
                            "stat": [
                                "doRadify_vir2vcsAll",
                                "exit",
                                10.338973045349121,
                                9.8598560000000006,
                                0.40801399999999999,
                                405964,
                                438360,
                                0.0079520000000000007,
                                0.028067000000000002,
                                1672926464.2336659,
                                61651494921397
                            ]
                        }
                    ],
                    "stat": [
                        "doPostDesignResolutionToVir2Vcs",
                        "entry",
                        2.892078161239624,
                        2.7667099999999998,
                        0.15585599999999999,
                        436208,
                        436212,
                        0.0,
                        0.0,
                        1672926456.7867711,
                        61630691888478
                    ]
                },
                {
                    "sub": [],
                    "stat": [
                        "doPostDesignResolutionToVir2Vcs",
                        "exit",
                        10.339054107666016,
                        9.8599370000000004,
                        0.40801799999999999,
                        405964,
                        438360,
                        0.0079520000000000007,
                        0.028067000000000002,
                        1672926464.233747,
                        61651495020461
                    ]
                },
                {
                    "sub": [
                        {
                            "sub": [],
                            "stat": [
                                "DoPass2",
                                "entry",
                                10.393712997436523,
                                9.8761410000000005,
                                0.41305900000000001,
                                405924,
                                438360,
                                0.022334,
                                0.048148999999999997,
                                1672926464.2884059,
                                61651647824502
                            ]
                        },
                        {
                            "sub": [],
                            "stat": [
                                "DoPass2",
                                "exit",
                                20.344730138778687,
                                19.515186,
                                0.67553300000000005,
                                428764,
                                438360,
                                8.8315660000000005,
                                0.458206,
                                1672926474.239423,
                                61679446279589
                            ]
                        }
                    ],
                    "stat": [
                        "doGAToPass2",
                        "entry",
                        10.339082002639771,
                        9.8599639999999997,
                        0.40801900000000002,
                        405964,
                        438360,
                        0.0079520000000000007,
                        0.028067000000000002,
                        1672926464.2337749,
                        61651495092448
                    ]
                },
                {
                    "sub": [],
                    "stat": [
                        "doGAToPass2",
                        "exit",
                        20.353001117706299,
                        19.519451,
                        0.67952199999999996,
                        428768,
                        438360,
                        8.8315660000000005,
                        0.458206,
                        1672926474.247694,
                        61679469424031
                    ]
                }
            ],