{
    "Modules": {
        "lvc_apb_pkg": {
            "nRouts": 164,
            "nQuads": 4093,
            "start_perf": [
                9.1968619823455811,
                0.00039899999999999999,
                0.0,
                405732,
                405732,
                1672493930.3463759,
                73236185735433
            ],
            "child_modules": {},
            "significant_routs": [
                [
                    47,
                    "F_VCSClass_lvc_apb_pkglvc_apb_transfer_lvc_apb_transfer3a3a__m_uvm_field_automation",
                    162188087,
                    29933,
                    2923
                ]
            ],
            "end_perf": [
                9.5154509544372559,
                0.26837299999999997,
                0.037911,
                407828,
                407828,
                73237075607829,
                -5054199165077824807,
                0
            ],
            "svclass": [
                "lvc_apb_transfer",
                35761,
                3291,
                11,
                10,
                -2289534922778079590,
                "lvc_apb_config",
                9605,
                812,
                13,
                12,
                -3794867484473458917,
                "lvc_apb_master_monitor",
                29305,
                2943,
                39,
                14,
                -3420781040212146760,
                "lvc_apb_master_monitor::lvc_apb_master_cov_trans",
                0,
                0,
                0,
                0,
                0,
                "lvc_apb_master_agent",
                13513,
                1358,
                11,
                11,
                -6840367973833334160,
                "lvc_apb_slave_monitor",
                26048,
                2377,
                30,
                15,
                9055945120283371241,
                "lvc_apb_slave_monitor::lvc_apb_slave_cov_trans",
                0,
                0,
                0,
                0,
                0,
                "lvc_apb_slave_agent",
                13505,
                1356,
                11,
                11,
                1524002652057370173,
                "lvc_apb_reg_adapter",
                13880,
                1339,
                12,
                12,
                1552519473989812309
            ],
            "nMops": 13808
        },
        "std": {
            "start_perf": [
                9.5156049728393555,
                0.26850800000000002,
                0.037929999999999998,
                407828,
                407828,
                1672493930.6651189,
                73237075926411
            ],
            "child_modules": {},
            "skipped": 1,
            "end_perf": [
                9.5156681537628174,
                0.268565,
                0.037938,
                407828,
                407828,
                73237076083738,
                30064771073,
                0
            ]
        },
        "rkv_i2c_if_1146083354_12": {
            "start_perf": [
                9.5157101154327393,
                0.26860099999999998,
                0.037942999999999998,
                407828,
                407828,
                1672493930.6652241,
                73237076196631
            ],
            "child_modules": {},
            "skipped": 1,
            "end_perf": [
                9.5157461166381836,
                0.26863300000000001,
                0.037948000000000003,
                407828,
                407828,
                73237076296075,
                30064771073,
                0
            ]
        }
    },
    "CompUnits": {
        "lvc_apb_pkg_d": {
            "mod": "lvc_apb_pkg",
            "checksum": 4294967295,
            "cls": 141617,
            "bytes": 476376,
            "out": "lvc_apb_pkg_d.o",
            "text": 144842,
            "mode": 4,
            "archive": "archive.0/__vcs_msglog_UF52e_4_archive_1.a"
        }
    },
    "stat": {
        "ru_self_end": {
            "ru_majflt": 0,
            "ru_utime_sec": 0.26900800000000002,
            "ru_minflt": 5225,
            "ru_stime_sec": 0.038001,
            "ru_maxrss_kb": 164120,
            "ru_nvcsw": 0,
            "ru_nivcsw": 22
        },
        "ru_childs_end": {
            "ru_majflt": 0,
            "ru_utime_sec": 0.0,
            "ru_minflt": 0,
            "ru_stime_sec": 0.0,
            "ru_maxrss_kb": 0,
            "ru_nvcsw": 0,
            "ru_nivcsw": 0
        },
        "cpu_cycles_end": 73237077430577,
        "peak_mem_kb": 407832
    },
    "reusePaths": {},
    "ObjArchives": [
        {
            "archive": "archive.0/__vcs_msglog_UF52e_4_archive_1.a",
            "objects": [
                [
                    "lvc_apb_pkg_d.o",
                    476376
                ]
            ],
            "size": 476376
        }
    ]
}