{
    "Modules": {
        "lvc_apb_pkg": {
            "start_perf": [
                9.3845241069793701,
                0.00039899999999999999,
                0.0,
                405832,
                405832,
                1672814999.615417,
                13686141147513
            ],
            "end_perf": [
                9.8484091758728027,
                0.271202,
                0.065047999999999995,
                407944,
                407944,
                13687436910995,
                -5054199165077824807,
                0
            ],
            "child_modules": {},
            "significant_routs": [
                [
                    47,
                    "F_VCSClass_lvc_apb_pkglvc_apb_transfer_lvc_apb_transfer3a3a__m_uvm_field_automation",
                    183274167,
                    29933,
                    2923
                ],
                [
                    64,
                    "F_VCSClass_lvc_apb_pkglvc_apb_master_monitor_lvc_apb_master_monitor3a3a__m_uvm_field_automation",
                    173764059,
                    13292,
                    1396
                ]
            ],
            "nMops": 13808,
            "svclass": [
                "lvc_apb_transfer",
                35761,
                3291,
                11,
                10,
                -2289534922778079590,
                "lvc_apb_config",
                9605,
                812,
                13,
                12,
                -3794867484473458917,
                "lvc_apb_master_monitor",
                29305,
                2943,
                39,
                14,
                -3420781040212146760,
                "lvc_apb_master_monitor::lvc_apb_master_cov_trans",
                0,
                0,
                0,
                0,
                0,
                "lvc_apb_master_agent",
                13513,
                1358,
                11,
                11,
                -6840367973833334160,
                "lvc_apb_slave_monitor",
                26048,
                2377,
                30,
                15,
                9055945120283371241,
                "lvc_apb_slave_monitor::lvc_apb_slave_cov_trans",
                0,
                0,
                0,
                0,
                0,
                "lvc_apb_slave_agent",
                13505,
                1356,
                11,
                11,
                1524002652057370173,
                "lvc_apb_reg_adapter",
                13880,
                1339,
                12,
                12,
                1552519473989812309
            ],
            "nQuads": 4093,
            "nRouts": 164
        },
        "std": {
            "start_perf": [
                9.8485860824584961,
                0.271202,
                0.065226000000000006,
                407944,
                407944,
                1672815000.079479,
                13687437222909
            ],
            "end_perf": [
                9.8486611843109131,
                0.271202,
                0.065303,
                407944,
                407944,
                13687437390521,
                30064771073,
                0
            ],
            "child_modules": {},
            "skipped": 1
        },
        "rkv_i2c_if_1146083354_12": {
            "start_perf": [
                9.8487081527709961,
                0.271202,
                0.065349000000000004,
                407944,
                407944,
                1672815000.079601,
                13687437520505
            ],
            "end_perf": [
                9.8487482070922852,
                0.271202,
                0.065390000000000004,
                407944,
                407944,
                13687437631987,
                30064771073,
                0
            ],
            "child_modules": {},
            "skipped": 1
        }
    },
    "stat": {
        "ru_childs_end": {
            "ru_maxrss_kb": 0,
            "ru_utime_sec": 0.0,
            "ru_majflt": 0,
            "ru_stime_sec": 0.0,
            "ru_nivcsw": 0,
            "ru_minflt": 0,
            "ru_nvcsw": 0
        },
        "ru_self_end": {
            "ru_maxrss_kb": 164652,
            "ru_utime_sec": 0.271202,
            "ru_majflt": 8,
            "ru_stime_sec": 0.065965999999999997,
            "ru_nivcsw": 26,
            "ru_minflt": 5198,
            "ru_nvcsw": 6
        },
        "peak_mem_kb": 407948,
        "cpu_cycles_end": 13687439171857
    },
    "CompUnits": {
        "lvc_apb_pkg_d": {
            "checksum": 4294967295,
            "text": 144842,
            "mod": "lvc_apb_pkg",
            "out": "lvc_apb_pkg_d.o",
            "mode": 4,
            "bytes": 476376,
            "cls": 141617,
            "archive": "archive.0/__vcs_msglog_UF52e_4_archive_1.a"
        }
    },
    "reusePaths": {},
    "ObjArchives": [
        {
            "objects": [
                [
                    "lvc_apb_pkg_d.o",
                    476376
                ]
            ],
            "archive": "archive.0/__vcs_msglog_UF52e_4_archive_1.a",
            "size": 476376
        }
    ]
}