{
    "ObjArchives": [
        {
            "archive": "archive.0/__vcs_msglog_UF52e_4_archive_1.a",
            "objects": [
                [
                    "lvc_apb_pkg_d.o",
                    476376
                ]
            ],
            "size": 476376
        }
    ],
    "reusePaths": {},
    "Modules": {
        "lvc_apb_pkg": {
            "start_perf": [
                19.109400033950806,
                0.0,
                0.0087279999999999996,
                405804,
                405804,
                1672488628.405879,
                58424971492190
            ],
            "nRouts": 164,
            "end_perf": [
                20.714333057403564,
                0.90763199999999999,
                0.30430299999999999,
                407912,
                407912,
                58429454368849,
                -5054199165077824807,
                0
            ],
            "child_modules": {},
            "significant_routs": [
                [
                    47,
                    "F_VCSClass_lvc_apb_pkglvc_apb_transfer_lvc_apb_transfer3a3a__m_uvm_field_automation",
                    312957290,
                    29933,
                    2923
                ],
                [
                    64,
                    "F_VCSClass_lvc_apb_pkglvc_apb_master_monitor_lvc_apb_master_monitor3a3a__m_uvm_field_automation",
                    564231012,
                    13292,
                    1396
                ],
                [
                    88,
                    "F_VCSClass_lvc_apb_pkglvc_apb_slave_monitor_lvc_apb_slave_monitor3a3a__m_uvm_field_automation",
                    454182249,
                    13292,
                    1396
                ]
            ],
            "svclass": [
                "lvc_apb_transfer",
                35761,
                3291,
                11,
                10,
                -2289534922778079590,
                "lvc_apb_config",
                9605,
                812,
                13,
                12,
                -3794867484473458917,
                "lvc_apb_master_monitor",
                29305,
                2943,
                39,
                14,
                -3420781040212146760,
                "lvc_apb_master_monitor::lvc_apb_master_cov_trans",
                0,
                0,
                0,
                0,
                0,
                "lvc_apb_master_agent",
                13513,
                1358,
                11,
                11,
                -6840367973833334160,
                "lvc_apb_slave_monitor",
                26048,
                2377,
                30,
                15,
                9055945120283371241,
                "lvc_apb_slave_monitor::lvc_apb_slave_cov_trans",
                0,
                0,
                0,
                0,
                0,
                "lvc_apb_slave_agent",
                13505,
                1356,
                11,
                11,
                1524002652057370173,
                "lvc_apb_reg_adapter",
                13880,
                1339,
                12,
                12,
                1552519473989812309
            ],
            "nQuads": 4093,
            "nMops": 13808
        },
        "std": {
            "start_perf": [
                20.714469909667969,
                0.90773499999999996,
                0.30433700000000002,
                407912,
                407912,
                1672488630.0109489,
                58429454672899
            ],
            "skipped": 1,
            "end_perf": [
                20.71454906463623,
                0.90779500000000002,
                0.30435699999999999,
                407912,
                407912,
                58429454867994,
                30064771073,
                0
            ],
            "child_modules": {}
        },
        "rkv_i2c_if_1146083354_12": {
            "start_perf": [
                20.714600086212158,
                0.90783400000000003,
                0.30436999999999997,
                407912,
                407912,
                1672488630.0110791,
                58429455007101
            ],
            "skipped": 1,
            "end_perf": [
                20.714680910110474,
                0.90786699999999998,
                0.30438199999999999,
                407912,
                407912,
                58429455258256,
                30064771073,
                0
            ],
            "child_modules": {}
        }
    },
    "CompUnits": {
        "lvc_apb_pkg_d": {
            "mod": "lvc_apb_pkg",
            "out": "lvc_apb_pkg_d.o",
            "bytes": 476376,
            "text": 144842,
            "cls": 141617,
            "checksum": 4294967295,
            "mode": 4,
            "archive": "archive.0/__vcs_msglog_UF52e_4_archive_1.a"
        }
    },
    "stat": {
        "ru_self_end": {
            "ru_minflt": 5173,
            "ru_utime_sec": 0.90826700000000005,
            "ru_stime_sec": 0.30451600000000001,
            "ru_maxrss_kb": 163924,
            "ru_majflt": 13,
            "ru_nivcsw": 43,
            "ru_nvcsw": 10
        },
        "ru_childs_end": {
            "ru_minflt": 0,
            "ru_utime_sec": 0.0,
            "ru_stime_sec": 0.0,
            "ru_maxrss_kb": 0,
            "ru_majflt": 0,
            "ru_nivcsw": 0,
            "ru_nvcsw": 0
        },
        "cpu_cycles_end": 58429456544516,
        "peak_mem_kb": 407916
    }
}