{
    "Modules": {
        "...MASTER...": {
            "start_perf": [
                9.3738090991973877,
                8.7669239999999995,
                0.48565700000000001,
                405832,
                405864,
                1672814999.604702,
                13686110879712
            ],
            "end_perf": [
                9.3744440078735352,
                8.7675239999999999,
                0.48569000000000001,
                405832,
                405864,
                13686112648240,
                0,
                0
            ],
            "child_modules": {
                "std": 1,
                "pc__vcs_msglog": 1,
                "uvm_pkg": 1,
                "_vcs_msglog": 1,
                "rkv_i2c_pkg": 1,
                "lvc_apb_pkg": 1,
                "vcs_paramclassrepository_UF52ed": 1,
                "lvc_i2c_pkg": 1
            },
            "nQuads": 0,
            "nMops": 0,
            "nRouts": 5
        },
        "lvc_i2c_pkg": {
            "start_perf": [
                9.38425612449646,
                8.7675239999999999,
                0.495475,
                405832,
                405864,
                1672814999.615149,
                13686140224979
            ],
            "end_perf": [
                14.006953001022339,
                12.880513000000001,
                0.697272,
                408744,
                408744,
                13699053854934,
                2875367100509148050,
                0
            ],
            "child_modules": {},
            "significant_routs": [
                [
                    1572,
                    "F_VCSClass_lvc_i2c_pkglvc_i2c_configuration_lvc_i2c_configuration3a3a__m_uvm_field_automation",
                    3729692765,
                    522828,
                    52736
                ],
                [
                    1576,
                    "F_VCSClass_lvc_i2c_pkglvc_i2c_configuration_lvc_i2c_configuration3a3ais_valid",
                    361546029,
                    97140,
                    8137
                ],
                [
                    1589,
                    "F_VCSClass_lvc_i2c_pkglvc_i2c_agent_configuration_lvc_i2c_agent_configuration3a3a__m_uvm_field_automation",
                    325001178,
                    57268,
                    5637
                ],
                [
                    1599,
                    "F_VCSClass_lvc_i2c_pkglvc_i2c_transaction_lvc_i2c_transaction3a3a__m_uvm_field_automation",
                    1653373323,
                    284095,
                    29330
                ],
                [
                    1602,
                    "F_VCSClass_lvc_i2c_pkglvc_i2c_transaction_lvc_i2c_transaction3a3ais_valid",
                    144571262,
                    31701,
                    2685
                ],
                [
                    1620,
                    "F_VCSClass_lvc_i2c_pkglvc_i2c_master_transaction_lvc_i2c_master_transaction3a3ais_valid",
                    132381382,
                    31806,
                    2648
                ],
                [
                    1665,
                    "F_VCSClass_lvc_i2c_pkglvc_i2c_master_agent_lvc_i2c_master_agent3a3a__m_uvm_field_automation",
                    244433975,
                    19593,
                    1996
                ],
                [
                    1667,
                    "F_VCSClass_lvc_i2c_pkglvc_i2c_master_agent_lvc_i2c_master_agent3a3abuild_phase",
                    183001864,
                    13608,
                    1399
                ],
                [
                    1677,
                    "F_VCSClass_lvc_i2c_pkglvc_i2c_slave_transaction_lvc_i2c_slave_transaction3a3ais_valid",
                    175681272,
                    20499,
                    1848
                ],
                [
                    1713,
                    "F_VCSClass_lvc_i2c_pkglvc_i2c_slave_agent_lvc_i2c_slave_agent3a3a__m_uvm_field_automation",
                    221874295,
                    19593,
                    1996
                ],
                [
                    1715,
                    "F_VCSClass_lvc_i2c_pkglvc_i2c_slave_agent_lvc_i2c_slave_agent3a3abuild_phase",
                    196975920,
                    14689,
                    1548
                ],
                [
                    1735,
                    "F_VCSClass_lvc_i2c_pkglvc_i2c_system_configuration_lvc_i2c_system_configuration3a3a__m_uvm_field_automation",
                    726360455,
                    98366,
                    10090
                ]
            ],
            "nMops": 217881,