{
    "reusePaths": {},
    "Modules": {
        "lvc_apb_pkg": {
            "start_perf": [
                12.807526111602783,
                0.000466,
                0.0,
                405736,
                405736,
                1672491046.3918641,
                65179726153699
            ],
            "nRouts": 164,
            "child_modules": {},
            "end_perf": [
                13.388525009155273,
                0.50711399999999995,
                0.073737999999999998,
                407860,
                407860,
                65181349090864,
                -5054199165077824807,
                0
            ],
            "significant_routs": [
                [
                    47,
                    "F_VCSClass_lvc_apb_pkglvc_apb_transfer_lvc_apb_transfer3a3a__m_uvm_field_automation",
                    284703255,
                    29933,
                    2923
                ],
                [
                    64,
                    "F_VCSClass_lvc_apb_pkglvc_apb_master_monitor_lvc_apb_master_monitor3a3a__m_uvm_field_automation",
                    193438953,
                    13292,
                    1396
                ]
            ],
            "nQuads": 4093,
            "svclass": [
                "lvc_apb_transfer",
                35761,
                3291,
                11,
                10,
                -2289534922778079590,
                "lvc_apb_config",
                9605,
                812,
                13,
                12,
                -3794867484473458917,
                "lvc_apb_master_monitor",
                29305,
                2943,
                39,
                14,
                -3420781040212146760,
                "lvc_apb_master_monitor::lvc_apb_master_cov_trans",
                0,
                0,
                0,
                0,
                0,
                "lvc_apb_master_agent",
                13513,
                1358,
                11,
                11,
                -6840367973833334160,
                "lvc_apb_slave_monitor",
                26048,
                2377,
                30,
                15,
                9055945120283371241,
                "lvc_apb_slave_monitor::lvc_apb_slave_cov_trans",
                0,
                0,
                0,
                0,
                0,
                "lvc_apb_slave_agent",
                13505,
                1356,
                11,
                11,
                1524002652057370173,
                "lvc_apb_reg_adapter",
                13880,
                1339,
                12,
                12,
                1552519473989812309
            ],
            "nMops": 13808
        },
        "std": {
            "start_perf": [
                13.388689994812012,
                0.50725799999999999,
                0.073759000000000005,
                407860,
                407860,
                1672491046.9730279,
                65181349442719
            ],
            "child_modules": {},
            "end_perf": [
                13.388782978057861,
                0.50734000000000001,
                0.073771000000000003,
                407860,
                407860,
                65181349688592,
                30064771073,
                0
            ],
            "skipped": 1
        },
        "rkv_i2c_if_1146083354_12": {
            "start_perf": [
                13.388846158981323,
                0.50739500000000004,
                0.073778999999999997,
                407860,
                407860,
                1672491046.9731841,
                65181349842365
            ],
            "child_modules": {},
            "end_perf": [
                13.388891935348511,
                0.50743499999999997,
                0.073785000000000003,
                407860,
                407860,
                65181349962193,
                30064771073,
                0
            ],
            "skipped": 1
        }
    },
    "CompUnits": {
        "lvc_apb_pkg_d": {
            "out": "lvc_apb_pkg_d.o",
            "mod": "lvc_apb_pkg",
            "bytes": 476376,
            "archive": "archive.0/__vcs_msglog_UF52e_4_archive_1.a",
            "checksum": 4294967295,
            "text": 144842,
            "cls": 141617,
            "mode": 4
        }
    },
    "ObjArchives": [
        {
            "objects": [
                [
                    "lvc_apb_pkg_d.o",
                    476376
                ]
            ],
            "archive": "archive.0/__vcs_msglog_UF52e_4_archive_1.a",
            "size": 476376
        }
    ],
    "stat": {
        "ru_self_end": {
            "ru_nivcsw": 15,
            "ru_utime_sec": 0.508382,
            "ru_maxrss_kb": 163984,
            "ru_stime_sec": 0.075218999999999994,
            "ru_minflt": 5213,
            "ru_nvcsw": 0,
            "ru_majflt": 0
        },
        "ru_childs_end": {
            "ru_nivcsw": 0,
            "ru_utime_sec": 0.0,
            "ru_maxrss_kb": 0,
            "ru_stime_sec": 0.0,
            "ru_minflt": 0,
            "ru_nvcsw": 0,
            "ru_majflt": 0
        },
        "cpu_cycles_end": 65181356548045,
        "peak_mem_kb": 407864
    }
}