{
    "Modules": {
        "_vcs_msglog": {
            "start_perf": [
                14.39140796661377,
                13.490529,
                0.70274899999999996,
                408740,
                408740,
                1672820437.3371561,
                28876676787574
            ],
            "child_modules": {},
            "end_perf": [
                14.397063016891479,
                13.494111,
                0.70482199999999995,
                408740,
                408764,
                28876692677980,
                6505974944744156591,
                0
            ],
            "svclass": [
                "rkv_i2c_if_1146083354_12_vcs_virt_intf_C",
                0,
                0,
                0,
                0,
                0,
                "lvc_i2c_if_1146083354_12_vcs_virt_intf_C",
                0,
                0,
                0,
                0,
                0,
                "lvc_apb_if_1146083354_12_vcs_virt_intf_C",
                0,
                0,
                0,
                0,
                0
            ],
            "nQuads": 30,
            "nMops": 80,
            "nRouts": 10
        },
        "...MASTER...": {
            "start_perf": [
                9.8579368591308594,
                9.2031749999999999,
                0.51139100000000004,
                405760,
                405792,
                1672820432.8036849,
                28864012416193
            ],
            "child_modules": {
                "uvm_pkg": 1,
                "lvc_i2c_pkg": 1,
                "lvc_apb_pkg": 1,
                "rkv_i2c_pkg": 1,
                "pc__vcs_msglog": 1,
                "std": 1,
                "vcs_paramclassrepository_UF52ed": 1,
                "_vcs_msglog": 1
            },
            "end_perf": [
                9.8586058616638184,
                9.2031749999999999,
                0.51205999999999996,
                405760,
                405792,
                28864014172607,
                0,
                0
            ],
            "nQuads": 0,
            "nMops": 0,
            "nRouts": 5
        },
        "lvc_i2c_pkg": {
            "start_perf": [
                9.8678839206695557,
                9.203341,
                0.52117100000000005,
                405760,
                405792,
                1672820432.813632,
                28864040303700
            ],
            "significant_routs": [
                [
                    1572,
                    "F_VCSClass_lvc_i2c_pkglvc_i2c_configuration_lvc_i2c_configuration3a3a__m_uvm_field_automation",
                    3728394815,
                    522828,
                    52736
                ],
                [
                    1576,
                    "F_VCSClass_lvc_i2c_pkglvc_i2c_configuration_lvc_i2c_configuration3a3ais_valid",
                    414034465,
                    97140,
                    8137
                ],
                [
                    1589,
                    "F_VCSClass_lvc_i2c_pkglvc_i2c_agent_configuration_lvc_i2c_agent_configuration3a3a__m_uvm_field_automation",
                    325703510,
                    57268,
                    5637
                ],
                [
                    1599,
                    "F_VCSClass_lvc_i2c_pkglvc_i2c_transaction_lvc_i2c_transaction3a3a__m_uvm_field_automation",
                    1711900940,
                    284095,
                    29330
                ],
                [
                    1634,
                    "F_VCSClass_lvc_i2c_pkglvc_i2c_master_monitor_lvc_i2c_master_monitor3a3a__m_uvm_field_automation",
                    223908404,
                    13292,
                    1396
                ],
                [
                    1665,
                    "F_VCSClass_lvc_i2c_pkglvc_i2c_master_agent_lvc_i2c_master_agent3a3a__m_uvm_field_automation",
                    192071378,
                    19593,
                    1996
                ],
                [
                    1677,
                    "F_VCSClass_lvc_i2c_pkglvc_i2c_slave_transaction_lvc_i2c_slave_transaction3a3ais_valid",
                    249478653,
                    20499,
                    1848
                ],
                [
                    1713,
                    "F_VCSClass_lvc_i2c_pkglvc_i2c_slave_agent_lvc_i2c_slave_agent3a3a__m_uvm_field_automation",
                    261336245,
                    19593,
                    1996
                ],
                [
                    1715,
                    "F_VCSClass_lvc_i2c_pkglvc_i2c_slave_agent_lvc_i2c_slave_agent3a3abuild_phase",
                    155366098,
                    14689,
                    1548
                ],
                [
                    1735,
                    "F_VCSClass_lvc_i2c_pkglvc_i2c_system_configuration_lvc_i2c_system_configuration3a3a__m_uvm_field_automation",
                    839244200,
                    98366,
                    10090
                ]
            ],
            "child_modules": {},
            "end_perf": [
                14.391161918640137,
                13.490284000000001,
                0.70274899999999996,
                408740,
                408740,
                28876676139890,
                2875367100509148050,
                0
            ],