{
    "reusePaths": {},
    "Modules": {
        "lvc_apb_pkg": {
            "start_perf": [
                9.5032479763031006,
                0.00040499999999999998,
                0.0,
                405740,
                405740,
                1672497634.151679,
                83582936258065
            ],
            "child_modules": {},
            "svclass": [
                "lvc_apb_transfer",
                35761,
                3291,
                11,
                10,
                -2289534922778079590,
                "lvc_apb_config",
                9605,
                812,
                13,
                12,
                -3794867484473458917,
                "lvc_apb_master_monitor",
                29305,
                2943,
                39,
                14,
                -3420781040212146760,
                "lvc_apb_master_monitor::lvc_apb_master_cov_trans",
                0,
                0,
                0,
                0,
                0,
                "lvc_apb_master_agent",
                13513,
                1358,
                11,
                11,
                -6840367973833334160,
                "lvc_apb_slave_monitor",
                26048,
                2377,
                30,
                15,
                9055945120283371241,
                "lvc_apb_slave_monitor::lvc_apb_slave_cov_trans",
                0,
                0,
                0,
                0,
                0,
                "lvc_apb_slave_agent",
                13505,
                1356,
                11,
                11,
                1524002652057370173,
                "lvc_apb_reg_adapter",
                13880,
                1339,
                12,
                12,
                1552519473989812309
            ],
            "end_perf": [
                9.8425500392913818,
                0.27720099999999998,
                0.061829000000000002,
                407864,
                407864,
                83583883997470,
                -5054199165077824807,
                0
            ],
            "nQuads": 4093,
            "nMops": 13808,
            "nRouts": 164
        },
        "std": {
            "start_perf": [
                9.8426949977874756,
                0.27732000000000001,
                0.061855,
                407864,
                407864,
                1672497634.4911261,
                83583884270350
            ],
            "child_modules": {},
            "end_perf": [
                9.8427619934082031,
                0.27737499999999998,
                0.061867999999999999,
                407864,
                407864,
                83583884447861,
                30064771073,
                0
            ],
            "skipped": 1
        },
        "rkv_i2c_if_1146083354_12": {
            "start_perf": [
                9.8428080081939697,
                0.27741300000000002,
                0.061876,
                407864,
                407864,
                1672497634.4912391,
                83583884567129
            ],
            "child_modules": {},
            "end_perf": [
                9.8428468704223633,
                0.277445,
                0.061883000000000001,
                407864,
                407864,
                83583884677280,
                30064771073,
                0
            ],
            "skipped": 1
        }
    },
    "CompUnits": {
        "lvc_apb_pkg_d": {
            "mod": "lvc_apb_pkg",
            "cls": 141617,
            "out": "lvc_apb_pkg_d.o",
            "checksum": 4294967295,
            "bytes": 476376,
            "text": 144842,
            "mode": 4,
            "archive": "archive.0/__vcs_msglog_UF52e_4_archive_1.a"
        }
    },
    "ObjArchives": [
        {
            "archive": "archive.0/__vcs_msglog_UF52e_4_archive_1.a",
            "objects": [
                [
                    "lvc_apb_pkg_d.o",
                    476376
                ]
            ],
            "size": 476376
        }
    ],
    "stat": {
        "ru_self_end": {
            "ru_utime_sec": 0.277445,
            "ru_nvcsw": 0,
            "ru_stime_sec": 0.062413000000000003,
            "ru_maxrss_kb": 164092,
            "ru_majflt": 1,
            "ru_minflt": 5222,
            "ru_nivcsw": 23
        },
        "ru_childs_end": {
            "ru_utime_sec": 0.0,
            "ru_nvcsw": 0,
            "ru_stime_sec": 0.0,
            "ru_maxrss_kb": 0,
            "ru_majflt": 0,
            "ru_minflt": 0,
            "ru_nivcsw": 0
        },
        "cpu_cycles_end": 83583886090780,
        "peak_mem_kb": 407868
    }
}