{
    "stat": {
        "ru_self_end": {
            "ru_utime_sec": 13.112882000000001,
            "ru_stime_sec": 1.3939440000000001,
            "ru_maxrss_kb": 232992,
            "ru_minflt": 127057,
            "ru_majflt": 42,
            "ru_nvcsw": 868,
            "ru_nivcsw": 107
        },
        "ru_childs_end": {
            "ru_utime_sec": 16.550469,
            "ru_stime_sec": 1.3335049999999999,
            "ru_maxrss_kb": 188620,
            "ru_minflt": 74766,
            "ru_majflt": 23,
            "ru_nvcsw": 105,
            "ru_nivcsw": 178
        },
        "peak_mem_kb": 427156,
        "cpu_cycles_end": 47285599701763
    },
    "Modules": {
        "_vcs_msglog": {
            "nQuads": 30,
            "start_perf": [
                14.546250820159912,
                13.012947,
                1.3308119999999999,
                408804,
                427156,
                1672921316.2876279,
                47270533157375
            ],
            "child_modules": {},
            "end_perf": [
                14.551063776016235,
                13.014868,
                1.3337030000000001,
                408804,
                427156,
                47270546667441,
                6505974944744156591,
                0
            ],
            "nRouts": 10,
            "svclass": [
                "rkv_i2c_if_1146083354_12_vcs_virt_intf_C",
                0,
                0,
                0,
                0,
                0,
                "lvc_i2c_if_1146083354_12_vcs_virt_intf_C",
                0,
                0,
                0,
                0,
                0,
                "lvc_apb_if_1146083354_12_vcs_virt_intf_C",
                0,
                0,
                0,
                0,
                0
            ],
            "nMops": 80
        },
        "...MASTER...": {
            "nQuads": 0,
            "start_perf": [
                10.048014879226685,
                8.8781979999999994,
                1.049336,
                405812,
                427156,
                1672921311.789392,
                47257967065750
            ],
            "child_modules": {
                "pc__vcs_msglog": 1,
                "uvm_pkg": 1,
                "vcs_paramclassrepository_UF52ed": 1,
                "std": 1,
                "rkv_i2c_pkg": 1,
                "_vcs_msglog": 1,
                "lvc_apb_pkg": 1,
                "lvc_i2c_pkg": 1
            },
            "end_perf": [
                10.048733949661255,
                8.8788520000000002,
                1.0493999999999999,
                405812,
                427156,
                47257969024258,
                0,
                0
            ],
            "nMops": 0,
            "nRouts": 5
        },
        "lvc_i2c_pkg": {
            "nQuads": 64903,
            "significant_routs": [
                [
                    1572,
                    "F_VCSClass_lvc_i2c_pkglvc_i2c_configuration_lvc_i2c_configuration3a3a__m_uvm_field_automation",
                    3443127150,
                    522828,
                    52736
                ],
                [
                    1576,
                    "F_VCSClass_lvc_i2c_pkglvc_i2c_configuration_lvc_i2c_configuration3a3ais_valid",
                    479065163,
                    97140,
                    8137
                ],
                [
                    1589,
                    "F_VCSClass_lvc_i2c_pkglvc_i2c_agent_configuration_lvc_i2c_agent_configuration3a3a__m_uvm_field_automation",
                    343635273,
                    57268,
                    5637
                ],
                [
                    1599,
                    "F_VCSClass_lvc_i2c_pkglvc_i2c_transaction_lvc_i2c_transaction3a3a__m_uvm_field_automation",
                    1804472565,
                    284095,
                    29330
                ],
                [
                    1665,
                    "F_VCSClass_lvc_i2c_pkglvc_i2c_master_agent_lvc_i2c_master_agent3a3a__m_uvm_field_automation",
                    208232973,
                    19593,
                    1996
                ],
                [
                    1667,
                    "F_VCSClass_lvc_i2c_pkglvc_i2c_master_agent_lvc_i2c_master_agent3a3abuild_phase",
                    162320610,
                    13608,
                    1399
                ],
                [
                    1677,
                    "F_VCSClass_lvc_i2c_pkglvc_i2c_slave_transaction_lvc_i2c_slave_transaction3a3ais_valid",
                    178989347,
                    20499,
                    1848
                ],
                [
                    1713,
                    "F_VCSClass_lvc_i2c_pkglvc_i2c_slave_agent_lvc_i2c_slave_agent3a3a__m_uvm_field_automation",
                    230032840,
                    19593,
                    1996
                ],
                [
                    1715,
                    "F_VCSClass_lvc_i2c_pkglvc_i2c_slave_agent_lvc_i2c_slave_agent3a3abuild_phase",
                    195550063,
                    14689,
                    1548
                ],
                [
                    1735,
                    "F_VCSClass_lvc_i2c_pkglvc_i2c_system_configuration_lvc_i2c_system_configuration3a3a__m_uvm_field_automation",
                    789177597,
                    98366,
                    10090
                ]
            ],
            "start_perf": [
                10.0587477684021,
                8.8788520000000002,
                1.0594129999999999,
                405812,
                427156,
                1672921311.8001249,
                47257997205844
            ],
            "child_modules": {},
            "end_perf": [
                14.546051979064941,
                13.012765,
                1.330794,
                408804,
                427156,
                47270532524094,
                2875367100509148050,
                0
            ],
            "nRouts": 1867,