{
    "reusePaths": {},
    "Modules": {
        "...MASTER...": {
            "start_perf": [
                12.785001039505005,
                12.110768,
                0.57883399999999996,
                405736,
                405768,
                1672491046.369339,
                65179663118729
            ],
            "nRouts": 5,
            "child_modules": {
                "uvm_pkg": 1,
                "std": 1,
                "pc__vcs_msglog": 1,
                "lvc_i2c_pkg": 1,
                "rkv_i2c_pkg": 1,
                "lvc_apb_pkg": 1,
                "_vcs_msglog": 1,
                "vcs_paramclassrepository_UF52ed": 1
            },
            "end_perf": [
                12.793936014175415,
                12.111511999999999,
                0.58695900000000001,
                405736,
                405768,
                65179688288209,
                0,
                0
            ],
            "nQuads": 0,
            "nMops": 0
        },
        "lvc_i2c_pkg": {
            "start_perf": [
                12.807212114334106,
                12.111616,
                0.60013799999999995,
                405736,
                405768,
                1672491046.3915501,
                65179725209390
            ],
            "nRouts": 1867,
            "child_modules": {},
            "end_perf": [
                19.774630069732666,
                18.733886999999999,
                0.92630699999999999,
                408708,
                408708,
                65199188945127,
                2875367100509148050,
                0
            ],
            "significant_routs": [
                [
                    1572,
                    "F_VCSClass_lvc_i2c_pkglvc_i2c_configuration_lvc_i2c_configuration3a3a__m_uvm_field_automation",
                    6161692845,
                    522828,
                    52736
                ],
                [
                    1576,
                    "F_VCSClass_lvc_i2c_pkglvc_i2c_configuration_lvc_i2c_configuration3a3ais_valid",
                    593314355,
                    97140,
                    8137
                ],
                [
                    1589,
                    "F_VCSClass_lvc_i2c_pkglvc_i2c_agent_configuration_lvc_i2c_agent_configuration3a3a__m_uvm_field_automation",
                    458855740,
                    57268,
                    5637
                ],
                [
                    1599,
                    "F_VCSClass_lvc_i2c_pkglvc_i2c_transaction_lvc_i2c_transaction3a3a__m_uvm_field_automation",
                    2612115632,
                    284095,
                    29330
                ],
                [
                    1602,
                    "F_VCSClass_lvc_i2c_pkglvc_i2c_transaction_lvc_i2c_transaction3a3ais_valid",
                    198755854,
                    31701,
                    2685
                ],
                [
                    1620,
                    "F_VCSClass_lvc_i2c_pkglvc_i2c_master_transaction_lvc_i2c_master_transaction3a3ais_valid",
                    205334013,
                    31806,
                    2648
                ],
                [
                    1665,
                    "F_VCSClass_lvc_i2c_pkglvc_i2c_master_agent_lvc_i2c_master_agent3a3a__m_uvm_field_automation",
                    334594040,
                    19593,
                    1996
                ],
                [
                    1667,
                    "F_VCSClass_lvc_i2c_pkglvc_i2c_master_agent_lvc_i2c_master_agent3a3abuild_phase",
                    246815452,
                    13608,
                    1399
                ],
                [
                    1677,
                    "F_VCSClass_lvc_i2c_pkglvc_i2c_slave_transaction_lvc_i2c_slave_transaction3a3ais_valid",
                    267300063,
                    20499,
                    1848
                ],
                [
                    1713,
                    "F_VCSClass_lvc_i2c_pkglvc_i2c_slave_agent_lvc_i2c_slave_agent3a3a__m_uvm_field_automation",
                    289754541,
                    19593,
                    1996
                ],
                [
                    1715,
                    "F_VCSClass_lvc_i2c_pkglvc_i2c_slave_agent_lvc_i2c_slave_agent3a3abuild_phase",
                    237438949,
                    14689,
                    1548
                ],
                [
                    1735,
                    "F_VCSClass_lvc_i2c_pkglvc_i2c_system_configuration_lvc_i2c_system_configuration3a3a__m_uvm_field_automation",
                    1366299760,
                    98366,
                    10090
                ]
            ],
            "nQuads": 64903,