{
    "Modules": {
        "lvc_apb_pkg": {
            "end_perf": [
                9.9211468696594238,
                0.257382,
                0.079351000000000005,
                407832,
                407832,
                82816364099187,
                -5054199165077824807,
                0
            ],
            "start_perf": [
                9.584406852722168,
                0.0,
                0.00050600000000000005,
                405736,
                405736,
                1672497359.4067099,
                82815423556267
            ],
            "child_modules": {},
            "nQuads": 4093,
            "svclass": [
                "lvc_apb_transfer",
                35761,
                3291,
                11,
                10,
                -2289534922778079590,
                "lvc_apb_config",
                9605,
                812,
                13,
                12,
                -3794867484473458917,
                "lvc_apb_master_monitor",
                29305,
                2943,
                39,
                14,
                -3420781040212146760,
                "lvc_apb_master_monitor::lvc_apb_master_cov_trans",
                0,
                0,
                0,
                0,
                0,
                "lvc_apb_master_agent",
                13513,
                1358,
                11,
                11,
                -6840367973833334160,
                "lvc_apb_slave_monitor",
                26048,
                2377,
                30,
                15,
                9055945120283371241,
                "lvc_apb_slave_monitor::lvc_apb_slave_cov_trans",
                0,
                0,
                0,
                0,
                0,
                "lvc_apb_slave_agent",
                13505,
                1356,
                11,
                11,
                1524002652057370173,
                "lvc_apb_reg_adapter",
                13880,
                1339,
                12,
                12,
                1552519473989812309
            ],
            "nMops": 13808,
            "nRouts": 164
        },
        "std": {
            "end_perf": [
                9.9213600158691406,
                0.257546,
                0.079400999999999999,
                407832,
                407832,
                82816364591145,
                30064771073,
                0
            ],
            "start_perf": [
                9.9212830066680908,
                0.25748700000000002,
                0.079382999999999995,
                407832,
                407832,
                1672497359.7435861,
                82816364390423
            ],
            "child_modules": {},
            "skipped": 1
        },
        "rkv_i2c_if_1146083354_12": {
            "end_perf": [
                9.9214529991149902,
                0.25761800000000001,
                0.079422999999999994,
                407832,
                407832,
                82816364835357,
                30064771073,
                0
            ],
            "start_perf": [
                9.9214098453521729,
                0.25758500000000001,
                0.079412999999999997,
                407832,
                407832,
                1672497359.7437129,
                82816364723965
            ],
            "child_modules": {},
            "skipped": 1
        }
    },
    "CompUnits": {
        "lvc_apb_pkg_d": {
            "mod": "lvc_apb_pkg",
            "mode": 4,
            "out": "lvc_apb_pkg_d.o",
            "checksum": 4294967295,
            "cls": 141617,
            "bytes": 476376,
            "text": 144842,
            "archive": "archive.0/__vcs_msglog_UF52e_4_archive_1.a"
        }
    },
    "reusePaths": {},
    "ObjArchives": [
        {
            "archive": "archive.0/__vcs_msglog_UF52e_4_archive_1.a",
            "size": 476376,
            "objects": [
                [
                    "lvc_apb_pkg_d.o",
                    476376
                ]
            ]
        }
    ],
    "stat": {
        "ru_self_end": {
            "ru_nvcsw": 0,
            "ru_utime_sec": 0.25761800000000001,
            "ru_maxrss_kb": 164060,
            "ru_stime_sec": 0.079932000000000003,
            "ru_minflt": 5226,
            "ru_majflt": 0,
            "ru_nivcsw": 23
        },
        "ru_childs_end": {
            "ru_nvcsw": 0,
            "ru_utime_sec": 0.0,
            "ru_maxrss_kb": 0,
            "ru_stime_sec": 0.0,
            "ru_minflt": 0,
            "ru_majflt": 0,
            "ru_nivcsw": 0
        },
        "cpu_cycles_end": 82816366223709,
        "peak_mem_kb": 407836
    }
}