{
    "ObjArchives": [
        {
            "archive": "archive.0/__vcs_msglog_UF52e_4_archive_1.a",
            "objects": [
                [
                    "lvc_apb_pkg_d.o",
                    476376
                ]
            ],
            "size": 476376
        }
    ],
    "Modules": {
        "lvc_apb_pkg": {
            "start_perf": [
                12.398560047149658,
                0.0,
                0.00050699999999999996,
                405728,
                405728,
                1672492546.138392,
                69369337138209
            ],
            "nRouts": 164,
            "nQuads": 4093,
            "svclass": [
                "lvc_apb_transfer",
                35761,
                3291,
                11,
                10,
                -2289534922778079590,
                "lvc_apb_config",
                9605,
                812,
                13,
                12,
                -3794867484473458917,
                "lvc_apb_master_monitor",
                29305,
                2943,
                39,
                14,
                -3420781040212146760,
                "lvc_apb_master_monitor::lvc_apb_master_cov_trans",
                0,
                0,
                0,
                0,
                0,
                "lvc_apb_master_agent",
                13513,
                1358,
                11,
                11,
                -6840367973833334160,
                "lvc_apb_slave_monitor",
                26048,
                2377,
                30,
                15,
                9055945120283371241,
                "lvc_apb_slave_monitor::lvc_apb_slave_cov_trans",
                0,
                0,
                0,
                0,
                0,
                "lvc_apb_slave_agent",
                13505,
                1356,
                11,
                11,
                1524002652057370173,
                "lvc_apb_reg_adapter",
                13880,
                1339,
                12,
                12,
                1552519473989812309
            ],
            "child_modules": {},
            "significant_routs": [
                [
                    64,
                    "F_VCSClass_lvc_apb_pkglvc_apb_master_monitor_lvc_apb_master_monitor3a3a__m_uvm_field_automation",
                    248441076,
                    13292,
                    1396
                ],
                [
                    88,
                    "F_VCSClass_lvc_apb_pkglvc_apb_slave_monitor_lvc_apb_slave_monitor3a3a__m_uvm_field_automation",
                    339154753,
                    13292,
                    1396
                ]
            ],
            "end_perf": [
                13.047221183776855,
                0.45807900000000001,
                0.069875999999999994,
                407824,
                407824,
                69371149074867,
                -5054199165077824807,
                0
            ],
            "nMops": 13808
        },
        "std": {
            "start_perf": [
                13.047391176223755,
                0.45822800000000002,
                0.069899000000000003,
                407824,
                407824,
                1672492546.7872231,
                69371149372678
            ],
            "child_modules": {},
            "end_perf": [
                13.04746413230896,
                0.45829300000000001,
                0.069908999999999999,
                407824,
                407824,
                69371149613720,
                30064771073,
                0
            ],
            "skipped": 1
        },
        "rkv_i2c_if_1146083354_12": {
            "start_perf": [
                13.047533988952637,
                0.45835399999999998,
                0.069917999999999994,
                407824,
                407824,
                1672492546.7873659,
                69371149743077
            ],
            "child_modules": {},
            "end_perf": [
                13.047576189041138,
                0.45839099999999999,
                0.069924,
                407824,
                407824,
                69371149893787,
                30064771073,
                0
            ],
            "skipped": 1
        }
    },
    "CompUnits": {
        "lvc_apb_pkg_d": {
            "mod": "lvc_apb_pkg",
            "out": "lvc_apb_pkg_d.o",
            "bytes": 476376,
            "checksum": 4294967295,
            "text": 144842,
            "cls": 141617,
            "archive": "archive.0/__vcs_msglog_UF52e_4_archive_1.a",
            "mode": 4
        }
    },
    "reusePaths": {},
    "stat": {
        "cpu_cycles_end": 69371151360366,
        "ru_self_end": {
            "ru_utime_sec": 0.458949,
            "ru_stime_sec": 0.069924,
            "ru_nvcsw": 0,
            "ru_maxrss_kb": 164044,
            "ru_minflt": 5243,
            "ru_majflt": 0,
            "ru_nivcsw": 26
        },
        "ru_childs_end": {
            "ru_utime_sec": 0.0,
            "ru_stime_sec": 0.0,
            "ru_nvcsw": 0,
            "ru_maxrss_kb": 0,
            "ru_minflt": 0,
            "ru_majflt": 0,
            "ru_nivcsw": 0
        },
        "peak_mem_kb": 407828
    }
}