{
    "CompUnits": {
        "lvc_i2c_pkg_d": {
            "mod": "lvc_i2c_pkg",
            "archive": "archive.0/__vcs_msglog_UF52e_1_archive_1.a",
            "bytes": 4670738,
            "out": "lvc_i2c_pkg_d.o",
            "text": 2064699,
            "cls": 2049619,
            "checksum": 4294967295,
            "mode": 4
        },
        "_vcs_msglog_d": {
            "mod": "_vcs_msglog",
            "archive": "archive.0/__vcs_msglog_UF52e_1_archive_1.a",
            "bytes": 45780,
            "out": "_vcs_msglog_d.o",
            "text": 735,
            "checksum": 4294967295,
            "mode": 4
        }
    },
    "Modules": {
        "...MASTER...": {
            "start_perf": [
                9.8402500152587891,
                8.1147240000000007,
                1.2659850000000001,
                405736,
                405768,
                1672731620.6918991,
                15163133761736
            ],
            "nMops": 0,
            "nQuads": 0,
            "child_modules": {
                "vcs_paramclassrepository_UF52ed": 1,
                "lvc_apb_pkg": 1,
                "_vcs_msglog": 1,
                "uvm_pkg": 1,
                "pc__vcs_msglog": 1,
                "std": 1,
                "rkv_i2c_pkg": 1,
                "lvc_i2c_pkg": 1
            },
            "end_perf": [
                9.841433048248291,
                8.1158830000000002,
                1.2660089999999999,
                405736,
                405768,
                15163137038909,
                0,
                0
            ],
            "nRouts": 5
        },
        "lvc_i2c_pkg": {
            "start_perf": [
                9.8524060249328613,
                8.1158830000000002,
                1.27698,
                405736,
                405768,
                1672731620.7040551,
                15163167850366
            ],
            "nMops": 217881,
            "nQuads": 64903,
            "significant_routs": [
                [
                    1572,
                    "F_VCSClass_lvc_i2c_pkglvc_i2c_configuration_lvc_i2c_configuration3a3a__m_uvm_field_automation",
                    3607447181,
                    522828,
                    52736
                ],
                [
                    1576,
                    "F_VCSClass_lvc_i2c_pkglvc_i2c_configuration_lvc_i2c_configuration3a3ais_valid",
                    455461119,
                    97140,
                    8137
                ],
                [
                    1589,
                    "F_VCSClass_lvc_i2c_pkglvc_i2c_agent_configuration_lvc_i2c_agent_configuration3a3a__m_uvm_field_automation",
                    234988272,
                    57268,
                    5637
                ],
                [
                    1599,
                    "F_VCSClass_lvc_i2c_pkglvc_i2c_transaction_lvc_i2c_transaction3a3a__m_uvm_field_automation",
                    1725063680,
                    284095,
                    29330
                ],
                [
                    1620,
                    "F_VCSClass_lvc_i2c_pkglvc_i2c_master_transaction_lvc_i2c_master_transaction3a3ais_valid",
                    140301523,
                    31806,
                    2648
                ],
                [
                    1634,
                    "F_VCSClass_lvc_i2c_pkglvc_i2c_master_monitor_lvc_i2c_master_monitor3a3a__m_uvm_field_automation",
                    173513946,
                    13292,
                    1396
                ],
                [
                    1665,
                    "F_VCSClass_lvc_i2c_pkglvc_i2c_master_agent_lvc_i2c_master_agent3a3a__m_uvm_field_automation",
                    261083887,
                    19593,
                    1996
                ],
                [
                    1667,
                    "F_VCSClass_lvc_i2c_pkglvc_i2c_master_agent_lvc_i2c_master_agent3a3abuild_phase",
                    183526832,
                    13608,
                    1399
                ],
                [
                    1677,
                    "F_VCSClass_lvc_i2c_pkglvc_i2c_slave_transaction_lvc_i2c_slave_transaction3a3ais_valid",
                    150653733,
                    20499,
                    1848
                ],
                [
                    1713,
                    "F_VCSClass_lvc_i2c_pkglvc_i2c_slave_agent_lvc_i2c_slave_agent3a3a__m_uvm_field_automation",
                    251129266,
                    19593,
                    1996
                ],
                [
                    1715,
                    "F_VCSClass_lvc_i2c_pkglvc_i2c_slave_agent_lvc_i2c_slave_agent3a3abuild_phase",
                    218179203,
                    14689,
                    1548
                ],
                [
                    1735,
                    "F_VCSClass_lvc_i2c_pkglvc_i2c_system_configuration_lvc_i2c_system_configuration3a3a__m_uvm_field_automation",
                    746829561,
                    98366,
                    10090
                ]
            ],
            "child_modules": {},
            "end_perf": [
                14.536319971084595,
                12.498288000000001,
                1.5071699999999999,
                408708,
                408708,
                15176252538973,
                2875367100509148050,
                0
            ],