{
    "Modules": {
        "...MASTER...": {
            "start_perf": [
                14.096563816070557,
                13.382555,
                0.598491,
                405740,
                405772,
                1672490216.0933249,
                62860248710987
            ],
            "nMops": 0,
            "child_modules": {
                "vcs_paramclassrepository_UF52ed": 1,
                "uvm_pkg": 1,
                "rkv_i2c_pkg": 1,
                "pc__vcs_msglog": 1,
                "std": 1,
                "_vcs_msglog": 1,
                "lvc_i2c_pkg": 1,
                "lvc_apb_pkg": 1
            },
            "end_perf": [
                14.09722900390625,
                13.38322,
                0.598491,
                405740,
                405772,
                62860250578853,
                0,
                0
            ],
            "nRouts": 5,
            "nQuads": 0
        },
        "lvc_i2c_pkg": {
            "significant_routs": [
                [
                    1572,
                    "F_VCSClass_lvc_i2c_pkglvc_i2c_configuration_lvc_i2c_configuration3a3a__m_uvm_field_automation",
                    8318383123,
                    522828,
                    52736
                ],
                [
                    1576,
                    "F_VCSClass_lvc_i2c_pkglvc_i2c_configuration_lvc_i2c_configuration3a3ais_valid",
                    747409367,
                    97140,
                    8137
                ],
                [
                    1589,
                    "F_VCSClass_lvc_i2c_pkglvc_i2c_agent_configuration_lvc_i2c_agent_configuration3a3a__m_uvm_field_automation",
                    920272553,
                    57268,
                    5637
                ],
                [
                    1599,
                    "F_VCSClass_lvc_i2c_pkglvc_i2c_transaction_lvc_i2c_transaction3a3a__m_uvm_field_automation",
                    3098746247,
                    284095,
                    29330
                ],
                [
                    1602,
                    "F_VCSClass_lvc_i2c_pkglvc_i2c_transaction_lvc_i2c_transaction3a3ais_valid",
                    280910415,
                    31701,
                    2685
                ],
                [
                    1620,
                    "F_VCSClass_lvc_i2c_pkglvc_i2c_master_transaction_lvc_i2c_master_transaction3a3ais_valid",
                    364218360,
                    31806,
                    2648
                ],
                [
                    1665,
                    "F_VCSClass_lvc_i2c_pkglvc_i2c_master_agent_lvc_i2c_master_agent3a3a__m_uvm_field_automation",
                    492743688,
                    19593,
                    1996
                ],
                [
                    1667,
                    "F_VCSClass_lvc_i2c_pkglvc_i2c_master_agent_lvc_i2c_master_agent3a3abuild_phase",
                    304303204,
                    13608,
                    1399
                ],
                [
                    1677,
                    "F_VCSClass_lvc_i2c_pkglvc_i2c_slave_transaction_lvc_i2c_slave_transaction3a3ais_valid",
                    556079970,
                    20499,
                    1848
                ],
                [
                    1713,
                    "F_VCSClass_lvc_i2c_pkglvc_i2c_slave_agent_lvc_i2c_slave_agent3a3a__m_uvm_field_automation",
                    503646299,
                    19593,
                    1996
                ],
                [
                    1715,
                    "F_VCSClass_lvc_i2c_pkglvc_i2c_slave_agent_lvc_i2c_slave_agent3a3abuild_phase",
                    377448242,
                    14689,
                    1548
                ],
                [
                    1735,
                    "F_VCSClass_lvc_i2c_pkglvc_i2c_system_configuration_lvc_i2c_system_configuration3a3a__m_uvm_field_automation",
                    1528650886,
                    98366,
                    10090
                ],
                [
                    1742,
                    "F_VCSClass_lvc_i2c_pkglvc_i2c_system_env_lvc_i2c_system_env3a3a__m_uvm_field_automation",
                    196942059,
                    11516,
                    1200
                ]
            ],
            "start_perf": [
                14.109808921813965,
                13.38322,
                0.61102199999999995,
                405740,
                405772,
                1672490216.10657,
                62860285929640
            ],
            "nMops": 217881,
            "child_modules": {},
            "end_perf": [
                22.899329900741577,
                21.773188999999999,
                0.90638399999999997,
                408712,
                408712,
                62884840234013,
                2875367100509148050,
                0
            ],