{
    "Modules": {
        "lvc_apb_pkg": {
            "svclass": [
                "lvc_apb_transfer",
                35761,
                3291,
                11,
                10,
                -2289534922778079590,
                "lvc_apb_config",
                9605,
                812,
                13,
                12,
                -3794867484473458917,
                "lvc_apb_master_monitor",
                29305,
                2943,
                39,
                14,
                -3420781040212146760,
                "lvc_apb_master_monitor::lvc_apb_master_cov_trans",
                0,
                0,
                0,
                0,
                0,
                "lvc_apb_master_agent",
                13513,
                1358,
                11,
                11,
                -6840367973833334160,
                "lvc_apb_slave_monitor",
                26048,
                2377,
                30,
                15,
                9055945120283371241,
                "lvc_apb_slave_monitor::lvc_apb_slave_cov_trans",
                0,
                0,
                0,
                0,
                0,
                "lvc_apb_slave_agent",
                13505,
                1356,
                11,
                11,
                1524002652057370173,
                "lvc_apb_reg_adapter",
                13880,
                1339,
                12,
                12,
                1552519473989812309
            ],
            "start_perf": [
                9.6841909885406494,
                0.00045300000000000001,
                0.0,
                405736,
                405736,
                1672757377.075815,
                87114777333962
            ],
            "child_modules": {},
            "nRouts": 164,
            "end_perf": [
                10.014384031295776,
                0.291935,
                0.038518999999999998,
                407832,
                407832,
                87115699609312,
                -5054199165077824807,
                0
            ],
            "nQuads": 4093,
            "nMops": 13808
        },
        "std": {
            "start_perf": [
                10.014517068862915,
                0.29205399999999998,
                0.038533999999999999,
                407832,
                407832,
                1672757377.406141,
                87115699900264
            ],
            "child_modules": {},
            "end_perf": [
                10.014593124389648,
                0.29211999999999999,
                0.038543000000000001,
                407832,
                407832,
                87115700094009,
                30064771073,
                0
            ],
            "skipped": 1
        },
        "rkv_i2c_if_1146083354_12": {
            "start_perf": [
                10.014643907546997,
                0.29216599999999998,
                0.038549,
                407832,
                407832,
                1672757377.4062679,
                87115700221304
            ],
            "child_modules": {},
            "end_perf": [
                10.014683961868286,
                0.29220200000000002,
                0.038553999999999998,
                407832,
                407832,
                87115700329278,
                30064771073,
                0
            ],
            "skipped": 1
        }
    },
    "CompUnits": {
        "lvc_apb_pkg_d": {
            "cls": 141617,
            "mod": "lvc_apb_pkg",
            "bytes": 476376,
            "out": "lvc_apb_pkg_d.o",
            "checksum": 4294967295,
            "text": 144842,
            "mode": 4,
            "archive": "archive.0/__vcs_msglog_UF52e_4_archive_1.a"
        }
    },
    "reusePaths": {},
    "ObjArchives": [
        {
            "objects": [
                [
                    "lvc_apb_pkg_d.o",
                    476376
                ]
            ],
            "archive": "archive.0/__vcs_msglog_UF52e_4_archive_1.a",
            "size": 476376
        }
    ],
    "stat": {
        "cpu_cycles_end": 87115701686140,
        "ru_self_end": {
            "ru_utime_sec": 0.29265099999999999,
            "ru_stime_sec": 0.038613000000000001,
            "ru_maxrss_kb": 164088,
            "ru_nivcsw": 26,
            "ru_majflt": 1,
            "ru_minflt": 5236,
            "ru_nvcsw": 0
        },
        "ru_childs_end": {
            "ru_utime_sec": 0.0,
            "ru_stime_sec": 0.0,
            "ru_maxrss_kb": 0,
            "ru_nivcsw": 0,
            "ru_majflt": 0,
            "ru_minflt": 0,
            "ru_nvcsw": 0
        },
        "peak_mem_kb": 407836
    }
}