{
    "Modules": {
        "...MASTER...": {
            "child_modules": {
                "vcs_paramclassrepository_UF52ed": 1,
                "rkv_i2c_pkg": 1,
                "pc__vcs_msglog": 1,
                "uvm_pkg": 1,
                "std": 1,
                "_vcs_msglog": 1,
                "lvc_apb_pkg": 1,
                "lvc_i2c_pkg": 1
            },
            "start_perf": [
                9.744290828704834,
                9.2368579999999998,
                0.42433599999999999,
                405808,
                405840,
                1672494407.4163189,
                74568902342667
            ],
            "nMops": 0,
            "end_perf": [
                9.7449989318847656,
                9.2368579999999998,
                0.42504399999999998,
                405808,
                405840,
                74568904316071,
                0,
                0
            ],
            "nRouts": 5,
            "nQuads": 0
        },
        "lvc_i2c_pkg": {
            "child_modules": {},
            "start_perf": [
                9.7525670528411865,
                9.2368579999999998,
                0.43256499999999998,
                405808,
                405840,
                1672494407.4245951,
                74568925645302
            ],
            "significant_routs": [
                [
                    1572,
                    "F_VCSClass_lvc_i2c_pkglvc_i2c_configuration_lvc_i2c_configuration3a3a__m_uvm_field_automation",
                    3538071573,
                    522828,
                    52736
                ],
                [
                    1576,
                    "F_VCSClass_lvc_i2c_pkglvc_i2c_configuration_lvc_i2c_configuration3a3ais_valid",
                    392047699,
                    97140,
                    8137
                ],
                [
                    1589,
                    "F_VCSClass_lvc_i2c_pkglvc_i2c_agent_configuration_lvc_i2c_agent_configuration3a3a__m_uvm_field_automation",
                    272859738,
                    57268,
                    5637
                ],
                [
                    1599,
                    "F_VCSClass_lvc_i2c_pkglvc_i2c_transaction_lvc_i2c_transaction3a3a__m_uvm_field_automation",
                    1800092001,
                    284095,
                    29330
                ],
                [
                    1634,
                    "F_VCSClass_lvc_i2c_pkglvc_i2c_master_monitor_lvc_i2c_master_monitor3a3a__m_uvm_field_automation",
                    169416015,
                    13292,
                    1396
                ],
                [
                    1665,
                    "F_VCSClass_lvc_i2c_pkglvc_i2c_master_agent_lvc_i2c_master_agent3a3a__m_uvm_field_automation",
                    202996429,
                    19593,
                    1996
                ],
                [
                    1677,
                    "F_VCSClass_lvc_i2c_pkglvc_i2c_slave_transaction_lvc_i2c_slave_transaction3a3ais_valid",
                    139579302,
                    20499,
                    1848
                ],
                [
                    1691,
                    "F_VCSClass_lvc_i2c_pkglvc_i2c_slave_monitor_lvc_i2c_slave_monitor3a3a__m_uvm_field_automation",
                    160745663,
                    13292,
                    1396
                ],
                [
                    1713,
                    "F_VCSClass_lvc_i2c_pkglvc_i2c_slave_agent_lvc_i2c_slave_agent3a3a__m_uvm_field_automation",
                    214600766,
                    19593,
                    1996
                ],
                [
                    1715,
                    "F_VCSClass_lvc_i2c_pkglvc_i2c_slave_agent_lvc_i2c_slave_agent3a3abuild_phase",
                    159864065,
                    14689,
                    1548
                ],
                [
                    1735,
                    "F_VCSClass_lvc_i2c_pkglvc_i2c_system_configuration_lvc_i2c_system_configuration3a3a__m_uvm_field_automation",
                    836767074,
                    98366,
                    10090
                ],
                [
                    1742,
                    "F_VCSClass_lvc_i2c_pkglvc_i2c_system_env_lvc_i2c_system_env3a3a__m_uvm_field_automation",
                    163263971,
                    11516,
                    1200
                ]
            ],
            "nMops": 217881,
            "end_perf": [
                14.208781957626343,
                13.439489999999999,
                0.63691399999999998,
                408716,
                408716,
                74581374226229,
                2875367100509148050,
                0
            ],