{
    "Modules": {
        "lvc_apb_pkg": {
            "start_perf": [
                9.3961009979248047,
                0.00039500000000000001,
                0.0,
                405896,
                405896,
                1672921648.250679,
                48197883282987
            ],
            "svclass": [
                "lvc_apb_transfer",
                35761,
                3291,
                11,
                10,
                -2289534922778079590,
                "lvc_apb_config",
                9605,
                812,
                13,
                12,
                -3794867484473458917,
                "lvc_apb_master_monitor",
                29305,
                2943,
                39,
                14,
                -3420781040212146760,
                "lvc_apb_master_monitor::lvc_apb_master_cov_trans",
                0,
                0,
                0,
                0,
                0,
                "lvc_apb_master_agent",
                13513,
                1358,
                11,
                11,
                -6840367973833334160,
                "lvc_apb_slave_monitor",
                26048,
                2377,
                30,
                15,
                9055945120283371241,
                "lvc_apb_slave_monitor::lvc_apb_slave_cov_trans",
                0,
                0,
                0,
                0,
                0,
                "lvc_apb_slave_agent",
                13505,
                1356,
                11,
                11,
                1524002652057370173,
                "lvc_apb_reg_adapter",
                13880,
                1339,
                12,
                12,
                1552519473989812309
            ],
            "child_modules": {},
            "nMops": 13808,
            "end_perf": [
                9.7655189037322998,
                0.256795,
                0.044136000000000002,
                408008,
                408008,
                48198915151926,
                -5054199165077824807,
                0
            ],
            "nRouts": 164,
            "nQuads": 4093
        },
        "std": {
            "start_perf": [
                9.7656540870666504,
                0.25691199999999997,
                0.044156000000000001,
                408008,
                408008,
                1672921648.6202321,
                48198915411703
            ],
            "skipped": 1,
            "child_modules": {},
            "end_perf": [
                9.7657210826873779,
                0.256969,
                0.044165999999999997,
                408008,
                408008,
                48198915587246,
                30064771073,
                0
            ]
        },
        "rkv_i2c_if_1146083354_12": {
            "start_perf": [
                9.7657680511474609,
                0.25700899999999999,
                0.044172999999999997,
                408008,
                408008,
                1672921648.6203461,
                48198915716337
            ],
            "skipped": 1,
            "child_modules": {},
            "end_perf": [
                9.7658090591430664,
                0.25704399999999999,
                0.044179000000000003,
                408008,
                408008,
                48198915823406,
                30064771073,
                0
            ]
        }
    },
    "CompUnits": {
        "lvc_apb_pkg_d": {
            "checksum": 4294967295,
            "mode": 4,
            "mod": "lvc_apb_pkg",
            "out": "lvc_apb_pkg_d.o",
            "bytes": 476384,
            "text": 144842,
            "cls": 141617,
            "archive": "archive.0/__vcs_msglog_UF52e_4_archive_1.a"
        }
    },
    "ObjArchives": [
        {
            "objects": [
                [
                    "lvc_apb_pkg_d.o",
                    476384
                ]
            ],
            "archive": "archive.0/__vcs_msglog_UF52e_4_archive_1.a",
            "size": 476384
        }
    ],
    "reusePaths": {},
    "stat": {
        "ru_self_end": {
            "ru_nivcsw": 17,
            "ru_utime_sec": 0.25704399999999999,
            "ru_nvcsw": 11,
            "ru_stime_sec": 0.044678000000000002,
            "ru_maxrss_kb": 165972,
            "ru_minflt": 5224,
            "ru_majflt": 0
        },
        "ru_childs_end": {
            "ru_nivcsw": 0,
            "ru_utime_sec": 0.0,
            "ru_nvcsw": 0,
            "ru_stime_sec": 0.0,
            "ru_maxrss_kb": 0,
            "ru_minflt": 0,
            "ru_majflt": 0
        },
        "cpu_cycles_end": 48198917150566,
        "peak_mem_kb": 408012
    }
}