{
    "Modules": {
        "lvc_apb_pkg": {
            "nMops": 13808,
            "start_perf": [
                9.472445011138916,
                0.00045600000000000003,
                0.0,
                405760,
                405760,
                1672821110.5025251,
                30757196719229
            ],
            "svclass": [
                "lvc_apb_transfer",
                35761,
                3291,
                11,
                10,
                -2289534922778079590,
                "lvc_apb_config",
                9605,
                812,
                13,
                12,
                -3794867484473458917,
                "lvc_apb_master_monitor",
                29305,
                2943,
                39,
                14,
                -3420781040212146760,
                "lvc_apb_master_monitor::lvc_apb_master_cov_trans",
                0,
                0,
                0,
                0,
                0,
                "lvc_apb_master_agent",
                13513,
                1358,
                11,
                11,
                -6840367973833334160,
                "lvc_apb_slave_monitor",
                26048,
                2377,
                30,
                15,
                9055945120283371241,
                "lvc_apb_slave_monitor::lvc_apb_slave_cov_trans",
                0,
                0,
                0,
                0,
                0,
                "lvc_apb_slave_agent",
                13505,
                1356,
                11,
                11,
                1524002652057370173,
                "lvc_apb_reg_adapter",
                13880,
                1339,
                12,
                12,
                1552519473989812309
            ],
            "child_modules": {},
            "significant_routs": [
                [
                    64,
                    "F_VCSClass_lvc_apb_pkglvc_apb_master_monitor_lvc_apb_master_monitor3a3a__m_uvm_field_automation",
                    145065914,
                    13292,
                    1396
                ],
                [
                    88,
                    "F_VCSClass_lvc_apb_pkglvc_apb_slave_monitor_lvc_apb_slave_monitor3a3a__m_uvm_field_automation",
                    151944475,
                    13292,
                    1396
                ]
            ],
            "end_perf": [
                9.841498851776123,
                0.27119599999999999,
                0.033774999999999999,
                407988,
                407988,
                30758227513694,
                -5054199165077824807,
                0
            ],
            "nRouts": 164,
            "nQuads": 4093
        },
        "std": {
            "start_perf": [
                9.8416409492492676,
                0.27132400000000001,
                0.033791000000000002,
                407988,
                407988,
                1672821110.871721,
                30758227843592
            ],
            "child_modules": {},
            "end_perf": [
                9.8417580127716064,
                0.27142699999999997,
                0.033804000000000001,
                407988,
                407988,
                30758228159571,
                30064771073,
                0
            ],
            "skipped": 1
        },
        "rkv_i2c_if_1146083354_12": {
            "start_perf": [
                9.8418188095092773,
                0.27148299999999997,
                0.033811000000000001,
                407988,
                407988,
                1672821110.8718989,
                30758228294955
            ],
            "child_modules": {},
            "end_perf": [
                9.8418619632720947,
                0.27152199999999999,
                0.033814999999999998,
                407988,
                407988,
                30758228412434,
                30064771073,
                0
            ],
            "skipped": 1
        }
    },
    "ObjArchives": [
        {
            "size": 476384,
            "archive": "archive.0/__vcs_msglog_UF52e_4_archive_1.a",
            "objects": [
                [
                    "lvc_apb_pkg_d.o",
                    476384
                ]
            ]
        }
    ],
    "CompUnits": {
        "lvc_apb_pkg_d": {
            "mod": "lvc_apb_pkg",
            "mode": 4,
            "out": "lvc_apb_pkg_d.o",
            "cls": 141617,
            "bytes": 476384,
            "archive": "archive.0/__vcs_msglog_UF52e_4_archive_1.a",
            "checksum": 4294967295,
            "text": 144842
        }
    },
    "reusePaths": {},
    "stat": {
        "ru_self_end": {
            "ru_utime_sec": 0.27186500000000002,
            "ru_nivcsw": 21,
            "ru_stime_sec": 0.033857999999999999,
            "ru_maxrss_kb": 164632,
            "ru_minflt": 5217,
            "ru_majflt": 1,
            "ru_nvcsw": 1
        },
        "cpu_cycles_end": 30758229424732,
        "ru_childs_end": {
            "ru_utime_sec": 0.0,
            "ru_nivcsw": 0,
            "ru_stime_sec": 0.0,
            "ru_maxrss_kb": 0,
            "ru_minflt": 0,
            "ru_majflt": 0,
            "ru_nvcsw": 0
        },
        "peak_mem_kb": 407992
    }
}