{
    "Modules": {
        "...MASTER...": {
            "nMops": 0,
            "start_perf": [
                9.3161349296569824,
                8.8138520000000007,
                0.39874799999999999,
                405780,
                405812,
                1672756508.246973,
                84687663768633
            ],
            "end_perf": [
                9.3176548480987549,
                8.8138520000000007,
                0.40022000000000002,
                405780,
                405812,
                84687668037994,
                0,
                0
            ],
            "child_modules": {
                "_vcs_msglog": 1,
                "uvm_pkg": 1,
                "pc__vcs_msglog": 1,
                "std": 1,
                "lvc_apb_pkg": 1,
                "rkv_i2c_pkg": 1,
                "lvc_i2c_pkg": 1,
                "vcs_paramclassrepository_UF52ed": 1
            },
            "nQuads": 0,
            "nRouts": 5
        },
        "lvc_i2c_pkg": {
            "nMops": 217881,
            "start_perf": [
                9.3258788585662842,
                8.8138520000000007,
                0.40844200000000003,
                405780,
                405812,
                1672756508.256717,
                84687691149361
            ],
            "svclass": [
                "lvc_configuration",
                12097,
                964,
                10,
                10,
                2708757170585696712,
                "lvc_i2c_configuration",
                670734,
                68003,
                20,
                19,
                1943104463212659733,
                "lvc_i2c_agent_configuration",
                77273,
                7417,
                13,
                13,
                -1851766196339962603,
                "lvc_i2c_transaction",
                323733,
                32760,
                13,
                12,
                -7274046663751038896,
                "lvc_i2c_bfm_common",
                20974,
                2725,
                30,
                16,
                8711039859241879408,
                "lvc_i2c_master_transaction",
                42986,
                3957,
                12,
                11,
                -2379331327186413632,
                "lvc_i2c_master_monitor_common",
                81560,
                11127,
                152,
                15,
                -9095523992493303917,
                "lvc_i2c_master_monitor",
                38603,
                3627,
                46,
                15,
                -3876254155499913783,
                "lvc_i2c_master_monitor::lvc_i2c_master_cov_trans",
                0,
                0,
                0,
                0,
                0,
                "lvc_i2c_master_driver_callback",
                8249,
                554,
                11,
                11,
                843707476457601664,
                "lvc_i2c_master_driver_common",
                261783,
                28606,
                881,
                27,
                -1621738086199275651,
                "lvc_i2c_master_agent",
                45555,
                4284,
                19,
                14,
                -1032320271025885963,
                "lvc_i2c_slave_transaction",
                30609,
                2922,
                12,
                11,
                -4426760780633006683,
                "lvc_i2c_slave_monitor_common",
                81332,
                11091,
                152,
                15,
                6750403892549153797,
                "lvc_i2c_slave_monitor",
                39095,
                3647,
                48,
                15,
                -5991289036018709291,
                "lvc_i2c_slave_monitor::lvc_i2c_slave_cov_trans",
                0,
                0,
                0,
                0,
                0,
                "lvc_i2c_slave_driver_common",
                105569,
                13713,
                282,
                16,
                -357358078767413515,
                "lvc_i2c_slave_agent",
                46636,
                4433,
                19,
                14,
                7415185838954543879,
                "lvc_i2c_system_configuration",
                119971,
                12331,
                23,
                22,
                -8799919357542244782,
                "lvc_i2c_system_env",
                42860,
                4298,
                30,
                18,
                -5942760264536073654
            ],
            "end_perf": [
                13.966173887252808,
                13.130222,
                0.73134900000000003,
                408720,
                408720,
                84700654105442,
                2875367100509148050,
                0
            ],
            "child_modules": {},
            "significant_routs": [
                [
                    1572,
                    "F_VCSClass_lvc_i2c_pkglvc_i2c_configuration_lvc_i2c_configuration3a3a__m_uvm_field_automation",
                    3853375739,
                    522828,
                    52736
                ],
                [
                    1576,
                    "F_VCSClass_lvc_i2c_pkglvc_i2c_configuration_lvc_i2c_configuration3a3ais_valid",
                    459809533,
                    97140,
                    8137
                ],
                [
                    1589,
                    "F_VCSClass_lvc_i2c_pkglvc_i2c_agent_configuration_lvc_i2c_agent_configuration3a3a__m_uvm_field_automation",
                    316448021,
                    57268,
                    5637
                ],
                [
                    1599,
                    "F_VCSClass_lvc_i2c_pkglvc_i2c_transaction_lvc_i2c_transaction3a3a__m_uvm_field_automation",
                    1899082545,
                    284095,
                    29330
                ],
                [
                    1620,
                    "F_VCSClass_lvc_i2c_pkglvc_i2c_master_transaction_lvc_i2c_master_transaction3a3ais_valid",
                    134483912,
                    31806,
                    2648
                ],
                [
                    1665,
                    "F_VCSClass_lvc_i2c_pkglvc_i2c_master_agent_lvc_i2c_master_agent3a3a__m_uvm_field_automation",
                    216896857,
                    19593,
                    1996
                ],
                [
                    1677,
                    "F_VCSClass_lvc_i2c_pkglvc_i2c_slave_transaction_lvc_i2c_slave_transaction3a3ais_valid",
                    171068476,
                    20499,
                    1848
                ],
                [
                    1713,
                    "F_VCSClass_lvc_i2c_pkglvc_i2c_slave_agent_lvc_i2c_slave_agent3a3a__m_uvm_field_automation",
                    201045806,
                    19593,
                    1996
                ],
                [
                    1715,
                    "F_VCSClass_lvc_i2c_pkglvc_i2c_slave_agent_lvc_i2c_slave_agent3a3abuild_phase",
                    172535918,
                    14689,
                    1548
                ],
                [
                    1735,
                    "F_VCSClass_lvc_i2c_pkglvc_i2c_system_configuration_lvc_i2c_system_configuration3a3a__m_uvm_field_automation",
                    759182013,
                    98366,
                    10090
                ],
                [
                    1744,
                    "F_VCSClass_lvc_i2c_pkglvc_i2c_system_env_lvc_i2c_system_env3a3abuild_phase",
                    129971145,
                    9831,
                    1097
                ]
            ],
            "nQuads": 64903,
            "nRouts": 1867
        },
        "_vcs_msglog": {
            "nMops": 80,