{
    "Modules": {
        "lvc_apb_pkg": {
            "nRouts": 164,
            "start_perf": [
                10.609094858169556,
                0.0,
                0.00045300000000000001,
                405904,
                405904,
                1672915174.639514,
                30113630958266
            ],
            "child_modules": {},
            "end_perf": [
                10.938557863235474,
                0.287804,
                0.041971000000000001,
                408012,
                408012,
                30114551321855,
                -5054199165077824807,
                0
            ],
            "svclass": [
                "lvc_apb_transfer",
                35761,
                3291,
                11,
                10,
                -2289534922778079590,
                "lvc_apb_config",
                9605,
                812,
                13,
                12,
                -3794867484473458917,
                "lvc_apb_master_monitor",
                29305,
                2943,
                39,
                14,
                -3420781040212146760,
                "lvc_apb_master_monitor::lvc_apb_master_cov_trans",
                0,
                0,
                0,
                0,
                0,
                "lvc_apb_master_agent",
                13513,
                1358,
                11,
                11,
                -6840367973833334160,
                "lvc_apb_slave_monitor",
                26048,
                2377,
                30,
                15,
                9055945120283371241,
                "lvc_apb_slave_monitor::lvc_apb_slave_cov_trans",
                0,
                0,
                0,
                0,
                0,
                "lvc_apb_slave_agent",
                13505,
                1356,
                11,
                11,
                1524002652057370173,
                "lvc_apb_reg_adapter",
                13880,
                1339,
                12,
                12,
                1552519473989812309
            ],
            "nQuads": 4093,
            "nMops": 13808
        },
        "rkv_i2c_if_1146083354_12": {
            "start_perf": [
                10.938857793807983,
                0.28806799999999999,
                0.042008999999999998,
                408012,
                408012,
                1672915174.9692769,
                30114551929268
            ],
            "child_modules": {},
            "end_perf": [
                10.938900947570801,
                0.288105,
                0.042014999999999997,
                408012,
                408012,
                30114552044794,
                30064771073,
                0
            ],
            "skipped": 1
        },
        "std": {
            "start_perf": [
                10.938736915588379,
                0.28795999999999999,
                0.041993999999999997,
                408012,
                408012,
                1672915174.969156,
                30114551606484
            ],
            "child_modules": {},
            "end_perf": [
                10.938807964324951,
                0.28802299999999997,
                0.042002999999999999,
                408012,
                408012,
                30114551801028,
                30064771073,
                0
            ],
            "skipped": 1
        }
    },
    "CompUnits": {
        "lvc_apb_pkg_d": {
            "mod": "lvc_apb_pkg",
            "archive": "archive.0/__vcs_msglog_UF52e_4_archive_1.a",
            "checksum": 4294967295,
            "mode": 4,
            "out": "lvc_apb_pkg_d.o",
            "cls": 141617,
            "bytes": 476384,
            "text": 144842
        }
    },
    "reusePaths": {},
    "ObjArchives": [
        {
            "archive": "archive.0/__vcs_msglog_UF52e_4_archive_1.a",
            "objects": [
                [
                    "lvc_apb_pkg_d.o",
                    476384
                ]
            ],
            "size": 476384
        }
    ],
    "stat": {
        "ru_self_end": {
            "ru_nivcsw": 21,
            "ru_utime_sec": 0.288105,
            "ru_majflt": 1,
            "ru_stime_sec": 0.042562000000000003,
            "ru_maxrss_kb": 166012,
            "ru_nvcsw": 0,
            "ru_minflt": 5215
        },
        "ru_childs_end": {
            "ru_nivcsw": 0,
            "ru_utime_sec": 0.0,
            "ru_majflt": 0,
            "ru_stime_sec": 0.0,
            "ru_maxrss_kb": 0,
            "ru_nvcsw": 0,
            "ru_minflt": 0
        },
        "cpu_cycles_end": 30114553509109,
        "peak_mem_kb": 408016
    }
}