{
    "reusePaths": {},
    "CompUnits": {
        "lvc_apb_pkg_d": {
            "out": "lvc_apb_pkg_d.o",
            "mod": "lvc_apb_pkg",
            "archive": "archive.0/__vcs_msglog_UF52e_4_archive_1.a",
            "bytes": 476376,
            "cls": 141617,
            "text": 144842,
            "checksum": 4294967295,
            "mode": 4
        }
    },
    "Modules": {
        "rkv_i2c_if_1146083354_12": {
            "start_perf": [
                24.905995845794678,
                0.76457600000000003,
                0.17264599999999999,
                407864,
                407864,
                1672489876.2765329,
                61910954878255
            ],
            "child_modules": {},
            "end_perf": [
                24.906036853790283,
                0.76461000000000001,
                0.172653,
                407864,
                407864,
                61910955028728,
                30064771073,
                0
            ],
            "skipped": 1
        },
        "lvc_apb_pkg": {
            "start_perf": [
                23.7671799659729,
                0.00050199999999999995,
                0.0,
                405740,
                405740,
                1672489875.137717,
                61907774097858
            ],
            "nQuads": 4093,
            "significant_routs": [
                [
                    47,
                    "F_VCSClass_lvc_apb_pkglvc_apb_transfer_lvc_apb_transfer3a3a__m_uvm_field_automation",
                    694908542,
                    29933,
                    2923
                ],
                [
                    64,
                    "F_VCSClass_lvc_apb_pkglvc_apb_master_monitor_lvc_apb_master_monitor3a3a__m_uvm_field_automation",
                    666606471,
                    13292,
                    1396
                ]
            ],
            "child_modules": {},
            "nRouts": 164,
            "nMops": 13808,
            "end_perf": [
                24.905720949172974,
                0.76434999999999997,
                0.172595,
                407864,
                407864,
                61910954255856,
                -5054199165077824807,
                0
            ],
            "svclass": [
                "lvc_apb_transfer",
                35761,
                3291,
                11,
                10,
                -2289534922778079590,
                "lvc_apb_config",
                9605,
                812,
                13,
                12,
                -3794867484473458917,
                "lvc_apb_master_monitor",
                29305,
                2943,
                39,
                14,
                -3420781040212146760,
                "lvc_apb_master_monitor::lvc_apb_master_cov_trans",
                0,
                0,
                0,
                0,
                0,
                "lvc_apb_master_agent",
                13513,
                1358,
                11,
                11,
                -6840367973833334160,
                "lvc_apb_slave_monitor",
                26048,
                2377,
                30,
                15,
                9055945120283371241,
                "lvc_apb_slave_monitor::lvc_apb_slave_cov_trans",
                0,
                0,
                0,
                0,
                0,
                "lvc_apb_slave_agent",
                13505,
                1356,
                11,
                11,
                1524002652057370173,
                "lvc_apb_reg_adapter",
                13880,
                1339,
                12,
                12,
                1552519473989812309
            ]
        },
        "std": {
            "start_perf": [
                24.90587306022644,
                0.76447500000000002,
                0.172623,
                407864,
                407864,
                1672489876.2764101,
                61910954566465
            ],
            "child_modules": {},
            "end_perf": [
                24.905946969985962,
                0.76453499999999996,
                0.17263700000000001,
                407864,
                407864,
                61910954743207,
                30064771073,
                0
            ],
            "skipped": 1
        }
    },
    "ObjArchives": [
        {
            "archive": "archive.0/__vcs_msglog_UF52e_4_archive_1.a",
            "objects": [
                [
                    "lvc_apb_pkg_d.o",
                    476376
                ]
            ],
            "size": 476376
        }
    ],
    "stat": {
        "ru_self_end": {
            "ru_utime_sec": 0.76461000000000001,
            "ru_stime_sec": 0.17319999999999999,
            "ru_maxrss_kb": 163964,
            "ru_nvcsw": 1,
            "ru_minflt": 5215,
            "ru_majflt": 1,
            "ru_nivcsw": 44
        },
        "ru_childs_end": {
            "ru_utime_sec": 0.0,
            "ru_stime_sec": 0.0,
            "ru_maxrss_kb": 0,
            "ru_nvcsw": 0,
            "ru_minflt": 0,
            "ru_majflt": 0,
            "ru_nivcsw": 0
        },
        "cpu_cycles_end": 61910956457341,
        "peak_mem_kb": 407868
    }
}