{
    "Modules": {
        "lvc_apb_pkg": {
            "start_perf": [
                9.9256370067596436,
                0.00041800000000000002,
                0.0,
                405772,
                405772,
                1672754958.6748509,
                80358863149099
            ],
            "child_modules": {},
            "significant_routs": [
                [
                    47,
                    "F_VCSClass_lvc_apb_pkglvc_apb_transfer_lvc_apb_transfer3a3a__m_uvm_field_automation",
                    141397420,
                    29933,
                    2923
                ]
            ],
            "nMops": 13808,
            "svclass": [
                "lvc_apb_transfer",
                35761,
                3291,
                11,
                10,
                -2289534922778079590,
                "lvc_apb_config",
                9605,
                812,
                13,
                12,
                -3794867484473458917,
                "lvc_apb_master_monitor",
                29305,
                2943,
                39,
                14,
                -3420781040212146760,
                "lvc_apb_master_monitor::lvc_apb_master_cov_trans",
                0,
                0,
                0,
                0,
                0,
                "lvc_apb_master_agent",
                13513,
                1358,
                11,
                11,
                -6840367973833334160,
                "lvc_apb_slave_monitor",
                26048,
                2377,
                30,
                15,
                9055945120283371241,
                "lvc_apb_slave_monitor::lvc_apb_slave_cov_trans",
                0,
                0,
                0,
                0,
                0,
                "lvc_apb_slave_agent",
                13505,
                1356,
                11,
                11,
                1524002652057370173,
                "lvc_apb_reg_adapter",
                13880,
                1339,
                12,
                12,
                1552519473989812309
            ],
            "end_perf": [
                10.283485174179077,
                0.28144999999999998,
                0.074648999999999993,
                407876,
                407876,
                80359862983432,
                -5054199165077824807,
                0
            ],
            "nQuads": 4093,
            "nRouts": 164
        },
        "std": {
            "start_perf": [
                10.283794164657593,
                0.28144999999999998,
                0.074958999999999998,
                407876,
                407876,
                1672754959.0330081,
                80359863288044
            ],
            "child_modules": {},
            "end_perf": [
                10.28386402130127,
                0.28144999999999998,
                0.075029999999999999,
                407876,
                407876,
                80359863450699,
                30064771073,
                0
            ],
            "skipped": 1
        },
        "rkv_i2c_if_1146083354_12": {
            "start_perf": [
                10.283907175064087,
                0.28144999999999998,
                0.075073000000000001,
                407876,
                407876,
                1672754959.0331211,
                80359865126582
            ],
            "child_modules": {},
            "end_perf": [
                10.284516096115112,
                0.28146700000000002,
                0.075662999999999994,
                407876,
                407876,
                80359865313392,
                30064771073,
                0
            ],
            "skipped": 1
        }
    },
    "stat": {
        "ru_self_end": {
            "ru_utime_sec": 0.28146700000000002,
            "ru_nivcsw": 30,
            "ru_majflt": 0,
            "ru_stime_sec": 0.076207999999999998,
            "ru_nvcsw": 0,
            "ru_minflt": 5172,
            "ru_maxrss_kb": 164112
        },
        "ru_childs_end": {
            "ru_utime_sec": 0.0,
            "ru_nivcsw": 0,
            "ru_majflt": 0,
            "ru_stime_sec": 0.0,
            "ru_nvcsw": 0,
            "ru_minflt": 0,
            "ru_maxrss_kb": 0
        },
        "cpu_cycles_end": 80359866734932,
        "peak_mem_kb": 407880
    },
    "ObjArchives": [
        {
            "objects": [
                [
                    "lvc_apb_pkg_d.o",
                    476376
                ]
            ],
            "archive": "archive.0/__vcs_msglog_UF52e_4_archive_1.a",
            "size": 476376
        }
    ],
    "CompUnits": {
        "lvc_apb_pkg_d": {
            "mod": "lvc_apb_pkg",
            "out": "lvc_apb_pkg_d.o",
            "text": 144842,
            "bytes": 476376,
            "checksum": 4294967295,
            "mode": 4,
            "cls": 141617,
            "archive": "archive.0/__vcs_msglog_UF52e_4_archive_1.a"
        }
    },
    "reusePaths": {}
}