{
    "ObjArchives": [
        {
            "archive": "archive.0/__vcs_msglog_UF52e_4_archive_1.a",
            "objects": [
                [
                    "lvc_apb_pkg_d.o",
                    476384
                ]
            ],
            "size": 476384
        }
    ],
    "Modules": {
        "std": {
            "end_perf": [
                9.5870299339294434,
                0.25394499999999998,
                0.049575000000000001,
                407948,
                407948,
                28537692987151,
                30064771073,
                0
            ],
            "start_perf": [
                9.5869457721710205,
                0.25387500000000002,
                0.049561000000000001,
                407948,
                407948,
                1672820315.9918089,
                28537692756089
            ],
            "child_modules": {},
            "skipped": 1
        },
        "lvc_apb_pkg": {
            "end_perf": [
                9.5868129730224609,
                0.25376300000000002,
                0.049539,
                407948,
                407948,
                28537692462385,
                -5054199165077824807,
                0
            ],
            "start_perf": [
                9.2837917804718018,
                0.000426,
                0.0,
                405844,
                405844,
                1672820315.6886549,
                28536846080958
            ],
            "nRouts": 164,
            "child_modules": {},
            "nQuads": 4093,
            "svclass": [
                "lvc_apb_transfer",
                35761,
                3291,
                11,
                10,
                -2289534922778079590,
                "lvc_apb_config",
                9605,
                812,
                13,
                12,
                -3794867484473458917,
                "lvc_apb_master_monitor",
                29305,
                2943,
                39,
                14,
                -3420781040212146760,
                "lvc_apb_master_monitor::lvc_apb_master_cov_trans",
                0,
                0,
                0,
                0,
                0,
                "lvc_apb_master_agent",
                13513,
                1358,
                11,
                11,
                -6840367973833334160,
                "lvc_apb_slave_monitor",
                26048,
                2377,
                30,
                15,
                9055945120283371241,
                "lvc_apb_slave_monitor::lvc_apb_slave_cov_trans",
                0,
                0,
                0,
                0,
                0,
                "lvc_apb_slave_agent",
                13505,
                1356,
                11,
                11,
                1524002652057370173,
                "lvc_apb_reg_adapter",
                13880,
                1339,
                12,
                12,
                1552519473989812309
            ],
            "nMops": 13808
        },
        "rkv_i2c_if_1146083354_12": {
            "end_perf": [
                9.5871708393096924,
                0.25406299999999998,
                0.049597000000000002,
                407948,
                407948,
                28537693371713,
                30064771073,
                0
            ],
            "start_perf": [
                9.587087869644165,
                0.25399500000000003,
                0.049584000000000003,
                407948,
                407948,
                1672820315.991951,
                28537693214317
            ],
            "child_modules": {},
            "skipped": 1
        }
    },
    "CompUnits": {
        "lvc_apb_pkg_d": {
            "mod": "lvc_apb_pkg",
            "out": "lvc_apb_pkg_d.o",
            "bytes": 476384,
            "archive": "archive.0/__vcs_msglog_UF52e_4_archive_1.a",
            "text": 144842,
            "mode": 4,
            "cls": 141617,
            "checksum": 4294967295
        }
    },
    "stat": {
        "ru_self_end": {
            "ru_utime_sec": 0.25451800000000002,
            "ru_nivcsw": 6,
            "ru_stime_sec": 0.049686000000000001,
            "ru_maxrss_kb": 164636,
            "ru_minflt": 5231,
            "ru_majflt": 0,
            "ru_nvcsw": 0
        },
        "peak_mem_kb": 407952,
        "ru_childs_end": {
            "ru_utime_sec": 0.0,
            "ru_nivcsw": 0,
            "ru_stime_sec": 0.0,
            "ru_maxrss_kb": 0,
            "ru_minflt": 0,
            "ru_majflt": 0,
            "ru_nvcsw": 0
        },
        "cpu_cycles_end": 28537694796093
    },
    "reusePaths": {}
}