{
    "reusePaths": {},
    "Modules": {
        "lvc_apb_pkg": {
            "end_perf": [
                9.8000020980834961,
                0.25712299999999999,
                0.061029,
                407996,
                407996,
                36791449889858,
                -5054199165077824807,
                0
            ],
            "start_perf": [
                9.4588139057159424,
                0.000397,
                0.0,
                405900,
                405900,
                1672917564.7540009,
                36790497035491
            ],
            "svclass": [
                "lvc_apb_transfer",
                35761,
                3291,
                11,
                10,
                -2289534922778079590,
                "lvc_apb_config",
                9605,
                812,
                13,
                12,
                -3794867484473458917,
                "lvc_apb_master_monitor",
                29305,
                2943,
                39,
                14,
                -3420781040212146760,
                "lvc_apb_master_monitor::lvc_apb_master_cov_trans",
                0,
                0,
                0,
                0,
                0,
                "lvc_apb_master_agent",
                13513,
                1358,
                11,
                11,
                -6840367973833334160,
                "lvc_apb_slave_monitor",
                26048,
                2377,
                30,
                15,
                9055945120283371241,
                "lvc_apb_slave_monitor::lvc_apb_slave_cov_trans",
                0,
                0,
                0,
                0,
                0,
                "lvc_apb_slave_agent",
                13505,
                1356,
                11,
                11,
                1524002652057370173,
                "lvc_apb_reg_adapter",
                13880,
                1339,
                12,
                12,
                1552519473989812309
            ],
            "child_modules": {},
            "nRouts": 164,
            "significant_routs": [
                [
                    47,
                    "F_VCSClass_lvc_apb_pkglvc_apb_transfer_lvc_apb_transfer3a3a__m_uvm_field_automation",
                    135181613,
                    29933,
                    2923
                ]
            ],
            "nQuads": 4093,
            "nMops": 13808
        },
        "std": {
            "skipped": 1,
            "end_perf": [
                9.8002719879150391,
                0.25734200000000002,
                0.061081000000000003,
                407996,
                407996,
                36791450500697,
                30064771073,
                0
            ],
            "start_perf": [
                9.8001770973205566,
                0.25726500000000002,
                0.061061999999999998,
                407996,
                407996,
                1672917565.0953641,
                36791450264026
            ],
            "child_modules": {}
        },
        "rkv_i2c_if_1146083354_12": {
            "skipped": 1,
            "end_perf": [
                9.8003849983215332,
                0.257434,
                0.061102999999999998,
                407996,
                407996,
                36791450792678,
                30064771073,
                0
            ],
            "start_perf": [
                9.8003361225128174,
                0.25739400000000001,
                0.061093000000000001,
                407996,
                407996,
                1672917565.0955231,
                36791450661644
            ],
            "child_modules": {}
        }
    },
    "CompUnits": {
        "lvc_apb_pkg_d": {
            "mod": "lvc_apb_pkg",
            "checksum": 4294967295,
            "text": 144842,
            "out": "lvc_apb_pkg_d.o",
            "cls": 141617,
            "bytes": 476384,
            "mode": 4,
            "archive": "archive.0/__vcs_msglog_UF52e_4_archive_1.a"
        }
    },
    "ObjArchives": [
        {
            "objects": [
                [
                    "lvc_apb_pkg_d.o",
                    476384
                ]
            ],
            "archive": "archive.0/__vcs_msglog_UF52e_4_archive_1.a",
            "size": 476384
        }
    ],
    "stat": {
        "ru_self_end": {
            "ru_minflt": 5217,
            "ru_utime_sec": 0.257434,
            "ru_nivcsw": 23,
            "ru_stime_sec": 0.061738000000000001,
            "ru_maxrss_kb": 165944,
            "ru_majflt": 0,
            "ru_nvcsw": 0
        },
        "ru_childs_end": {
            "ru_minflt": 0,
            "ru_utime_sec": 0.0,
            "ru_nivcsw": 0,
            "ru_stime_sec": 0.0,
            "ru_maxrss_kb": 0,
            "ru_majflt": 0,
            "ru_nvcsw": 0
        },
        "cpu_cycles_end": 36791452488791,
        "peak_mem_kb": 408000
    }
}