{
    "Modules": {
        "std": {
            "start_perf": [
                10.819082975387573,
                0.27584999999999998,
                0.037386000000000003,
                407920,
                407920,
                1672921909.892251,
                48928787669032
            ],
            "child_modules": {},
            "end_perf": [
                10.819160938262939,
                0.27592,
                0.037394999999999998,
                407920,
                407920,
                48928787867148,
                30064771073,
                0
            ],
            "skipped": 1
        },
        "lvc_apb_pkg": {
            "svclass": [
                "lvc_apb_transfer",
                35761,
                3291,
                11,
                10,
                -2289534922778079590,
                "lvc_apb_config",
                9605,
                812,
                13,
                12,
                -3794867484473458917,
                "lvc_apb_master_monitor",
                29305,
                2943,
                39,
                14,
                -3420781040212146760,
                "lvc_apb_master_monitor::lvc_apb_master_cov_trans",
                0,
                0,
                0,
                0,
                0,
                "lvc_apb_master_agent",
                13513,
                1358,
                11,
                11,
                -6840367973833334160,
                "lvc_apb_slave_monitor",
                26048,
                2377,
                30,
                15,
                9055945120283371241,
                "lvc_apb_slave_monitor::lvc_apb_slave_cov_trans",
                0,
                0,
                0,
                0,
                0,
                "lvc_apb_slave_agent",
                13505,
                1356,
                11,
                11,
                1524002652057370173,
                "lvc_apb_reg_adapter",
                13880,
                1339,
                12,
                12,
                1552519473989812309
            ],
            "start_perf": [
                10.496850967407227,
                0.00042200000000000001,
                0.0,
                405812,
                405812,
                1672921909.570019,
                48927887671845
            ],
            "nMops": 13808,
            "child_modules": {},
            "end_perf": [
                10.818939924240112,
                0.27570699999999998,
                0.037366999999999997,
                407920,
                407920,
                48928787370001,
                -5054199165077824807,
                0
            ],
            "nRouts": 164,
            "nQuads": 4093
        },
        "rkv_i2c_if_1146083354_12": {
            "start_perf": [
                10.819211006164551,
                0.27596399999999999,
                0.037400999999999997,
                407920,
                407920,
                1672921909.892379,
                48928788005886
            ],
            "child_modules": {},
            "end_perf": [
                10.819254875183105,
                0.276003,
                0.037407000000000003,
                407920,
                407920,
                48928788115119,
                30064771073,
                0
            ],
            "skipped": 1
        }
    },
    "stat": {
        "ru_self_end": {
            "ru_utime_sec": 0.276003,
            "ru_nvcsw": 1,
            "ru_stime_sec": 0.037950999999999999,
            "ru_maxrss_kb": 166020,
            "ru_minflt": 5202,
            "ru_majflt": 2,
            "ru_nivcsw": 0
        },
        "ru_childs_end": {
            "ru_utime_sec": 0.0,
            "ru_nvcsw": 0,
            "ru_stime_sec": 0.0,
            "ru_maxrss_kb": 0,
            "ru_minflt": 0,
            "ru_majflt": 0,
            "ru_nivcsw": 0
        },
        "cpu_cycles_end": 48928789574894,
        "peak_mem_kb": 407924
    },
    "CompUnits": {
        "lvc_apb_pkg_d": {
            "checksum": 4294967295,
            "mod": "lvc_apb_pkg",
            "out": "lvc_apb_pkg_d.o",
            "bytes": 476384,
            "archive": "archive.0/__vcs_msglog_UF52e_4_archive_1.a",
            "text": 144842,
            "cls": 141617,
            "mode": 4
        }
    },
    "reusePaths": {},
    "ObjArchives": [
        {
            "archive": "archive.0/__vcs_msglog_UF52e_4_archive_1.a",
            "objects": [
                [
                    "lvc_apb_pkg_d.o",
                    476384
                ]
            ],
            "size": 476384
        }
    ]
}