{
    "Modules": {
        "...MASTER...": {
            "nRouts": 5,
            "nQuads": 0,
            "start_perf": [
                9.1867749691009521,
                8.7139690000000005,
                0.40170400000000001,
                405732,
                405764,
                1672493930.3362889,
                73236157325477
            ],
            "child_modules": {
                "uvm_pkg": 1,
                "lvc_i2c_pkg": 1,
                "_vcs_msglog": 1,
                "pc__vcs_msglog": 1,
                "rkv_i2c_pkg": 1,
                "std": 1,
                "lvc_apb_pkg": 1,
                "vcs_paramclassrepository_UF52ed": 1
            },
            "end_perf": [
                9.187608003616333,
                8.7148020000000006,
                0.40170400000000001,
                405732,
                405764,
                73236159663305,
                0,
                0
            ],
            "nMops": 0
        },
        "_vcs_msglog": {
            "nRouts": 10,
            "nQuads": 30,
            "start_perf": [
                13.694679975509644,
                12.937116,
                0.65965700000000005,
                408708,
                408708,
                1672493934.8441939,
                73248750426310
            ],
            "child_modules": {},
            "end_perf": [
                13.701028108596802,
                12.94144,
                0.66168099999999996,
                408708,
                408732,
                73248768329244,
                6505974944744156591,
                0
            ],
            "svclass": [
                "rkv_i2c_if_1146083354_12_vcs_virt_intf_C",
                0,
                0,
                0,
                0,
                0,
                "lvc_i2c_if_1146083354_12_vcs_virt_intf_C",
                0,
                0,
                0,
                0,
                0,
                "lvc_apb_if_1146083354_12_vcs_virt_intf_C",
                0,
                0,
                0,
                0,
                0
            ],
            "nMops": 80
        },
        "lvc_i2c_pkg": {
            "nRouts": 1867,
            "nQuads": 64903,
            "start_perf": [
                9.1966190338134766,
                8.7148020000000006,
                0.410688,
                405732,
                405764,
                1672493930.346133,
                73236184984748
            ],
            "child_modules": {},
            "significant_routs": [
                [
                    1572,
                    "F_VCSClass_lvc_i2c_pkglvc_i2c_configuration_lvc_i2c_configuration3a3a__m_uvm_field_automation",
                    3541049113,
                    522828,
                    52736
                ],
                [
                    1576,
                    "F_VCSClass_lvc_i2c_pkglvc_i2c_configuration_lvc_i2c_configuration3a3ais_valid",
                    443451075,
                    97140,
                    8137
                ],
                [
                    1589,
                    "F_VCSClass_lvc_i2c_pkglvc_i2c_agent_configuration_lvc_i2c_agent_configuration3a3a__m_uvm_field_automation",
                    348003189,
                    57268,
                    5637
                ],
                [
                    1599,
                    "F_VCSClass_lvc_i2c_pkglvc_i2c_transaction_lvc_i2c_transaction3a3a__m_uvm_field_automation",
                    1793914465,
                    284095,
                    29330
                ],
                [
                    1602,
                    "F_VCSClass_lvc_i2c_pkglvc_i2c_transaction_lvc_i2c_transaction3a3ais_valid",
                    132294639,
                    31701,
                    2685
                ],
                [
                    1620,
                    "F_VCSClass_lvc_i2c_pkglvc_i2c_master_transaction_lvc_i2c_master_transaction3a3ais_valid",
                    135287649,
                    31806,
                    2648
                ],
                [
                    1665,
                    "F_VCSClass_lvc_i2c_pkglvc_i2c_master_agent_lvc_i2c_master_agent3a3a__m_uvm_field_automation",
                    212995122,
                    19593,
                    1996
                ],
                [
                    1667,
                    "F_VCSClass_lvc_i2c_pkglvc_i2c_master_agent_lvc_i2c_master_agent3a3abuild_phase",
                    140725224,
                    13608,
                    1399
                ],
                [
                    1677,
                    "F_VCSClass_lvc_i2c_pkglvc_i2c_slave_transaction_lvc_i2c_slave_transaction3a3ais_valid",
                    192683577,
                    20499,
                    1848
                ],
                [
                    1713,
                    "F_VCSClass_lvc_i2c_pkglvc_i2c_slave_agent_lvc_i2c_slave_agent3a3a__m_uvm_field_automation",
                    230303693,
                    19593,
                    1996
                ],
                [
                    1715,
                    "F_VCSClass_lvc_i2c_pkglvc_i2c_slave_agent_lvc_i2c_slave_agent3a3abuild_phase",
                    161968440,
                    14689,
                    1548
                ],
                [
                    1735,
                    "F_VCSClass_lvc_i2c_pkglvc_i2c_system_configuration_lvc_i2c_system_configuration3a3a__m_uvm_field_automation",
                    784447153,
                    98366,
                    10090
                ]
            ],
            "end_perf": [
                13.694385051727295,
                12.936835,
                0.65964299999999998,
                408708,
                408708,
                73248749755291,
                2875367100509148050,
                0
            ],