{
    "ObjArchives": [
        {
            "archive": "archive.0/__vcs_msglog_UF52e_1_archive_1.a",
            "objects": [
                [
                    "lvc_i2c_pkg_d.o",
                    4670738
                ],
                [
                    "_vcs_msglog_d.o",
                    45780
                ],
                [
                    "SIMB.o",
                    119948
                ]
            ],
            "size": 4836466
        }
    ],
    "Modules": {
        "...MASTER...": {
            "start_perf": [
                12.37944507598877,
                11.823289000000001,
                0.49196699999999999,
                405728,
                405760,
                1672492546.119277,
                69369283403955
            ],
            "nRouts": 5,
            "nQuads": 0,
            "child_modules": {
                "vcs_paramclassrepository_UF52ed": 1,
                "rkv_i2c_pkg": 1,
                "uvm_pkg": 1,
                "lvc_i2c_pkg": 1,
                "pc__vcs_msglog": 1,
                "std": 1,
                "_vcs_msglog": 1,
                "lvc_apb_pkg": 1
            },
            "end_perf": [
                12.379992008209229,
                11.823615,
                0.49218899999999999,
                405728,
                405760,
                69369284929404,
                0,
                0
            ],
            "nMops": 0
        },
        "lvc_i2c_pkg": {
            "start_perf": [
                12.398210048675537,
                11.829465000000001,
                0.50451699999999999,
                405728,
                405760,
                1672492546.138042,
                69369336033857
            ],
            "nRouts": 1867,
            "nQuads": 64903,
            "svclass": [
                "lvc_configuration",
                12097,
                964,
                10,
                10,
                2708757170585696712,
                "lvc_i2c_configuration",
                670734,
                68003,
                20,
                19,
                1943104463212659733,
                "lvc_i2c_agent_configuration",
                77273,
                7417,
                13,
                13,
                -1851766196339962603,
                "lvc_i2c_transaction",
                323733,
                32760,
                13,
                12,
                -7274046663751038896,
                "lvc_i2c_bfm_common",
                20974,
                2725,
                30,
                16,
                8711039859241879408,
                "lvc_i2c_master_transaction",
                42986,
                3957,
                12,
                11,
                -2379331327186413632,
                "lvc_i2c_master_monitor_common",
                81560,
                11127,
                152,
                15,
                -9095523992493303917,
                "lvc_i2c_master_monitor",
                38603,
                3627,
                46,
                15,
                -3876254155499913783,
                "lvc_i2c_master_monitor::lvc_i2c_master_cov_trans",
                0,
                0,
                0,
                0,
                0,
                "lvc_i2c_master_driver_callback",
                8249,
                554,
                11,
                11,
                843707476457601664,
                "lvc_i2c_master_driver_common",
                261783,
                28606,
                881,
                27,
                -1621738086199275651,
                "lvc_i2c_master_agent",
                45555,
                4284,
                19,
                14,
                -1032320271025885963,
                "lvc_i2c_slave_transaction",
                30609,
                2922,
                12,
                11,
                -4426760780633006683,
                "lvc_i2c_slave_monitor_common",
                81332,
                11091,
                152,
                15,
                6750403892549153797,
                "lvc_i2c_slave_monitor",
                39095,
                3647,
                48,
                15,
                -5991289036018709291,
                "lvc_i2c_slave_monitor::lvc_i2c_slave_cov_trans",
                0,
                0,
                0,
                0,
                0,
                "lvc_i2c_slave_driver_common",
                105569,
                13713,
                282,
                16,
                -357358078767413515,
                "lvc_i2c_slave_agent",
                46636,
                4433,
                19,
                14,
                7415185838954543879,
                "lvc_i2c_system_configuration",
                119971,
                12331,
                23,
                22,
                -8799919357542244782,
                "lvc_i2c_system_env",
                42860,
                4298,
                30,
                18,
                -5942760264536073654
            ],
            "child_modules": {},