{
    "Modules": {
        "...MASTER...": {
            "start_perf": [
                10.681853055953979,
                9.1758360000000003,
                1.2507999999999999,
                405736,
                405768,
                1672736531.2344429,
                28880960280280
            ],
            "child_modules": {
                "vcs_paramclassrepository_UF52ed": 1,
                "lvc_i2c_pkg": 1,
                "uvm_pkg": 1,
                "pc__vcs_msglog": 1,
                "rkv_i2c_pkg": 1,
                "std": 1,
                "_vcs_msglog": 1,
                "lvc_apb_pkg": 1
            },
            "nRouts": 5,
            "end_perf": [
                10.685492038726807,
                9.1763150000000007,
                1.2539120000000001,
                405736,
                405768,
                28880970455505,
                0,
                0
            ],
            "nQuads": 0,
            "nMops": 0
        },
        "lvc_i2c_pkg": {
            "start_perf": [
                10.69674015045166,
                9.1764810000000008,
                1.264961,
                405736,
                405768,
                1672736531.24933,
                28881002005956
            ],
            "child_modules": {},
            "nQuads": 64903,
            "significant_routs": [
                [
                    1572,
                    "F_VCSClass_lvc_i2c_pkglvc_i2c_configuration_lvc_i2c_configuration3a3a__m_uvm_field_automation",
                    4096594471,
                    522828,
                    52736
                ],
                [
                    1576,
                    "F_VCSClass_lvc_i2c_pkglvc_i2c_configuration_lvc_i2c_configuration3a3ais_valid",
                    474579902,
                    97140,
                    8137
                ],
                [
                    1589,
                    "F_VCSClass_lvc_i2c_pkglvc_i2c_agent_configuration_lvc_i2c_agent_configuration3a3a__m_uvm_field_automation",
                    361647840,
                    57268,
                    5637
                ],
                [
                    1599,
                    "F_VCSClass_lvc_i2c_pkglvc_i2c_transaction_lvc_i2c_transaction3a3a__m_uvm_field_automation",
                    2012837907,
                    284095,
                    29330
                ],
                [
                    1620,
                    "F_VCSClass_lvc_i2c_pkglvc_i2c_master_transaction_lvc_i2c_master_transaction3a3ais_valid",
                    154188263,
                    31806,
                    2648
                ],
                [
                    1634,
                    "F_VCSClass_lvc_i2c_pkglvc_i2c_master_monitor_lvc_i2c_master_monitor3a3a__m_uvm_field_automation",
                    398689721,
                    13292,
                    1396
                ],
                [
                    1665,
                    "F_VCSClass_lvc_i2c_pkglvc_i2c_master_agent_lvc_i2c_master_agent3a3a__m_uvm_field_automation",
                    277076485,
                    19593,
                    1996
                ],
                [
                    1677,
                    "F_VCSClass_lvc_i2c_pkglvc_i2c_slave_transaction_lvc_i2c_slave_transaction3a3ais_valid",
                    166737871,
                    20499,
                    1848
                ],
                [
                    1691,
                    "F_VCSClass_lvc_i2c_pkglvc_i2c_slave_monitor_lvc_i2c_slave_monitor3a3a__m_uvm_field_automation",
                    209188305,
                    13292,
                    1396
                ],
                [
                    1713,
                    "F_VCSClass_lvc_i2c_pkglvc_i2c_slave_agent_lvc_i2c_slave_agent3a3a__m_uvm_field_automation",
                    262364239,
                    19593,
                    1996
                ],
                [
                    1715,
                    "F_VCSClass_lvc_i2c_pkglvc_i2c_slave_agent_lvc_i2c_slave_agent3a3abuild_phase",
                    193706833,
                    14689,
                    1548
                ],
                [
                    1735,
                    "F_VCSClass_lvc_i2c_pkglvc_i2c_system_configuration_lvc_i2c_system_configuration3a3a__m_uvm_field_automation",
                    857117844,
                    98366,
                    10090
                ]
            ],
            "nRouts": 1867,
            "end_perf": [
                15.922172069549561,
                13.915618,
                1.6216460000000001,
                408708,
                408708,
                28895599430270,
                2875367100509148050,
                0
            ],