{
    "Modules": {
        "lvc_apb_pkg": {
            "start_perf": [
                9.8681960105895996,
                0.00039100000000000002,
                0.0,
                405760,
                405760,
                1672820432.8139441,
                28864041179283
            ],
            "child_modules": {},
            "end_perf": [
                10.205750942230225,
                0.29669200000000001,
                0.029264999999999999,
                407856,
                407856,
                28864984066375,
                -5054199165077824807,
                0
            ],
            "svclass": [
                "lvc_apb_transfer",
                35761,
                3291,
                11,
                10,
                -2289534922778079590,
                "lvc_apb_config",
                9605,
                812,
                13,
                12,
                -3794867484473458917,
                "lvc_apb_master_monitor",
                29305,
                2943,
                39,
                14,
                -3420781040212146760,
                "lvc_apb_master_monitor::lvc_apb_master_cov_trans",
                0,
                0,
                0,
                0,
                0,
                "lvc_apb_master_agent",
                13513,
                1358,
                11,
                11,
                -6840367973833334160,
                "lvc_apb_slave_monitor",
                26048,
                2377,
                30,
                15,
                9055945120283371241,
                "lvc_apb_slave_monitor::lvc_apb_slave_cov_trans",
                0,
                0,
                0,
                0,
                0,
                "lvc_apb_slave_agent",
                13505,
                1356,
                11,
                11,
                1524002652057370173,
                "lvc_apb_reg_adapter",
                13880,
                1339,
                12,
                12,
                1552519473989812309
            ],
            "nQuads": 4093,
            "nMops": 13808,
            "nRouts": 164
        },
        "std": {
            "start_perf": [
                10.205895900726318,
                0.29682500000000001,
                0.029277999999999998,
                407856,
                407856,
                1672820433.151644,
                28864984352399
            ],
            "child_modules": {},
            "end_perf": [
                10.205968856811523,
                0.29689100000000002,
                0.029284999999999999,
                407856,
                407856,
                28864984534674,
                30064771073,
                0
            ],
            "skipped": 1
        },
        "rkv_i2c_if_1146083354_12": {
            "start_perf": [
                10.20601487159729,
                0.29693399999999998,
                0.029288999999999999,
                407856,
                407856,
                1672820433.151763,
                28864984654987
            ],
            "child_modules": {},
            "end_perf": [
                10.206054925918579,
                0.29697000000000001,
                0.029291999999999999,
                407856,
                407856,
                28864984762982,
                30064771073,
                0
            ],
            "skipped": 1
        }
    },
    "reusePaths": {},
    "CompUnits": {
        "lvc_apb_pkg_d": {
            "mode": 4,
            "mod": "lvc_apb_pkg",
            "out": "lvc_apb_pkg_d.o",
            "bytes": 476384,
            "text": 144842,
            "archive": "archive.0/__vcs_msglog_UF52e_4_archive_1.a",
            "checksum": 4294967295,
            "cls": 141617
        }
    },
    "ObjArchives": [
        {
            "archive": "archive.0/__vcs_msglog_UF52e_4_archive_1.a",
            "objects": [
                [
                    "lvc_apb_pkg_d.o",
                    476384
                ]
            ],
            "size": 476384
        }
    ],
    "stat": {
        "ru_self_end": {
            "ru_minflt": 5184,
            "ru_maxrss_kb": 164640,
            "ru_utime_sec": 0.29749599999999998,
            "ru_stime_sec": 0.029343999999999999,
            "ru_majflt": 0,
            "ru_nivcsw": 17,
            "ru_nvcsw": 0
        },
        "cpu_cycles_end": 28864986318840,
        "ru_childs_end": {
            "ru_minflt": 0,
            "ru_maxrss_kb": 0,
            "ru_utime_sec": 0.0,
            "ru_stime_sec": 0.0,
            "ru_majflt": 0,
            "ru_nivcsw": 0,
            "ru_nvcsw": 0
        },
        "peak_mem_kb": 407860
    }
}