{
    "reusePaths": {},
    "Modules": {
        "...MASTER...": {
            "start_perf": [
                14.217980861663818,
                13.280454000000001,
                0.76406499999999999,
                405728,
                405760,
                1672492249.598923,
                68540940162124
            ],
            "child_modules": {
                "lvc_i2c_pkg": 1,
                "uvm_pkg": 1,
                "vcs_paramclassrepository_UF52ed": 1,
                "lvc_apb_pkg": 1,
                "std": 1,
                "pc__vcs_msglog": 1,
                "rkv_i2c_pkg": 1,
                "_vcs_msglog": 1
            },
            "end_perf": [
                14.218611001968384,
                13.281084,
                0.76406499999999999,
                405728,
                405760,
                68540941914098,
                0,
                0
            ],
            "nRouts": 5,
            "nQuads": 0,
            "nMops": 0
        },
        "lvc_i2c_pkg": {
            "svclass": [
                "lvc_configuration",
                12097,
                964,
                10,
                10,
                2708757170585696712,
                "lvc_i2c_configuration",
                670734,
                68003,
                20,
                19,
                1943104463212659733,
                "lvc_i2c_agent_configuration",
                77273,
                7417,
                13,
                13,
                -1851766196339962603,
                "lvc_i2c_transaction",
                323733,
                32760,
                13,
                12,
                -7274046663751038896,
                "lvc_i2c_bfm_common",
                20974,
                2725,
                30,
                16,
                8711039859241879408,
                "lvc_i2c_master_transaction",
                42986,
                3957,
                12,
                11,
                -2379331327186413632,
                "lvc_i2c_master_monitor_common",
                81560,
                11127,
                152,
                15,
                -9095523992493303917,
                "lvc_i2c_master_monitor",
                38603,
                3627,
                46,
                15,
                -3876254155499913783,
                "lvc_i2c_master_monitor::lvc_i2c_master_cov_trans",
                0,
                0,
                0,
                0,
                0,
                "lvc_i2c_master_driver_callback",
                8249,
                554,
                11,
                11,
                843707476457601664,
                "lvc_i2c_master_driver_common",
                261783,
                28606,
                881,
                27,
                -1621738086199275651,
                "lvc_i2c_master_agent",
                45555,
                4284,
                19,
                14,
                -1032320271025885963,
                "lvc_i2c_slave_transaction",
                30609,
                2922,
                12,
                11,
                -4426760780633006683,
                "lvc_i2c_slave_monitor_common",
                81332,
                11091,
                152,
                15,
                6750403892549153797,
                "lvc_i2c_slave_monitor",
                39095,
                3647,
                48,
                15,
                -5991289036018709291,
                "lvc_i2c_slave_monitor::lvc_i2c_slave_cov_trans",
                0,
                0,
                0,
                0,
                0,
                "lvc_i2c_slave_driver_common",
                105569,
                13713,
                282,
                16,
                -357358078767413515,
                "lvc_i2c_slave_agent",
                46636,
                4433,
                19,
                14,
                7415185838954543879,
                "lvc_i2c_system_configuration",
                119971,
                12331,
                23,
                22,
                -8799919357542244782,
                "lvc_i2c_system_env",
                42860,
                4298,
                30,
                18,
                -5942760264536073654
            ],
            "start_perf": [
                14.240373849868774,
                13.281084,
                0.78579299999999996,
                405728,
                405760,
                1672492249.621316,
                68541002890318
            ],
            "child_modules": {},
            "significant_routs": [
                [
                    1572,
                    "F_VCSClass_lvc_i2c_pkglvc_i2c_configuration_lvc_i2c_configuration3a3a__m_uvm_field_automation",
                    4984134403,
                    522828,
                    52736
                ],
                [
                    1576,
                    "F_VCSClass_lvc_i2c_pkglvc_i2c_configuration_lvc_i2c_configuration3a3ais_valid",
                    597177812,
                    97140,
                    8137
                ],
                [
                    1589,
                    "F_VCSClass_lvc_i2c_pkglvc_i2c_agent_configuration_lvc_i2c_agent_configuration3a3a__m_uvm_field_automation",
                    369369395,
                    57268,
                    5637
                ],
                [
                    1599,
                    "F_VCSClass_lvc_i2c_pkglvc_i2c_transaction_lvc_i2c_transaction3a3a__m_uvm_field_automation",
                    2257090053,
                    284095,
                    29330
                ],
                [
                    1602,
                    "F_VCSClass_lvc_i2c_pkglvc_i2c_transaction_lvc_i2c_transaction3a3ais_valid",
                    231275100,
                    31701,
                    2685
                ],
                [
                    1634,
                    "F_VCSClass_lvc_i2c_pkglvc_i2c_master_monitor_lvc_i2c_master_monitor3a3a__m_uvm_field_automation",
                    233406252,
                    13292,
                    1396
                ],
                [
                    1665,
                    "F_VCSClass_lvc_i2c_pkglvc_i2c_master_agent_lvc_i2c_master_agent3a3a__m_uvm_field_automation",
                    240189918,
                    19593,
                    1996
                ],
                [
                    1677,
                    "F_VCSClass_lvc_i2c_pkglvc_i2c_slave_transaction_lvc_i2c_slave_transaction3a3ais_valid",
                    308522426,
                    20499,
                    1848
                ],
                [
                    1691,
                    "F_VCSClass_lvc_i2c_pkglvc_i2c_slave_monitor_lvc_i2c_slave_monitor3a3a__m_uvm_field_automation",
                    254757908,
                    13292,
                    1396
                ],
                [
                    1713,
                    "F_VCSClass_lvc_i2c_pkglvc_i2c_slave_agent_lvc_i2c_slave_agent3a3a__m_uvm_field_automation",
                    316123500,
                    19593,
                    1996
                ],
                [
                    1715,
                    "F_VCSClass_lvc_i2c_pkglvc_i2c_slave_agent_lvc_i2c_slave_agent3a3abuild_phase",
                    207418962,
                    14689,
                    1548
                ],
                [
                    1735,
                    "F_VCSClass_lvc_i2c_pkglvc_i2c_system_configuration_lvc_i2c_system_configuration3a3a__m_uvm_field_automation",
                    1233215712,
                    98366,
                    10090
                ]
            ],