{
    "stat": {
        "peak_mem_kb": 433492,
        "ru_self_end": {
            "ru_utime_sec": 14.74629,
            "ru_stime_sec": 0.74497400000000003,
            "ru_minflt": 127925,
            "ru_maxrss_kb": 231084,
            "ru_majflt": 15,
            "ru_nvcsw": 860,
            "ru_nivcsw": 131
        },
        "ru_childs_end": {
            "ru_utime_sec": 16.796574,
            "ru_stime_sec": 0.91813699999999998,
            "ru_minflt": 74191,
            "ru_maxrss_kb": 184936,
            "ru_majflt": 17,
            "ru_nvcsw": 75,
            "ru_nivcsw": 241
        },
        "cpu_cycles_end": 58755517143861
    },
    "Modules": {
        "...MASTER...": {
            "start_perf": [
                11.038100957870483,
                10.372716,
                0.52050399999999997,
                405848,
                433492,
                1672925417.756819,
                58728126263161
            ],
            "child_modules": {
                "_vcs_msglog": 1,
                "uvm_pkg": 1,
                "pc__vcs_msglog": 1,
                "vcs_paramclassrepository_UF52ed": 1,
                "std": 1,
                "rkv_i2c_pkg": 1,
                "lvc_apb_pkg": 1,
                "lvc_i2c_pkg": 1
            },
            "nMops": 0,
            "end_perf": [
                11.038732051849365,
                10.373189999999999,
                0.52066199999999996,
                405848,
                433492,
                58728128021077,
                0,
                0
            ],
            "nQuads": 0,
            "nRouts": 5
        },
        "lvc_i2c_pkg": {
            "significant_routs": [
                [
                    1572,
                    "F_VCSClass_lvc_i2c_pkglvc_i2c_configuration_lvc_i2c_configuration3a3a__m_uvm_field_automation",
                    3617376196,
                    522828,
                    52736
                ],
                [
                    1576,
                    "F_VCSClass_lvc_i2c_pkglvc_i2c_configuration_lvc_i2c_configuration3a3ais_valid",
                    450729239,
                    97140,
                    8137
                ],
                [
                    1589,
                    "F_VCSClass_lvc_i2c_pkglvc_i2c_agent_configuration_lvc_i2c_agent_configuration3a3a__m_uvm_field_automation",
                    281573960,
                    57268,
                    5637
                ],
                [
                    1599,
                    "F_VCSClass_lvc_i2c_pkglvc_i2c_transaction_lvc_i2c_transaction3a3a__m_uvm_field_automation",
                    1690126282,
                    284095,
                    29330
                ],
                [
                    1634,
                    "F_VCSClass_lvc_i2c_pkglvc_i2c_master_monitor_lvc_i2c_master_monitor3a3a__m_uvm_field_automation",
                    165152981,
                    13292,
                    1396
                ],
                [
                    1665,
                    "F_VCSClass_lvc_i2c_pkglvc_i2c_master_agent_lvc_i2c_master_agent3a3a__m_uvm_field_automation",
                    235518456,
                    19593,
                    1996
                ],
                [
                    1667,
                    "F_VCSClass_lvc_i2c_pkglvc_i2c_master_agent_lvc_i2c_master_agent3a3abuild_phase",
                    158293979,
                    13608,
                    1399
                ],
                [
                    1677,
                    "F_VCSClass_lvc_i2c_pkglvc_i2c_slave_transaction_lvc_i2c_slave_transaction3a3ais_valid",
                    175654958,
                    20499,
                    1848
                ],
                [
                    1691,
                    "F_VCSClass_lvc_i2c_pkglvc_i2c_slave_monitor_lvc_i2c_slave_monitor3a3a__m_uvm_field_automation",
                    177171718,
                    13292,
                    1396
                ],
                [
                    1713,
                    "F_VCSClass_lvc_i2c_pkglvc_i2c_slave_agent_lvc_i2c_slave_agent3a3a__m_uvm_field_automation",
                    175101060,
                    19593,
                    1996
                ],
                [
                    1715,
                    "F_VCSClass_lvc_i2c_pkglvc_i2c_slave_agent_lvc_i2c_slave_agent3a3abuild_phase",
                    157129863,
                    14689,
                    1548
                ],
                [
                    1735,
                    "F_VCSClass_lvc_i2c_pkglvc_i2c_system_configuration_lvc_i2c_system_configuration3a3a__m_uvm_field_automation",
                    763868856,
                    98366,
                    10090
                ]
            ],
            "start_perf": [
                11.048786878585815,
                10.373200000000001,
                0.53067500000000001,
                405848,
                433492,
                1672925417.7675049,
                58728156326901
            ],
            "child_modules": {},
            "nMops": 217881,
            "end_perf": [
                15.550053834915161,
                14.624458000000001,
                0.687774,
                408852,
                433492,
                58740730633755,
                2875367100509148050,
                0
            ],
            "nQuads": 64903,