{
    "Modules": {
        "lvc_apb_pkg": {
            "child_modules": {},
            "start_perf": [
                9.7528009414672852,
                0.00042900000000000002,
                0.0,
                405808,
                405808,
                1672494407.424829,
                74568926336642
            ],
            "nMops": 13808,
            "end_perf": [
                10.071892023086548,
                0.28572700000000001,
                0.033084000000000002,
                407916,
                407916,
                74569817616411,
                -5054199165077824807,
                0
            ],
            "svclass": [
                "lvc_apb_transfer",
                35761,
                3291,
                11,
                10,
                -2289534922778079590,
                "lvc_apb_config",
                9605,
                812,
                13,
                12,
                -3794867484473458917,
                "lvc_apb_master_monitor",
                29305,
                2943,
                39,
                14,
                -3420781040212146760,
                "lvc_apb_master_monitor::lvc_apb_master_cov_trans",
                0,
                0,
                0,
                0,
                0,
                "lvc_apb_master_agent",
                13513,
                1358,
                11,
                11,
                -6840367973833334160,
                "lvc_apb_slave_monitor",
                26048,
                2377,
                30,
                15,
                9055945120283371241,
                "lvc_apb_slave_monitor::lvc_apb_slave_cov_trans",
                0,
                0,
                0,
                0,
                0,
                "lvc_apb_slave_agent",
                13505,
                1356,
                11,
                11,
                1524002652057370173,
                "lvc_apb_reg_adapter",
                13880,
                1339,
                12,
                12,
                1552519473989812309
            ],
            "nRouts": 164,
            "nQuads": 4093
        },
        "std": {
            "child_modules": {},
            "start_perf": [
                10.07201886177063,
                0.28584199999999998,
                0.033097000000000001,
                407916,
                407916,
                1672494407.7440469,
                74569817848423
            ],
            "end_perf": [
                10.072077989578247,
                0.28589599999999998,
                0.033103,
                407916,
                407916,
                74569818073610,
                30064771073,
                0
            ],
            "skipped": 1
        },
        "rkv_i2c_if_1146083354_12": {
            "child_modules": {},
            "start_perf": [
                10.072145938873291,
                0.28595599999999999,
                0.033110000000000001,
                407916,
                407916,
                1672494407.744174,
                74569818201562
            ],
            "end_perf": [
                10.07218599319458,
                0.28599200000000002,
                0.033113999999999998,
                407916,
                407916,
                74569818301784,
                30064771073,
                0
            ],
            "skipped": 1
        }
    },
    "CompUnits": {
        "lvc_apb_pkg_d": {
            "mode": 4,
            "mod": "lvc_apb_pkg",
            "out": "lvc_apb_pkg_d.o",
            "text": 144842,
            "bytes": 476376,
            "cls": 141617,
            "checksum": 4294967295,
            "archive": "archive.0/__vcs_msglog_UF52e_4_archive_1.a"
        }
    },
    "reusePaths": {},
    "ObjArchives": [
        {
            "archive": "archive.0/__vcs_msglog_UF52e_4_archive_1.a",
            "objects": [
                [
                    "lvc_apb_pkg_d.o",
                    476376
                ]
            ],
            "size": 476376
        }
    ],
    "stat": {
        "ru_self_end": {
            "ru_nvcsw": 0,
            "ru_utime_sec": 0.286381,
            "ru_stime_sec": 0.033159000000000001,
            "ru_maxrss_kb": 164064,
            "ru_nivcsw": 22,
            "ru_minflt": 5242,
            "ru_majflt": 0
        },
        "ru_childs_end": {
            "ru_nvcsw": 0,
            "ru_utime_sec": 0.0,
            "ru_stime_sec": 0.0,
            "ru_maxrss_kb": 0,
            "ru_nivcsw": 0,
            "ru_minflt": 0,
            "ru_majflt": 0
        },
        "cpu_cycles_end": 74569819453925,
        "peak_mem_kb": 407920
    }
}