{
    "Modules": {
        "...MASTER...": {
            "end_perf": [
                27.30705189704895,
                26.273971,
                0.87595599999999996,
                405736,
                405768,
                86055595156329,
                0,
                0
            ],
            "start_perf": [
                27.303605079650879,
                26.272006000000001,
                0.874533,
                405736,
                405768,
                1672498519.2803731,
                86055583871884
            ],
            "child_modules": {
                "vcs_paramclassrepository_UF52ed": 1,
                "uvm_pkg": 1,
                "_vcs_msglog": 1,
                "pc__vcs_msglog": 1,
                "lvc_apb_pkg": 1,
                "rkv_i2c_pkg": 1,
                "std": 1,
                "lvc_i2c_pkg": 1
            },
            "nQuads": 0,
            "nRouts": 5,
            "nMops": 0
        },
        "lvc_i2c_pkg": {
            "end_perf": [
                41.996342897415161,
                40.203758000000001,
                1.5137399999999999,
                408708,
                408708,
                86096628707521,
                2875367100509148050,
                0
            ],
            "start_perf": [
                27.351224899291992,
                26.288114,
                0.90599700000000005,
                405736,
                405768,
                1672498519.3279929,
                86055716942486
            ],
            "child_modules": {},
            "nRouts": 1867,
            "nMops": 217881,
            "svclass": [
                "lvc_configuration",
                12097,
                964,
                10,
                10,
                2708757170585696712,
                "lvc_i2c_configuration",
                670734,
                68003,
                20,
                19,
                1943104463212659733,
                "lvc_i2c_agent_configuration",
                77273,
                7417,
                13,
                13,
                -1851766196339962603,
                "lvc_i2c_transaction",
                323733,
                32760,
                13,
                12,
                -7274046663751038896,
                "lvc_i2c_bfm_common",
                20974,
                2725,
                30,
                16,
                8711039859241879408,
                "lvc_i2c_master_transaction",
                42986,
                3957,
                12,
                11,
                -2379331327186413632,
                "lvc_i2c_master_monitor_common",
                81560,
                11127,
                152,
                15,
                -9095523992493303917,
                "lvc_i2c_master_monitor",
                38603,
                3627,
                46,
                15,
                -3876254155499913783,
                "lvc_i2c_master_monitor::lvc_i2c_master_cov_trans",
                0,
                0,
                0,
                0,
                0,
                "lvc_i2c_master_driver_callback",
                8249,
                554,
                11,
                11,
                843707476457601664,
                "lvc_i2c_master_driver_common",
                261783,
                28606,
                881,
                27,
                -1621738086199275651,
                "lvc_i2c_master_agent",
                45555,
                4284,
                19,
                14,
                -1032320271025885963,
                "lvc_i2c_slave_transaction",
                30609,
                2922,
                12,
                11,
                -4426760780633006683,
                "lvc_i2c_slave_monitor_common",
                81332,
                11091,
                152,
                15,
                6750403892549153797,
                "lvc_i2c_slave_monitor",
                39095,
                3647,
                48,
                15,
                -5991289036018709291,
                "lvc_i2c_slave_monitor::lvc_i2c_slave_cov_trans",
                0,
                0,
                0,
                0,
                0,
                "lvc_i2c_slave_driver_common",
                105569,
                13713,
                282,
                16,
                -357358078767413515,
                "lvc_i2c_slave_agent",
                46636,
                4433,
                19,
                14,
                7415185838954543879,
                "lvc_i2c_system_configuration",
                119971,
                12331,
                23,
                22,
                -8799919357542244782,
                "lvc_i2c_system_env",
                42860,
                4298,
                30,
                18,
                -5942760264536073654
            ],