{
    "reusePaths": {},
    "Modules": {
        "...MASTER...": {
            "end_perf": [
                9.4498999118804932,
                8.7298369999999998,
                0.62850899999999998,
                405900,
                424712,
                36790471711965,
                0,
                0
            ],
            "start_perf": [
                9.4490280151367188,
                8.7289650000000005,
                0.62850899999999998,
                405900,
                424712,
                1672917564.744215,
                36790469282092
            ],
            "child_modules": {
                "lvc_apb_pkg": 1,
                "rkv_i2c_pkg": 1,
                "uvm_pkg": 1,
                "pc__vcs_msglog": 1,
                "lvc_i2c_pkg": 1,
                "_vcs_msglog": 1,
                "std": 1,
                "vcs_paramclassrepository_UF52ed": 1
            },
            "nQuads": 0,
            "nMops": 0,
            "nRouts": 5
        },
        "_vcs_msglog": {
            "end_perf": [
                13.863409996032715,
                12.863187,
                0.89938899999999999,
                408824,
                424712,
                36802801044440,
                6505974944744156591,
                0
            ],
            "start_perf": [
                13.858089923858643,
                12.857867000000001,
                0.89938899999999999,
                408824,
                424712,
                1672917569.1532769,
                36802786138547
            ],
            "svclass": [
                "rkv_i2c_if_1146083354_12_vcs_virt_intf_C",
                0,
                0,
                0,
                0,
                0,
                "lvc_i2c_if_1146083354_12_vcs_virt_intf_C",
                0,
                0,
                0,
                0,
                0,
                "lvc_apb_if_1146083354_12_vcs_virt_intf_C",
                0,
                0,
                0,
                0,
                0
            ],
            "child_modules": {},
            "nQuads": 30,
            "nMops": 80,
            "nRouts": 10
        },
        "lvc_i2c_pkg": {
            "end_perf": [
                13.857844114303589,
                12.857638,
                0.89937299999999998,
                408824,
                424712,
                36802785610915,
                2875367100509148050,
                0
            ],
            "start_perf": [
                9.4585130214691162,
                8.7304650000000006,
                0.63649199999999995,
                405900,
                424712,
                1672917564.7537,
                36790495951907
            ],
            "svclass": [
                "lvc_configuration",
                12097,
                964,
                10,
                10,
                2708757170585696712,
                "lvc_i2c_configuration",
                670734,
                68003,
                20,
                19,
                1943104463212659733,
                "lvc_i2c_agent_configuration",
                77273,
                7417,
                13,
                13,
                -1851766196339962603,
                "lvc_i2c_transaction",
                323733,
                32760,
                13,
                12,
                -7274046663751038896,
                "lvc_i2c_bfm_common",
                20974,
                2725,
                30,
                16,
                8711039859241879408,
                "lvc_i2c_master_transaction",
                42986,
                3957,
                12,
                11,
                -2379331327186413632,
                "lvc_i2c_master_monitor_common",
                81560,
                11127,
                152,
                15,
                -9095523992493303917,
                "lvc_i2c_master_monitor",
                38603,
                3627,
                46,
                15,
                -3876254155499913783,
                "lvc_i2c_master_monitor::lvc_i2c_master_cov_trans",
                0,
                0,
                0,
                0,
                0,
                "lvc_i2c_master_driver_callback",
                8249,
                554,
                11,
                11,
                843707476457601664,
                "lvc_i2c_master_driver_common",
                261783,
                28606,
                881,
                27,
                -1621738086199275651,
                "lvc_i2c_master_agent",
                45555,
                4284,
                19,
                14,
                -1032320271025885963,
                "lvc_i2c_slave_transaction",
                30609,
                2922,
                12,
                11,
                -4426760780633006683,
                "lvc_i2c_slave_monitor_common",
                81332,
                11091,
                152,
                15,
                6750403892549153797,
                "lvc_i2c_slave_monitor",
                39095,
                3647,
                48,
                15,
                -5991289036018709291,
                "lvc_i2c_slave_monitor::lvc_i2c_slave_cov_trans",
                0,
                0,
                0,
                0,
                0,
                "lvc_i2c_slave_driver_common",
                105569,
                13713,
                282,
                16,
                -357358078767413515,
                "lvc_i2c_slave_agent",
                46636,
                4433,
                19,
                14,
                7415185838954543879,
                "lvc_i2c_system_configuration",
                119971,
                12331,
                23,
                22,
                -8799919357542244782,
                "lvc_i2c_system_env",
                42860,
                4298,
                30,
                18,
                -5942760264536073654
            ],
            "child_modules": {},
            "nRouts": 1867,