{
    "stat": {
        "ru_self_end": {
            "ru_utime_sec": 0.33623199999999998,
            "ru_stime_sec": 0.046168000000000001,
            "ru_majflt": 1,
            "ru_maxrss_kb": 164756,
            "ru_minflt": 5234,
            "ru_nivcsw": 29,
            "ru_nvcsw": 1
        },
        "ru_childs_end": {
            "ru_utime_sec": 0.0,
            "ru_stime_sec": 0.0,
            "ru_majflt": 0,
            "ru_maxrss_kb": 0,
            "ru_minflt": 0,
            "ru_nivcsw": 0,
            "ru_nvcsw": 0
        },
        "cpu_cycles_end": 29781970691448,
        "peak_mem_kb": 407860
    },
    "CompUnits": {
        "lvc_apb_pkg_d": {
            "archive": "archive.0/__vcs_msglog_UF52e_4_archive_1.a",
            "mode": 4,
            "bytes": 476384,
            "mod": "lvc_apb_pkg",
            "out": "lvc_apb_pkg_d.o",
            "text": 144842,
            "cls": 141617,
            "checksum": 4294967295
        }
    },
    "Modules": {
        "lvc_apb_pkg": {
            "start_perf": [
                10.306558847427368,
                0.000428,
                0.0,
                405756,
                405756,
                1672820761.0124459,
                29780879382539
            ],
            "child_modules": {},
            "nMops": 13808,
            "svclass": [
                "lvc_apb_transfer",
                35761,
                3291,
                11,
                10,
                -2289534922778079590,
                "lvc_apb_config",
                9605,
                812,
                13,
                12,
                -3794867484473458917,
                "lvc_apb_master_monitor",
                29305,
                2943,
                39,
                14,
                -3420781040212146760,
                "lvc_apb_master_monitor::lvc_apb_master_cov_trans",
                0,
                0,
                0,
                0,
                0,
                "lvc_apb_master_agent",
                13513,
                1358,
                11,
                11,
                -6840367973833334160,
                "lvc_apb_slave_monitor",
                26048,
                2377,
                30,
                15,
                9055945120283371241,
                "lvc_apb_slave_monitor::lvc_apb_slave_cov_trans",
                0,
                0,
                0,
                0,
                0,
                "lvc_apb_slave_agent",
                13505,
                1356,
                11,
                11,
                1524002652057370173,
                "lvc_apb_reg_adapter",
                13880,
                1339,
                12,
                12,
                1552519473989812309
            ],
            "end_perf": [
                10.696563959121704,
                0.33602700000000002,
                0.045619,
                407856,
                407856,
                29781968793151,
                -5054199165077824807,
                0
            ],
            "nQuads": 4093,
            "nRouts": 164
        },
        "std": {
            "start_perf": [
                10.696692943572998,
                0.336142,
                0.045635000000000002,
                407856,
                407856,
                1672820761.40258,
                29781969032489
            ],
            "child_modules": {},
            "end_perf": [
                10.696754932403564,
                0.33619700000000002,
                0.045642000000000002,
                407856,
                407856,
                29781969191668,
                30064771073,
                0
            ],
            "skipped": 1
        },
        "rkv_i2c_if_1146083354_12": {
            "start_perf": [
                10.696794033050537,
                0.33623199999999998,
                0.045647,
                407856,
                407856,
                1672820761.4026811,
                29781969447394
            ],
            "child_modules": {},
            "end_perf": [
                10.696885824203491,
                0.33623199999999998,
                0.045738000000000001,
                407856,
                407856,
                29781969565373,
                30064771073,
                0
            ],
            "skipped": 1
        }
    },
    "reusePaths": {},
    "ObjArchives": [
        {
            "archive": "archive.0/__vcs_msglog_UF52e_4_archive_1.a",
            "objects": [
                [
                    "lvc_apb_pkg_d.o",
                    476384
                ]
            ],
            "size": 476384
        }
    ]
}