{
    "Modules": {
        "...MASTER...": {
            "start_perf": [
                9.9090070724487305,
                8.893656,
                0.94404100000000002,
                405772,
                405804,
                1672754958.658221,
                80358816297831
            ],
            "child_modules": {
                "vcs_paramclassrepository_UF52ed": 1,
                "uvm_pkg": 1,
                "lvc_apb_pkg": 1,
                "pc__vcs_msglog": 1,
                "std": 1,
                "rkv_i2c_pkg": 1,
                "_vcs_msglog": 1,
                "lvc_i2c_pkg": 1
            },
            "nMops": 0,
            "end_perf": [
                9.9097821712493896,
                8.8944310000000009,
                0.94404100000000002,
                405772,
                405804,
                80358818535527,
                0,
                0
            ],
            "nQuads": 0,
            "nRouts": 5
        },
        "lvc_i2c_pkg": {
            "start_perf": [
                9.9254860877990723,
                8.8950279999999999,
                0.95913000000000004,
                405772,
                405804,
                1672754958.6747,
                80358862489039
            ],
            "child_modules": {},
            "significant_routs": [
                [
                    1572,
                    "F_VCSClass_lvc_i2c_pkglvc_i2c_configuration_lvc_i2c_configuration3a3a__m_uvm_field_automation",
                    4567232459,
                    522828,
                    52736
                ],
                [
                    1576,
                    "F_VCSClass_lvc_i2c_pkglvc_i2c_configuration_lvc_i2c_configuration3a3ais_valid",
                    742671699,
                    97140,
                    8137
                ],
                [
                    1589,
                    "F_VCSClass_lvc_i2c_pkglvc_i2c_agent_configuration_lvc_i2c_agent_configuration3a3a__m_uvm_field_automation",
                    307420475,
                    57268,
                    5637
                ],
                [
                    1599,
                    "F_VCSClass_lvc_i2c_pkglvc_i2c_transaction_lvc_i2c_transaction3a3a__m_uvm_field_automation",
                    2324358442,
                    284095,
                    29330
                ],
                [
                    1602,
                    "F_VCSClass_lvc_i2c_pkglvc_i2c_transaction_lvc_i2c_transaction3a3ais_valid",
                    195934277,
                    31701,
                    2685
                ],
                [
                    1620,
                    "F_VCSClass_lvc_i2c_pkglvc_i2c_master_transaction_lvc_i2c_master_transaction3a3ais_valid",
                    141635145,
                    31806,
                    2648
                ],
                [
                    1665,
                    "F_VCSClass_lvc_i2c_pkglvc_i2c_master_agent_lvc_i2c_master_agent3a3a__m_uvm_field_automation",
                    285174569,
                    19593,
                    1996
                ],
                [
                    1667,
                    "F_VCSClass_lvc_i2c_pkglvc_i2c_master_agent_lvc_i2c_master_agent3a3abuild_phase",
                    236960591,
                    13608,
                    1399
                ],
                [
                    1677,
                    "F_VCSClass_lvc_i2c_pkglvc_i2c_slave_transaction_lvc_i2c_slave_transaction3a3ais_valid",
                    239866926,
                    20499,
                    1848
                ],
                [
                    1713,
                    "F_VCSClass_lvc_i2c_pkglvc_i2c_slave_agent_lvc_i2c_slave_agent3a3a__m_uvm_field_automation",
                    305184232,
                    19593,
                    1996
                ],
                [
                    1715,
                    "F_VCSClass_lvc_i2c_pkglvc_i2c_slave_agent_lvc_i2c_slave_agent3a3abuild_phase",
                    269771927,
                    14689,
                    1548
                ],
                [
                    1735,
                    "F_VCSClass_lvc_i2c_pkglvc_i2c_system_configuration_lvc_i2c_system_configuration3a3a__m_uvm_field_automation",
                    1043989639,
                    98366,
                    10090
                ],
                [
                    1742,
                    "F_VCSClass_lvc_i2c_pkglvc_i2c_system_env_lvc_i2c_system_env3a3a__m_uvm_field_automation",
                    147294924,
                    11516,
                    1200
                ]
            ],
            "nMops": 217881,