{
    "Modules": {
        "lvc_apb_pkg": {
            "nRouts": 164,
            "start_perf": [
                9.9290299415588379,
                0.00036299999999999999,
                0.0,
                405784,
                405784,
                1672833164.7565229,
                64431332286210
            ],
            "child_modules": {},
            "significant_routs": [
                [
                    47,
                    "F_VCSClass_lvc_apb_pkglvc_apb_transfer_lvc_apb_transfer3a3a__m_uvm_field_automation",
                    197479478,
                    29933,
                    2923
                ],
                [
                    64,
                    "F_VCSClass_lvc_apb_pkglvc_apb_master_monitor_lvc_apb_master_monitor3a3a__m_uvm_field_automation",
                    215351600,
                    13292,
                    1396
                ]
            ],
            "end_perf": [
                10.385705947875977,
                0.305535,
                0.060303000000000002,
                407884,
                407884,
                64432607827070,
                -5054199165077824807,
                0
            ],
            "svclass": [
                "lvc_apb_transfer",
                35761,
                3291,
                11,
                10,
                -2289534922778079590,
                "lvc_apb_config",
                9605,
                812,
                13,
                12,
                -3794867484473458917,
                "lvc_apb_master_monitor",
                29305,
                2943,
                39,
                14,
                -3420781040212146760,
                "lvc_apb_master_monitor::lvc_apb_master_cov_trans",
                0,
                0,
                0,
                0,
                0,
                "lvc_apb_master_agent",
                13513,
                1358,
                11,
                11,
                -6840367973833334160,
                "lvc_apb_slave_monitor",
                26048,
                2377,
                30,
                15,
                9055945120283371241,
                "lvc_apb_slave_monitor::lvc_apb_slave_cov_trans",
                0,
                0,
                0,
                0,
                0,
                "lvc_apb_slave_agent",
                13505,
                1356,
                11,
                11,
                1524002652057370173,
                "lvc_apb_reg_adapter",
                13880,
                1339,
                12,
                12,
                1552519473989812309
            ],
            "nQuads": 4093,
            "nMops": 13808
        },
        "std": {
            "start_perf": [
                10.385839939117432,
                0.305647,
                0.060324999999999997,
                407884,
                407884,
                1672833165.2133329,
                64432608108426
            ],
            "child_modules": {},
            "end_perf": [
                10.385915040969849,
                0.30570999999999998,
                0.060337000000000002,
                407884,
                407884,
                64432608293102,
                30064771073,
                0
            ],
            "skipped": 1
        },
        "rkv_i2c_if_1146083354_12": {
            "start_perf": [
                10.385962963104248,
                0.305751,
                0.060345000000000003,
                407884,
                407884,
                1672833165.2134559,
                64432608417292
            ],
            "child_modules": {},
            "end_perf": [
                10.386003017425537,
                0.305784,
                0.060352000000000003,
                407884,
                407884,
                64432608526640,
                30064771073,
                0
            ],
            "skipped": 1
        }
    },
    "ObjArchives": [
        {
            "objects": [
                [
                    "lvc_apb_pkg_d.o",
                    476384
                ]
            ],
            "archive": "archive.0/__vcs_msglog_UF52e_4_archive_1.a",
            "size": 476384
        }
    ],
    "CompUnits": {
        "lvc_apb_pkg_d": {
            "mod": "lvc_apb_pkg",
            "archive": "archive.0/__vcs_msglog_UF52e_4_archive_1.a",
            "cls": 141617,
            "text": 144842,
            "bytes": 476384,
            "out": "lvc_apb_pkg_d.o",
            "mode": 4,
            "checksum": 4294967295
        }
    },
    "reusePaths": {},
    "stat": {
        "ru_self_end": {
            "ru_nvcsw": 0,
            "ru_majflt": 0,
            "ru_utime_sec": 0.305784,
            "ru_minflt": 5217,
            "ru_stime_sec": 0.060887999999999998,
            "ru_maxrss_kb": 165196,
            "ru_nivcsw": 24
        },
        "peak_mem_kb": 407888,
        "ru_childs_end": {
            "ru_nvcsw": 0,
            "ru_majflt": 0,
            "ru_utime_sec": 0.0,
            "ru_minflt": 0,
            "ru_stime_sec": 0.0,
            "ru_maxrss_kb": 0,
            "ru_nivcsw": 0
        },
        "cpu_cycles_end": 64432609962023
    }
}