{
    "Modules": {
        "rkv_i2c_if_1146083354_12": {
            "end_perf": [
                9.7488911151885986,
                0.33201900000000001,
                0.043360000000000003,
                407912,
                407912,
                47920161863134,
                30064771073,
                0
            ],
            "start_perf": [
                9.748837947845459,
                0.33197100000000002,
                0.043353999999999997,
                407912,
                407912,
                1672921548.8349049,
                47920161715403
            ],
            "child_modules": {},
            "skipped": 1
        },
        "lvc_apb_pkg": {
            "end_perf": [
                9.7485311031341553,
                0.33169999999999999,
                0.043319000000000003,
                407912,
                407912,
                47920160998373,
                -5054199165077824807,
                0
            ],
            "start_perf": [
                9.3219571113586426,
                0.00041300000000000001,
                0.0,
                405804,
                405804,
                1672921548.4080241,
                47918969428960
            ],
            "nQuads": 4093,
            "child_modules": {},
            "nRouts": 164,
            "nMops": 13808,
            "significant_routs": [
                [
                    47,
                    "F_VCSClass_lvc_apb_pkglvc_apb_transfer_lvc_apb_transfer3a3a__m_uvm_field_automation",
                    221488011,
                    29933,
                    2923
                ]
            ],
            "svclass": [
                "lvc_apb_transfer",
                35761,
                3291,
                11,
                10,
                -2289534922778079590,
                "lvc_apb_config",
                9605,
                812,
                13,
                12,
                -3794867484473458917,
                "lvc_apb_master_monitor",
                29305,
                2943,
                39,
                14,
                -3420781040212146760,
                "lvc_apb_master_monitor::lvc_apb_master_cov_trans",
                0,
                0,
                0,
                0,
                0,
                "lvc_apb_master_agent",
                13513,
                1358,
                11,
                11,
                -6840367973833334160,
                "lvc_apb_slave_monitor",
                26048,
                2377,
                30,
                15,
                9055945120283371241,
                "lvc_apb_slave_monitor::lvc_apb_slave_cov_trans",
                0,
                0,
                0,
                0,
                0,
                "lvc_apb_slave_agent",
                13505,
                1356,
                11,
                11,
                1524002652057370173,
                "lvc_apb_reg_adapter",
                13880,
                1339,
                12,
                12,
                1552519473989812309
            ]
        },
        "std": {
            "end_perf": [
                9.7487709522247314,
                0.33191300000000001,
                0.043346000000000003,
                407912,
                407912,
                47920161558948,
                30064771073,
                0
            ],
            "start_perf": [
                9.7486860752105713,
                0.33183699999999999,
                0.043336,
                407912,
                407912,
                1672921548.834753,
                47920161321124
            ],
            "child_modules": {},
            "skipped": 1
        }
    },
    "CompUnits": {
        "lvc_apb_pkg_d": {
            "checksum": 4294967295,
            "mod": "lvc_apb_pkg",
            "out": "lvc_apb_pkg_d.o",
            "archive": "archive.0/__vcs_msglog_UF52e_4_archive_1.a",
            "bytes": 476384,
            "text": 144842,
            "cls": 141617,
            "mode": 4
        }
    },
    "ObjArchives": [
        {
            "archive": "archive.0/__vcs_msglog_UF52e_4_archive_1.a",
            "objects": [
                [
                    "lvc_apb_pkg_d.o",
                    476384
                ]
            ],
            "size": 476384
        }
    ],
    "reusePaths": {},
    "stat": {
        "ru_self_end": {
            "ru_majflt": 0,
            "ru_utime_sec": 0.33255000000000001,
            "ru_nvcsw": 1,
            "ru_stime_sec": 0.043430000000000003,
            "ru_maxrss_kb": 165944,
            "ru_minflt": 5220,
            "ru_nivcsw": 21
        },
        "peak_mem_kb": 407916,
        "ru_childs_end": {
            "ru_majflt": 0,
            "ru_utime_sec": 0.0,
            "ru_nvcsw": 0,
            "ru_stime_sec": 0.0,
            "ru_maxrss_kb": 0,
            "ru_minflt": 0,
            "ru_nivcsw": 0
        },
        "cpu_cycles_end": 47920163461789
    }
}