{
    "ObjArchives": [
        {
            "archive": "archive.0/__vcs_msglog_UF52e_1_archive_1.a",
            "objects": [
                [
                    "lvc_i2c_pkg_d.o",
                    4670738
                ],
                [
                    "_vcs_msglog_d.o",
                    45780
                ],
                [
                    "SIMB.o",
                    119940
                ]
            ],
            "size": 4836458
        }
    ],
    "Modules": {
        "_vcs_msglog": {
            "start_perf": [
                13.933923006057739,
                12.68102,
                1.1437820000000001,
                408604,
                408604,
                1672401349.2119019,
                71387960502680
            ],
            "svclass": [
                "rkv_i2c_if_1146083354_12_vcs_virt_intf_C",
                0,
                0,
                0,
                0,
                0,
                "lvc_i2c_if_1146083354_12_vcs_virt_intf_C",
                0,
                0,
                0,
                0,
                0,
                "lvc_apb_if_1146083354_12_vcs_virt_intf_C",
                0,
                0,
                0,
                0,
                0
            ],
            "child_modules": {},
            "nMops": 80,
            "end_perf": [
                13.940096139907837,
                12.684252000000001,
                1.1467229999999999,
                408604,
                408628,
                71387977644204,
                6505974944744156591,
                0
            ],
            "nQuads": 30,
            "nRouts": 10
        },
        "...MASTER...": {
            "start_perf": [
                9.4907240867614746,
                8.5045760000000001,
                0.87997700000000001,
                405680,
                405712,
                1672401344.768703,
                71375548709913
            ],
            "child_modules": {
                "pc__vcs_msglog": 1,
                "uvm_pkg": 1,
                "vcs_paramclassrepository_UF52ed": 1,
                "_vcs_msglog": 1,
                "rkv_i2c_pkg": 1,
                "std": 1,
                "lvc_apb_pkg": 1,
                "lvc_i2c_pkg": 1
            },
            "nMops": 0,
            "end_perf": [
                9.4955720901489258,
                8.5045760000000001,
                0.884826,
                405680,
                405712,
                71375561687416,
                0,
                0
            ],
            "nQuads": 0,
            "nRouts": 5
        },
        "lvc_i2c_pkg": {
            "start_perf": [
                9.5055902004241943,
                8.5053820000000009,
                0.89403699999999997,
                405680,
                405712,
                1672401344.7835691,
                71375589735727
            ],
            "svclass": [
                "lvc_configuration",
                12097,
                964,
                10,
                10,
                2708757170585696712,
                "lvc_i2c_configuration",
                670734,
                68003,
                20,
                19,
                1943104463212659733,
                "lvc_i2c_agent_configuration",
                77273,
                7417,
                13,
                13,
                -1851766196339962603,
                "lvc_i2c_transaction",
                323733,
                32760,
                13,
                12,
                -7274046663751038896,
                "lvc_i2c_bfm_common",
                20974,
                2725,
                30,
                16,
                8711039859241879408,
                "lvc_i2c_master_transaction",
                42986,
                3957,
                12,
                11,
                -2379331327186413632,
                "lvc_i2c_master_monitor_common",
                81560,
                11127,
                152,
                15,
                -9095523992493303917,
                "lvc_i2c_master_monitor",
                38603,
                3627,
                46,
                15,
                -3876254155499913783,
                "lvc_i2c_master_monitor::lvc_i2c_master_cov_trans",
                0,
                0,
                0,
                0,
                0,
                "lvc_i2c_master_driver_callback",
                8249,
                554,
                11,
                11,
                843707476457601664,
                "lvc_i2c_master_driver_common",
                261783,
                28606,
                881,
                27,
                -1621738086199275651,
                "lvc_i2c_master_agent",
                45555,
                4284,
                19,
                14,
                -1032320271025885963,
                "lvc_i2c_slave_transaction",
                30609,
                2922,
                12,
                11,
                -4426760780633006683,
                "lvc_i2c_slave_monitor_common",
                81332,
                11091,
                152,
                15,
                6750403892549153797,
                "lvc_i2c_slave_monitor",
                39095,
                3647,
                48,
                15,
                -5991289036018709291,
                "lvc_i2c_slave_monitor::lvc_i2c_slave_cov_trans",
                0,
                0,
                0,
                0,
                0,
                "lvc_i2c_slave_driver_common",
                105569,
                13713,
                282,
                16,
                -357358078767413515,
                "lvc_i2c_slave_agent",
                46636,
                4433,
                19,
                14,
                7415185838954543879,
                "lvc_i2c_system_configuration",
                119971,
                12331,
                23,
                22,
                -8799919357542244782,
                "lvc_i2c_system_env",
                42860,
                4298,
                30,
                18,
                -5942760264536073654
            ],