{
    "stat": {
        "ru_self_end": {
            "ru_minflt": 5202,
            "ru_utime_sec": 0.28351100000000001,
            "ru_nivcsw": 22,
            "ru_maxrss_kb": 164600,
            "ru_stime_sec": 0.108371,
            "ru_majflt": 12,
            "ru_nvcsw": 3
        },
        "ru_childs_end": {
            "ru_minflt": 0,
            "ru_utime_sec": 0.0,
            "ru_nivcsw": 0,
            "ru_maxrss_kb": 0,
            "ru_stime_sec": 0.0,
            "ru_majflt": 0,
            "ru_nvcsw": 0
        },
        "peak_mem_kb": 407952,
        "cpu_cycles_end": 20298165088398
    },
    "ObjArchives": [
        {
            "archive": "archive.0/__vcs_msglog_UF52e_4_archive_1.a",
            "objects": [
                [
                    "lvc_apb_pkg_d.o",
                    476376
                ]
            ],
            "size": 476376
        }
    ],
    "Modules": {
        "lvc_apb_pkg": {
            "start_perf": [
                9.4212009906768799,
                0.00036999999999999999,
                0.0,
                405844,
                405844,
                1672817366.051811,
                20296894371660
            ],
            "child_modules": {},
            "significant_routs": [
                [
                    47,
                    "F_VCSClass_lvc_apb_pkglvc_apb_transfer_lvc_apb_transfer3a3a__m_uvm_field_automation",
                    164299783,
                    29933,
                    2923
                ],
                [
                    64,
                    "F_VCSClass_lvc_apb_pkglvc_apb_master_monitor_lvc_apb_master_monitor3a3a__m_uvm_field_automation",
                    140629834,
                    13292,
                    1396
                ]
            ],
            "nRouts": 164,
            "end_perf": [
                9.8753409385681152,
                0.28330300000000003,
                0.107735,
                407948,
                407948,
                20298162911835,
                -5054199165077824807,
                0
            ],
            "nMops": 13808,
            "svclass": [
                "lvc_apb_transfer",
                35761,
                3291,
                11,
                10,
                -2289534922778079590,
                "lvc_apb_config",
                9605,
                812,
                13,
                12,
                -3794867484473458917,
                "lvc_apb_master_monitor",
                29305,
                2943,
                39,
                14,
                -3420781040212146760,
                "lvc_apb_master_monitor::lvc_apb_master_cov_trans",
                0,
                0,
                0,
                0,
                0,
                "lvc_apb_master_agent",
                13513,
                1358,
                11,
                11,
                -6840367973833334160,
                "lvc_apb_slave_monitor",
                26048,
                2377,
                30,
                15,
                9055945120283371241,
                "lvc_apb_slave_monitor::lvc_apb_slave_cov_trans",
                0,
                0,
                0,
                0,
                0,
                "lvc_apb_slave_agent",
                13505,
                1356,
                11,
                11,
                1524002652057370173,
                "lvc_apb_reg_adapter",
                13880,
                1339,
                12,
                12,
                1552519473989812309
            ],
            "nQuads": 4093
        },
        "std": {
            "start_perf": [
                9.8754749298095703,
                0.28340100000000001,
                0.10777200000000001,
                407948,
                407948,
                1672817366.5060849,
                20298163193243
            ],
            "child_modules": {},
            "end_perf": [
                9.8755481243133545,
                0.28345399999999998,
                0.107792,
                407948,
                407948,
                20298163367533,
                30064771073,
                0
            ],
            "skipped": 1
        },
        "rkv_i2c_if_1146083354_12": {
            "start_perf": [
                9.8755900859832764,
                0.28348499999999999,
                0.107804,
                407948,
                407948,
                1672817366.5062001,
                20298163480535
            ],
            "child_modules": {},
            "end_perf": [
                9.8756260871887207,
                0.28351100000000001,
                0.10781399999999999,
                407948,
                407948,
                20298163574209,
                30064771073,
                0
            ],
            "skipped": 1
        }
    },
    "reusePaths": {},
    "CompUnits": {
        "lvc_apb_pkg_d": {
            "text": 144842,
            "mod": "lvc_apb_pkg",
            "archive": "archive.0/__vcs_msglog_UF52e_4_archive_1.a",
            "checksum": 4294967295,
            "out": "lvc_apb_pkg_d.o",
            "bytes": 476376,
            "cls": 141617,
            "mode": 4
        }
    }
}