{
    "reusePaths": {},
    "Modules": {
        "...MASTER...": {
            "start_perf": [
                10.131731033325195,
                8.1592610000000008,
                1.813949,
                405808,
                405840,
                1672750236.0106211,
                67165882966676
            ],
            "nMops": 0,
            "child_modules": {
                "pc__vcs_msglog": 1,
                "uvm_pkg": 1,
                "std": 1,
                "lvc_i2c_pkg": 1,
                "rkv_i2c_pkg": 1,
                "lvc_apb_pkg": 1,
                "_vcs_msglog": 1,
                "vcs_paramclassrepository_UF52ed": 1
            },
            "nQuads": 0,
            "end_perf": [
                10.133691072463989,
                8.1612200000000001,
                1.813949,
                405808,
                405840,
                67165888441715,
                0,
                0
            ],
            "nRouts": 5
        },
        "lvc_i2c_pkg": {
            "start_perf": [
                10.144675970077515,
                8.1621570000000006,
                1.8239510000000001,
                405808,
                405840,
                1672750236.023566,
                67165919333516
            ],
            "nMops": 217881,
            "child_modules": {},
            "significant_routs": [
                [
                    1572,
                    "F_VCSClass_lvc_i2c_pkglvc_i2c_configuration_lvc_i2c_configuration3a3a__m_uvm_field_automation",
                    4548135194,
                    522828,
                    52736
                ],
                [
                    1576,
                    "F_VCSClass_lvc_i2c_pkglvc_i2c_configuration_lvc_i2c_configuration3a3ais_valid",
                    563221083,
                    97140,
                    8137
                ],
                [
                    1589,
                    "F_VCSClass_lvc_i2c_pkglvc_i2c_agent_configuration_lvc_i2c_agent_configuration3a3a__m_uvm_field_automation",
                    251900595,
                    57268,
                    5637
                ],
                [
                    1599,
                    "F_VCSClass_lvc_i2c_pkglvc_i2c_transaction_lvc_i2c_transaction3a3a__m_uvm_field_automation",
                    2282631989,
                    284095,
                    29330
                ],
                [
                    1602,
                    "F_VCSClass_lvc_i2c_pkglvc_i2c_transaction_lvc_i2c_transaction3a3ais_valid",
                    214934213,
                    31701,
                    2685
                ],
                [
                    1620,
                    "F_VCSClass_lvc_i2c_pkglvc_i2c_master_transaction_lvc_i2c_master_transaction3a3ais_valid",
                    227892078,
                    31806,
                    2648
                ],
                [
                    1634,
                    "F_VCSClass_lvc_i2c_pkglvc_i2c_master_monitor_lvc_i2c_master_monitor3a3a__m_uvm_field_automation",
                    171362109,
                    13292,
                    1396
                ],
                [
                    1665,
                    "F_VCSClass_lvc_i2c_pkglvc_i2c_master_agent_lvc_i2c_master_agent3a3a__m_uvm_field_automation",
                    464606677,
                    19593,
                    1996
                ],
                [
                    1667,
                    "F_VCSClass_lvc_i2c_pkglvc_i2c_master_agent_lvc_i2c_master_agent3a3abuild_phase",
                    287069606,
                    13608,
                    1399
                ],
                [
                    1677,
                    "F_VCSClass_lvc_i2c_pkglvc_i2c_slave_transaction_lvc_i2c_slave_transaction3a3ais_valid",
                    445502056,
                    20499,
                    1848
                ],
                [
                    1691,
                    "F_VCSClass_lvc_i2c_pkglvc_i2c_slave_monitor_lvc_i2c_slave_monitor3a3a__m_uvm_field_automation",
                    191394824,
                    13292,
                    1396
                ],
                [
                    1713,
                    "F_VCSClass_lvc_i2c_pkglvc_i2c_slave_agent_lvc_i2c_slave_agent3a3a__m_uvm_field_automation",
                    566625184,
                    19593,
                    1996
                ],
                [
                    1715,
                    "F_VCSClass_lvc_i2c_pkglvc_i2c_slave_agent_lvc_i2c_slave_agent3a3abuild_phase",
                    358180317,
                    14689,
                    1548
                ],
                [
                    1735,
                    "F_VCSClass_lvc_i2c_pkglvc_i2c_system_configuration_lvc_i2c_system_configuration3a3a__m_uvm_field_automation",
                    1965314483,
                    98366,
                    10090
                ],
                [
                    1742,
                    "F_VCSClass_lvc_i2c_pkglvc_i2c_system_env_lvc_i2c_system_env3a3a__m_uvm_field_automation",
                    356815582,
                    11516,
                    1200
                ],
                [
                    1744,
                    "F_VCSClass_lvc_i2c_pkglvc_i2c_system_env_lvc_i2c_system_env3a3abuild_phase",
                    177826116,
                    9831,
                    1097
                ]
            ],
            "nQuads": 64903,
            "end_perf": [
                17.038061857223511,
                14.373887,
                2.3861780000000001,
                408720,
                408720,
                67185176221947,
                2875367100509148050,
                0
            ],