{
    "Modules": {
        "...MASTER...": {
            "nRouts": 5,
            "start_perf": [
                14.942134857177734,
                13.918589000000001,
                0.77254400000000001,
                405804,
                419960,
                1672915504.772229,
                31035867644652
            ],
            "child_modules": {
                "uvm_pkg": 1,
                "lvc_i2c_pkg": 1,
                "pc__vcs_msglog": 1,
                "rkv_i2c_pkg": 1,
                "std": 1,
                "_vcs_msglog": 1,
                "lvc_apb_pkg": 1,
                "vcs_paramclassrepository_UF52ed": 1
            },
            "nMops": 0,
            "end_perf": [
                14.942742824554443,
                13.918589000000001,
                0.77315199999999995,
                405804,
                419960,
                31035869346112,
                0,
                0
            ],
            "nQuads": 0
        },
        "lvc_i2c_pkg": {
            "nRouts": 1867,
            "start_perf": [
                14.95211386680603,
                13.918589000000001,
                0.78249500000000005,
                405804,
                419960,
                1672915504.782208,
                31035895719534
            ],
            "significant_routs": [
                [
                    1572,
                    "F_VCSClass_lvc_i2c_pkglvc_i2c_configuration_lvc_i2c_configuration3a3a__m_uvm_field_automation",
                    3813686493,
                    522828,
                    52736
                ],
                [
                    1576,
                    "F_VCSClass_lvc_i2c_pkglvc_i2c_configuration_lvc_i2c_configuration3a3ais_valid",
                    482742947,
                    97140,
                    8137
                ],
                [
                    1589,
                    "F_VCSClass_lvc_i2c_pkglvc_i2c_agent_configuration_lvc_i2c_agent_configuration3a3a__m_uvm_field_automation",
                    288999583,
                    57268,
                    5637
                ],
                [
                    1599,
                    "F_VCSClass_lvc_i2c_pkglvc_i2c_transaction_lvc_i2c_transaction3a3a__m_uvm_field_automation",
                    1883646423,
                    284095,
                    29330
                ],
                [
                    1713,
                    "F_VCSClass_lvc_i2c_pkglvc_i2c_slave_agent_lvc_i2c_slave_agent3a3a__m_uvm_field_automation",
                    235534570,
                    19593,
                    1996
                ],
                [
                    1735,
                    "F_VCSClass_lvc_i2c_pkglvc_i2c_system_configuration_lvc_i2c_system_configuration3a3a__m_uvm_field_automation",
                    815000068,
                    98366,
                    10090
                ]
            ],
            "child_modules": {},
            "nMops": 217881,
            "end_perf": [
                19.810239791870117,
                18.507124000000001,
                0.95466899999999999,
                408796,
                419960,
                31049467004993,
                2875367100509148050,
                0
            ],
            "svclass": [
                "lvc_configuration",
                12097,
                964,
                10,
                10,
                2708757170585696712,
                "lvc_i2c_configuration",
                670734,
                68003,
                20,
                19,
                1943104463212659733,
                "lvc_i2c_agent_configuration",
                77273,
                7417,
                13,
                13,
                -1851766196339962603,
                "lvc_i2c_transaction",
                323733,
                32760,
                13,
                12,
                -7274046663751038896,
                "lvc_i2c_bfm_common",
                20974,
                2725,
                30,
                16,
                8711039859241879408,
                "lvc_i2c_master_transaction",
                42986,
                3957,
                12,
                11,
                -2379331327186413632,
                "lvc_i2c_master_monitor_common",
                81560,
                11127,
                152,
                15,
                -9095523992493303917,
                "lvc_i2c_master_monitor",
                38603,
                3627,
                46,
                15,
                -3876254155499913783,
                "lvc_i2c_master_monitor::lvc_i2c_master_cov_trans",
                0,
                0,
                0,
                0,
                0,
                "lvc_i2c_master_driver_callback",
                8249,
                554,
                11,
                11,
                843707476457601664,
                "lvc_i2c_master_driver_common",
                261783,
                28606,
                881,
                27,
                -1621738086199275651,
                "lvc_i2c_master_agent",
                45555,
                4284,
                19,
                14,
                -1032320271025885963,
                "lvc_i2c_slave_transaction",
                30609,
                2922,
                12,
                11,
                -4426760780633006683,
                "lvc_i2c_slave_monitor_common",
                81332,
                11091,
                152,
                15,
                6750403892549153797,
                "lvc_i2c_slave_monitor",
                39095,
                3647,
                48,
                15,
                -5991289036018709291,
                "lvc_i2c_slave_monitor::lvc_i2c_slave_cov_trans",
                0,
                0,
                0,
                0,
                0,
                "lvc_i2c_slave_driver_common",
                105569,
                13713,
                282,
                16,
                -357358078767413515,
                "lvc_i2c_slave_agent",
                46636,
                4433,
                19,
                14,
                7415185838954543879,
                "lvc_i2c_system_configuration",
                119971,
                12331,
                23,
                22,
                -8799919357542244782,
                "lvc_i2c_system_env",
                42860,
                4298,
                30,
                18,
                -5942760264536073654
            ],
            "nQuads": 64903
        },
        "_vcs_msglog": {
            "nRouts": 10,
            "start_perf": [
                19.8105628490448,
                18.507449999999999,
                0.95466899999999999,
                408796,
                419960,
                1672915509.6406569,
                31049467818598
            ],
            "child_modules": {},
            "nMops": 80,
            "end_perf": [
                19.816267967224121,
                18.510010999999999,
                0.95781300000000003,
                408796,
                419960,
                31049483824388,
                6505974944744156591,
                0
            ],
            "svclass": [
                "rkv_i2c_if_1146083354_12_vcs_virt_intf_C",
                0,
                0,
                0,
                0,
                0,
                "lvc_i2c_if_1146083354_12_vcs_virt_intf_C",
                0,
                0,
                0,
                0,
                0,
                "lvc_apb_if_1146083354_12_vcs_virt_intf_C",
                0,
                0,
                0,
                0,
                0
            ],
            "nQuads": 30
        }
    },
    "reusePaths": {},
    "CompUnits": {
        "lvc_i2c_pkg_d": {
            "mode": 4,