{
    "reusePaths": {},
    "CompUnits": {
        "lvc_apb_pkg_d": {
            "out": "lvc_apb_pkg_d.o",
            "mod": "lvc_apb_pkg",
            "bytes": 476384,
            "text": 144842,
            "cls": 141617,
            "mode": 4,
            "checksum": 4294967295,
            "archive": "archive.0/__vcs_msglog_UF52e_4_archive_1.a"
        }
    },
    "Modules": {
        "std": {
            "skipped": 1,
            "start_perf": [
                10.220144033432007,
                0.30819999999999997,
                0.029304,
                408004,
                408004,
                1672925015.0463099,
                57603140887266
            ],
            "child_modules": {},
            "end_perf": [
                10.220249176025391,
                0.30829699999999999,
                0.029312999999999999,
                408004,
                408004,
                57603141115997,
                30064771073,
                0
            ]
        },
        "lvc_apb_pkg": {
            "svclass": [
                "lvc_apb_transfer",
                35761,
                3291,
                11,
                10,
                -2289534922778079590,
                "lvc_apb_config",
                9605,
                812,
                13,
                12,
                -3794867484473458917,
                "lvc_apb_master_monitor",
                29305,
                2943,
                39,
                14,
                -3420781040212146760,
                "lvc_apb_master_monitor::lvc_apb_master_cov_trans",
                0,
                0,
                0,
                0,
                0,
                "lvc_apb_master_agent",
                13513,
                1358,
                11,
                11,
                -6840367973833334160,
                "lvc_apb_slave_monitor",
                26048,
                2377,
                30,
                15,
                9055945120283371241,
                "lvc_apb_slave_monitor::lvc_apb_slave_cov_trans",
                0,
                0,
                0,
                0,
                0,
                "lvc_apb_slave_agent",
                13505,
                1356,
                11,
                11,
                1524002652057370173,
                "lvc_apb_reg_adapter",
                13880,
                1339,
                12,
                12,
                1552519473989812309
            ],
            "start_perf": [
                9.8605930805206299,
                0.000486,
                0.0,
                405904,
                405904,
                1672925014.686759,
                57602136787038
            ],
            "child_modules": {},
            "end_perf": [
                10.21992015838623,
                0.30799500000000002,
                0.029284000000000001,
                408004,
                408004,
                57603140457904,
                -5054199165077824807,
                0
            ],
            "nMops": 13808,
            "nQuads": 4093,
            "nRouts": 164
        },
        "rkv_i2c_if_1146083354_12": {
            "skipped": 1,
            "start_perf": [
                10.220308065414429,
                0.30835200000000001,
                0.029318,
                408004,
                408004,
                1672925015.046474,
                57603141264503
            ],
            "child_modules": {},
            "end_perf": [
                10.220353126525879,
                0.30839299999999997,
                0.029322000000000001,
                408004,
                408004,
                57603141379364,
                30064771073,
                0
            ]
        }
    },
    "ObjArchives": [
        {
            "archive": "archive.0/__vcs_msglog_UF52e_4_archive_1.a",
            "size": 476384,
            "objects": [
                [
                    "lvc_apb_pkg_d.o",
                    476384
                ]
            ]
        }
    ],
    "stat": {
        "ru_self_end": {
            "ru_nivcsw": 17,
            "ru_utime_sec": 0.308973,
            "ru_stime_sec": 0.029322000000000001,
            "ru_maxrss_kb": 172548,
            "ru_minflt": 5165,
            "ru_nvcsw": 2,
            "ru_majflt": 2
        },
        "ru_childs_end": {
            "ru_nivcsw": 0,
            "ru_utime_sec": 0.0,
            "ru_stime_sec": 0.0,
            "ru_maxrss_kb": 0,
            "ru_minflt": 0,
            "ru_nvcsw": 0,
            "ru_majflt": 0
        },
        "cpu_cycles_end": 57603142935471,
        "peak_mem_kb": 408008
    }
}