{
    "stat": {
        "peak_mem_kb": 407976,
        "ru_self_end": {
            "ru_utime_sec": 0.30812499999999998,
            "ru_stime_sec": 0.036580000000000001,
            "ru_minflt": 5190,
            "ru_maxrss_kb": 166512,
            "ru_majflt": 0,
            "ru_nvcsw": 0,
            "ru_nivcsw": 30
        },
        "ru_childs_end": {
            "ru_utime_sec": 0.0,
            "ru_stime_sec": 0.0,
            "ru_minflt": 0,
            "ru_maxrss_kb": 0,
            "ru_majflt": 0,
            "ru_nvcsw": 0,
            "ru_nivcsw": 0
        },
        "cpu_cycles_end": 58729309705629
    },
    "Modules": {
        "lvc_apb_pkg": {
            "significant_routs": [
                [
                    47,
                    "F_VCSClass_lvc_apb_pkglvc_apb_transfer_lvc_apb_transfer3a3a__m_uvm_field_automation",
                    242436293,
                    29933,
                    2923
                ]
            ],
            "start_perf": [
                11.049098968505859,
                0.00037800000000000003,
                0.0,
                405848,
                405848,
                1672925417.767817,
                58728157200739
            ],
            "child_modules": {},
            "nMops": 13808,
            "end_perf": [
                11.460729837417603,
                0.307894,
                0.035871,
                407972,
                407972,
                58729307029237,
                -5054199165077824807,
                0
            ],
            "nQuads": 4093,
            "svclass": [
                "lvc_apb_transfer",
                35761,
                3291,
                11,
                10,
                -2289534922778079590,
                "lvc_apb_config",
                9605,
                812,
                13,
                12,
                -3794867484473458917,
                "lvc_apb_master_monitor",
                29305,
                2943,
                39,
                14,
                -3420781040212146760,
                "lvc_apb_master_monitor::lvc_apb_master_cov_trans",
                0,
                0,
                0,
                0,
                0,
                "lvc_apb_master_agent",
                13513,
                1358,
                11,
                11,
                -6840367973833334160,
                "lvc_apb_slave_monitor",
                26048,
                2377,
                30,
                15,
                9055945120283371241,
                "lvc_apb_slave_monitor::lvc_apb_slave_cov_trans",
                0,
                0,
                0,
                0,
                0,
                "lvc_apb_slave_agent",
                13505,
                1356,
                11,
                11,
                1524002652057370173,
                "lvc_apb_reg_adapter",
                13880,
                1339,
                12,
                12,
                1552519473989812309
            ],
            "nRouts": 164
        },
        "std": {
            "start_perf": [
                11.460867881774902,
                0.30801899999999999,
                0.035885,
                407972,
                407972,
                1672925418.1795859,
                58729307297511
            ],
            "child_modules": {},
            "skipped": 1,
            "end_perf": [
                11.460937976837158,
                0.30808200000000002,
                0.035893000000000001,
                407972,
                407972,
                58729307479250,
                30064771073,
                0
            ]
        },
        "rkv_i2c_if_1146083354_12": {
            "start_perf": [
                11.460985898971558,
                0.30812499999999998,
                0.035897999999999999,
                407972,
                407972,
                1672925418.179704,
                58729307996394
            ],
            "child_modules": {},
            "skipped": 1,
            "end_perf": [
                11.461169004440308,
                0.30812499999999998,
                0.035987999999999999,
                407972,
                407972,
                58729308139599,
                30064771073,
                0
            ]
        }
    },
    "CompUnits": {
        "lvc_apb_pkg_d": {
            "archive": "archive.0/__vcs_msglog_UF52e_4_archive_1.a",
            "checksum": 4294967295,
            "out": "lvc_apb_pkg_d.o",
            "mod": "lvc_apb_pkg",
            "bytes": 476384,
            "text": 144842,
            "mode": 4,
            "cls": 141617
        }
    },
    "reusePaths": {},
    "ObjArchives": [
        {
            "archive": "archive.0/__vcs_msglog_UF52e_4_archive_1.a",
            "objects": [
                [
                    "lvc_apb_pkg_d.o",
                    476384
                ]
            ],
            "size": 476384
        }
    ]
}