{
    "reusePaths": {},
    "CompUnits": {
        "lvc_i2c_pkg_d": {
            "out": "lvc_i2c_pkg_d.o",
            "mod": "lvc_i2c_pkg",
            "archive": "archive.0/__vcs_msglog_UF52e_1_archive_1.a",
            "bytes": 4670738,
            "cls": 2049619,
            "text": 2064699,
            "checksum": 4294967295,
            "mode": 4
        },
        "_vcs_msglog_d": {
            "out": "_vcs_msglog_d.o",
            "mod": "_vcs_msglog",
            "archive": "archive.0/__vcs_msglog_UF52e_1_archive_1.a",
            "bytes": 45780,
            "text": 735,
            "checksum": 4294967295,
            "mode": 4
        }
    },
    "Modules": {
        "...MASTER...": {
            "start_perf": [
                23.744606971740723,
                22.520969000000001,
                1.0392319999999999,
                405740,
                405772,
                1672489875.115144,
                61907712949273
            ],
            "nQuads": 0,
            "child_modules": {
                "uvm_pkg": 1,
                "vcs_paramclassrepository_UF52ed": 1,
                "_vcs_msglog": 1,
                "rkv_i2c_pkg": 1,
                "pc__vcs_msglog": 1,
                "std": 1,
                "lvc_apb_pkg": 1,
                "lvc_i2c_pkg": 1
            },
            "nRouts": 5,
            "nMops": 0,
            "end_perf": [
                23.74708890914917,
                22.522286000000001,
                1.040403,
                405740,
                405772,
                61907718158729,
                0,
                0
            ]
        },
        "lvc_i2c_pkg": {
            "start_perf": [
                23.766860961914062,
                22.524518,
                1.057909,
                405740,
                405772,
                1672489875.137398,
                61907772982819
            ],
            "nQuads": 64903,
            "significant_routs": [
                [
                    1572,
                    "F_VCSClass_lvc_i2c_pkglvc_i2c_configuration_lvc_i2c_configuration3a3a__m_uvm_field_automation",
                    8402378711,
                    522828,
                    52736
                ],
                [
                    1576,
                    "F_VCSClass_lvc_i2c_pkglvc_i2c_configuration_lvc_i2c_configuration3a3ais_valid",
                    996053769,
                    97140,
                    8137
                ],
                [
                    1589,
                    "F_VCSClass_lvc_i2c_pkglvc_i2c_agent_configuration_lvc_i2c_agent_configuration3a3a__m_uvm_field_automation",
                    958940516,
                    57268,
                    5637
                ],
                [
                    1599,
                    "F_VCSClass_lvc_i2c_pkglvc_i2c_transaction_lvc_i2c_transaction3a3a__m_uvm_field_automation",
                    4398514281,
                    284095,
                    29330
                ],
                [
                    1602,
                    "F_VCSClass_lvc_i2c_pkglvc_i2c_transaction_lvc_i2c_transaction3a3ais_valid",
                    414444158,
                    31701,
                    2685
                ],
                [
                    1620,
                    "F_VCSClass_lvc_i2c_pkglvc_i2c_master_transaction_lvc_i2c_master_transaction3a3ais_valid",
                    563088300,
                    31806,
                    2648
                ],
                [
                    1634,
                    "F_VCSClass_lvc_i2c_pkglvc_i2c_master_monitor_lvc_i2c_master_monitor3a3a__m_uvm_field_automation",
                    382964779,
                    13292,
                    1396
                ],
                [
                    1665,
                    "F_VCSClass_lvc_i2c_pkglvc_i2c_master_agent_lvc_i2c_master_agent3a3a__m_uvm_field_automation",
                    545502320,
                    19593,
                    1996
                ],
                [
                    1677,
                    "F_VCSClass_lvc_i2c_pkglvc_i2c_slave_transaction_lvc_i2c_slave_transaction3a3ais_valid",
                    512778809,
                    20499,
                    1848
                ],
                [
                    1691,
                    "F_VCSClass_lvc_i2c_pkglvc_i2c_slave_monitor_lvc_i2c_slave_monitor3a3a__m_uvm_field_automation",
                    333137295,
                    13292,
                    1396
                ],
                [
                    1713,
                    "F_VCSClass_lvc_i2c_pkglvc_i2c_slave_agent_lvc_i2c_slave_agent3a3a__m_uvm_field_automation",
                    455309834,
                    19593,
                    1996
                ],
                [
                    1715,
                    "F_VCSClass_lvc_i2c_pkglvc_i2c_slave_agent_lvc_i2c_slave_agent3a3abuild_phase",
                    472689392,
                    14689,
                    1548
                ],
                [
                    1735,
                    "F_VCSClass_lvc_i2c_pkglvc_i2c_system_configuration_lvc_i2c_system_configuration3a3a__m_uvm_field_automation",
                    2177394499,
                    98366,
                    10090
                ],
                [
                    1744,
                    "F_VCSClass_lvc_i2c_pkglvc_i2c_system_env_lvc_i2c_system_env3a3abuild_phase",
                    333652244,
                    9831,
                    1097
                ]
            ],
            "child_modules": {},
            "nRouts": 1867,
            "nMops": 217881,
            "end_perf": [
                35.058690071105957,
                33.253636999999998,
                1.538106,
                408712,
                408712,
                61939317486858,
                2875367100509148050,
                0
            ],