{
    "reusePaths": {},
    "Modules": {
        "lvc_apb_pkg": {
            "start_perf": [
                10.145227909088135,
                0.0,
                0.000696,
                405808,
                405808,
                1672750236.0241179,
                67165920965457
            ],
            "nMops": 13808,
            "child_modules": {},
            "significant_routs": [
                [
                    47,
                    "F_VCSClass_lvc_apb_pkglvc_apb_transfer_lvc_apb_transfer3a3a__m_uvm_field_automation",
                    179999132,
                    29933,
                    2923
                ],
                [
                    88,
                    "F_VCSClass_lvc_apb_pkglvc_apb_slave_monitor_lvc_apb_slave_monitor3a3a__m_uvm_field_automation",
                    309059644,
                    13292,
                    1396
                ]
            ],
            "nQuads": 4093,
            "end_perf": [
                10.891072988510132,
                0.364064,
                0.179454,
                407916,
                407916,
                67168004330707,
                -5054199165077824807,
                0
            ],
            "svclass": [
                "lvc_apb_transfer",
                35761,
                3291,
                11,
                10,
                -2289534922778079590,
                "lvc_apb_config",
                9605,
                812,
                13,
                12,
                -3794867484473458917,
                "lvc_apb_master_monitor",
                29305,
                2943,
                39,
                14,
                -3420781040212146760,
                "lvc_apb_master_monitor::lvc_apb_master_cov_trans",
                0,
                0,
                0,
                0,
                0,
                "lvc_apb_master_agent",
                13513,
                1358,
                11,
                11,
                -6840367973833334160,
                "lvc_apb_slave_monitor",
                26048,
                2377,
                30,
                15,
                9055945120283371241,
                "lvc_apb_slave_monitor::lvc_apb_slave_cov_trans",
                0,
                0,
                0,
                0,
                0,
                "lvc_apb_slave_agent",
                13505,
                1356,
                11,
                11,
                1524002652057370173,
                "lvc_apb_reg_adapter",
                13880,
                1339,
                12,
                12,
                1552519473989812309
            ],
            "nRouts": 164
        },
        "std": {
            "start_perf": [
                10.891206026077271,
                0.36415399999999998,
                0.17949799999999999,
                407916,
                407916,
                1672750236.7700961,
                67168004590535
            ],
            "child_modules": {},
            "skipped": 1,
            "end_perf": [
                10.891273021697998,
                0.36420000000000002,
                0.17952000000000001,
                407916,
                407916,
                67168004766720,
                30064771073,
                0
            ]
        },
        "rkv_i2c_if_1146083354_12": {
            "start_perf": [
                10.891319990158081,
                0.36423100000000003,
                0.179536,
                407916,
                407916,
                1672750236.77021,
                67168004894122
            ],
            "child_modules": {},
            "skipped": 1,
            "end_perf": [
                10.891360998153687,
                0.364259,
                0.17954899999999999,
                407916,
                407916,
                67168005003385,
                30064771073,
                0
            ]
        }
    },
    "CompUnits": {
        "lvc_apb_pkg_d": {
            "checksum": 4294967295,
            "cls": 141617,
            "mod": "lvc_apb_pkg",
            "out": "lvc_apb_pkg_d.o",
            "text": 144842,
            "bytes": 476376,
            "mode": 4,
            "archive": "archive.0/__vcs_msglog_UF52e_4_archive_1.a"
        }
    },
    "ObjArchives": [
        {
            "archive": "archive.0/__vcs_msglog_UF52e_4_archive_1.a",
            "size": 476376,
            "objects": [
                [
                    "lvc_apb_pkg_d.o",
                    476376
                ]
            ]
        }
    ],
    "stat": {
        "peak_mem_kb": 407920,
        "ru_self_end": {
            "ru_utime_sec": 0.364259,
            "ru_nivcsw": 41,
            "ru_nvcsw": 5,
            "ru_stime_sec": 0.18012,
            "ru_majflt": 11,
            "ru_maxrss_kb": 164032,
            "ru_minflt": 5169
        },
        "cpu_cycles_end": 67168006540355,
        "ru_childs_end": {
            "ru_utime_sec": 0.0,
            "ru_nivcsw": 0,
            "ru_nvcsw": 0,
            "ru_stime_sec": 0.0,
            "ru_majflt": 0,
            "ru_maxrss_kb": 0,
            "ru_minflt": 0
        }
    }
}