{
    "stat": {
        "ru_self_end": {
            "ru_minflt": 117787,
            "ru_utime_sec": 13.247873,
            "ru_nivcsw": 86,
            "ru_maxrss_kb": 229132,
            "ru_stime_sec": 0.66139099999999995,
            "ru_majflt": 13,
            "ru_nvcsw": 894
        },
        "ru_childs_end": {
            "ru_minflt": 74086,
            "ru_utime_sec": 15.389701000000001,
            "ru_nivcsw": 162,
            "ru_maxrss_kb": 186912,
            "ru_stime_sec": 0.94552899999999995,
            "ru_majflt": 28,
            "ru_nvcsw": 80
        },
        "peak_mem_kb": 410376,
        "cpu_cycles_end": 20322268731676
    },
    "ObjArchives": [
        {
            "archive": "archive.0/__vcs_msglog_UF52e_1_archive_1.a",
            "objects": [
                [
                    "lvc_i2c_pkg_d.o",
                    4670738
                ],
                [
                    "_vcs_msglog_d.o",
                    45780
                ],
                [
                    "SIMB.o",
                    119940
                ]
            ],
            "size": 4836458
        }
    ],
    "Modules": {
        "...MASTER...": {
            "start_perf": [
                9.4116339683532715,
                8.9326469999999993,
                0.395312,
                405844,
                405876,
                1672817366.042244,
                20296867457888
            ],
            "child_modules": {
                "vcs_paramclassrepository_UF52ed": 1,
                "lvc_apb_pkg": 1,
                "uvm_pkg": 1,
                "pc__vcs_msglog": 1,
                "std": 1,
                "rkv_i2c_pkg": 1,
                "lvc_i2c_pkg": 1,
                "_vcs_msglog": 1
            },
            "nRouts": 5,
            "end_perf": [
                9.4122929573059082,
                8.9332779999999996,
                0.395339,
                405844,
                405876,
                20296869258450,
                0,
                0
            ],
            "nQuads": 0,
            "nMops": 0
        },
        "_vcs_msglog": {
            "start_perf": [
                13.84708309173584,
                13.147745,
                0.57556700000000005,
                408756,
                408756,
                1672817370.4776931,
                20309258095012
            ],
            "child_modules": {},
            "nRouts": 10,
            "end_perf": [
                13.853039026260376,
                13.152037,
                0.57723000000000002,
                408756,
                408780,
                20309274757594,
                6505974944744156591,
                0
            ],
            "nMops": 80,
            "svclass": [
                "rkv_i2c_if_1146083354_12_vcs_virt_intf_C",
                0,
                0,
                0,
                0,
                0,
                "lvc_i2c_if_1146083354_12_vcs_virt_intf_C",
                0,
                0,
                0,
                0,
                0,
                "lvc_apb_if_1146083354_12_vcs_virt_intf_C",
                0,
                0,
                0,
                0,
                0
            ],
            "nQuads": 30
        },
        "lvc_i2c_pkg": {
            "start_perf": [
                9.420928955078125,
                8.9332779999999996,
                0.403974,
                405844,
                405876,
                1672817366.0515389,
                20296893522379
            ],
            "child_modules": {},
            "significant_routs": [
                [
                    1572,
                    "F_VCSClass_lvc_i2c_pkglvc_i2c_configuration_lvc_i2c_configuration3a3a__m_uvm_field_automation",
                    3457129383,
                    522828,
                    52736
                ],
                [
                    1576,
                    "F_VCSClass_lvc_i2c_pkglvc_i2c_configuration_lvc_i2c_configuration3a3ais_valid",
                    474227933,
                    97140,
                    8137
                ],
                [
                    1589,
                    "F_VCSClass_lvc_i2c_pkglvc_i2c_agent_configuration_lvc_i2c_agent_configuration3a3a__m_uvm_field_automation",
                    285787847,
                    57268,
                    5637
                ],
                [
                    1599,
                    "F_VCSClass_lvc_i2c_pkglvc_i2c_transaction_lvc_i2c_transaction3a3a__m_uvm_field_automation",
                    1675098789,
                    284095,
                    29330
                ],
                [
                    1665,
                    "F_VCSClass_lvc_i2c_pkglvc_i2c_master_agent_lvc_i2c_master_agent3a3a__m_uvm_field_automation",
                    173151275,
                    19593,
                    1996
                ],
                [
                    1667,
                    "F_VCSClass_lvc_i2c_pkglvc_i2c_master_agent_lvc_i2c_master_agent3a3abuild_phase",
                    136703104,
                    13608,
                    1399
                ],
                [
                    1677,
                    "F_VCSClass_lvc_i2c_pkglvc_i2c_slave_transaction_lvc_i2c_slave_transaction3a3ais_valid",
                    203732910,
                    20499,
                    1848
                ],
                [
                    1713,
                    "F_VCSClass_lvc_i2c_pkglvc_i2c_slave_agent_lvc_i2c_slave_agent3a3a__m_uvm_field_automation",
                    142544658,
                    19593,
                    1996
                ],
                [
                    1735,
                    "F_VCSClass_lvc_i2c_pkglvc_i2c_system_configuration_lvc_i2c_system_configuration3a3a__m_uvm_field_automation",
                    804193448,
                    98366,
                    10090
                ]
            ],
            "nRouts": 1867,
            "end_perf": [
                13.846775054931641,
                13.147745,
                0.57525700000000002,
                408756,
                408756,
                20309257411875,
                2875367100509148050,
                0
            ],
            "nMops": 217881,