{
    "ObjArchives": [
        {
            "size": 476376,
            "archive": "archive.0/__vcs_msglog_UF52e_4_archive_1.a",
            "objects": [
                [
                    "lvc_apb_pkg_d.o",
                    476376
                ]
            ]
        }
    ],
    "Modules": {
        "rkv_i2c_if_1146083354_12": {
            "skipped": 1,
            "start_perf": [
                10.199685096740723,
                0.304147,
                0.033432999999999997,
                407840,
                407840,
                1672757778.326117,
                88235688279510
            ],
            "child_modules": {},
            "end_perf": [
                10.199731111526489,
                0.304147,
                0.033479000000000002,
                407840,
                407840,
                88235688392648,
                30064771073,
                0
            ]
        },
        "lvc_apb_pkg": {
            "start_perf": [
                9.8623919486999512,
                0.00039199999999999999,
                0.0,
                405744,
                405744,
                1672757777.9888239,
                88234746267833
            ],
            "child_modules": {},
            "nRouts": 164,
            "nMops": 13808,
            "nQuads": 4093,
            "end_perf": [
                10.199402093887329,
                0.30397000000000002,
                0.033325,
                407840,
                407840,
                88235687602391,
                -5054199165077824807,
                0
            ],
            "svclass": [
                "lvc_apb_transfer",
                35761,
                3291,
                11,
                10,
                -2289534922778079590,
                "lvc_apb_config",
                9605,
                812,
                13,
                12,
                -3794867484473458917,
                "lvc_apb_master_monitor",
                29305,
                2943,
                39,
                14,
                -3420781040212146760,
                "lvc_apb_master_monitor::lvc_apb_master_cov_trans",
                0,
                0,
                0,
                0,
                0,
                "lvc_apb_master_agent",
                13513,
                1358,
                11,
                11,
                -6840367973833334160,
                "lvc_apb_slave_monitor",
                26048,
                2377,
                30,
                15,
                9055945120283371241,
                "lvc_apb_slave_monitor::lvc_apb_slave_cov_trans",
                0,
                0,
                0,
                0,
                0,
                "lvc_apb_slave_agent",
                13505,
                1356,
                11,
                11,
                1524002652057370173,
                "lvc_apb_reg_adapter",
                13880,
                1339,
                12,
                12,
                1552519473989812309
            ]
        },
        "std": {
            "skipped": 1,
            "start_perf": [
                10.199532985687256,
                0.30409000000000003,
                0.033338,
                407840,
                407840,
                1672757778.3259649,
                88235687851373
            ],
            "child_modules": {},
            "end_perf": [
                10.199596166610718,
                0.304147,
                0.033345,
                407840,
                407840,
                88235688135284,
                30064771073,
                0
            ]
        }
    },
    "CompUnits": {
        "lvc_apb_pkg_d": {
            "cls": 141617,
            "mod": "lvc_apb_pkg",
            "out": "lvc_apb_pkg_d.o",
            "archive": "archive.0/__vcs_msglog_UF52e_4_archive_1.a",
            "mode": 4,
            "bytes": 476376,
            "text": 144842,
            "checksum": 4294967295
        }
    },
    "reusePaths": {},
    "stat": {
        "peak_mem_kb": 407844,
        "cpu_cycles_end": 88235689618213,
        "ru_self_end": {
            "ru_nvcsw": 0,
            "ru_utime_sec": 0.304147,
            "ru_nivcsw": 16,
            "ru_stime_sec": 0.033943000000000001,
            "ru_maxrss_kb": 164084,
            "ru_minflt": 5215,
            "ru_majflt": 1
        },
        "ru_childs_end": {
            "ru_nvcsw": 0,
            "ru_utime_sec": 0.0,
            "ru_nivcsw": 0,
            "ru_stime_sec": 0.0,
            "ru_maxrss_kb": 0,
            "ru_minflt": 0,
            "ru_majflt": 0
        }
    }
}