{
    "ObjArchives": [
        {
            "archive": "archive.0/__vcs_msglog_UF52e_4_archive_1.a",
            "objects": [
                [
                    "lvc_apb_pkg_d.o",
                    476376
                ]
            ],
            "size": 476376
        }
    ],
    "Modules": {
        "lvc_apb_pkg": {
            "start_perf": [
                9.5058491230010986,
                0.000397,
                0.0,
                405680,
                405680,
                1672401344.783828,
                71375590660067
            ],
            "svclass": [
                "lvc_apb_transfer",
                35761,
                3291,
                11,
                10,
                -2289534922778079590,
                "lvc_apb_config",
                9605,
                812,
                13,
                12,
                -3794867484473458917,
                "lvc_apb_master_monitor",
                29305,
                2943,
                39,
                14,
                -3420781040212146760,
                "lvc_apb_master_monitor::lvc_apb_master_cov_trans",
                0,
                0,
                0,
                0,
                0,
                "lvc_apb_master_agent",
                13513,
                1358,
                11,
                11,
                -6840367973833334160,
                "lvc_apb_slave_monitor",
                26048,
                2377,
                30,
                15,
                9055945120283371241,
                "lvc_apb_slave_monitor::lvc_apb_slave_cov_trans",
                0,
                0,
                0,
                0,
                0,
                "lvc_apb_slave_agent",
                13505,
                1356,
                11,
                11,
                1524002652057370173,
                "lvc_apb_reg_adapter",
                13880,
                1339,
                12,
                12,
                1552519473989812309
            ],
            "child_modules": {},
            "nMops": 13808,
            "end_perf": [
                9.8455820083618164,
                0.26196900000000001,
                0.067248000000000002,
                407796,
                407796,
                71376539481563,
                -5054199165077824807,
                0
            ],
            "nQuads": 4093,
            "nRouts": 164
        },
        "std": {
            "start_perf": [
                9.8457159996032715,
                0.262077,
                0.067276000000000002,
                407796,
                407796,
                1672401345.1236949,
                71376539744878
            ],
            "child_modules": {},
            "end_perf": [
                9.845782995223999,
                0.26212999999999997,
                0.067290000000000003,
                407796,
                407796,
                71376539914313,
                30064771073,
                0
            ],
            "skipped": 1
        },
        "rkv_i2c_if_1146083354_12": {
            "start_perf": [
                9.8458280563354492,
                0.26216600000000001,
                0.067298999999999998,
                407796,
                407796,
                1672401345.123807,
                71376540039720
            ],
            "child_modules": {},
            "end_perf": [
                9.8458700180053711,
                0.26219900000000002,
                0.067307000000000006,
                407796,
                407796,
                71376540157613,
                30064771073,
                0
            ],
            "skipped": 1
        }
    },
    "reusePaths": {},
    "CompUnits": {
        "lvc_apb_pkg_d": {
            "cls": 141617,
            "mod": "lvc_apb_pkg",
            "archive": "archive.0/__vcs_msglog_UF52e_4_archive_1.a",
            "out": "lvc_apb_pkg_d.o",
            "checksum": 4294967295,
            "bytes": 476376,
            "text": 144842,
            "mode": 4
        }
    },
    "stat": {
        "ru_self_end": {
            "ru_stime_sec": 0.067464999999999997,
            "ru_utime_sec": 0.26281300000000002,
            "ru_maxrss_kb": 162004,
            "ru_minflt": 5213,
            "ru_majflt": 3,
            "ru_nvcsw": 3,
            "ru_nivcsw": 19
        },
        "ru_childs_end": {
            "ru_stime_sec": 0.0,
            "ru_utime_sec": 0.0,
            "ru_maxrss_kb": 0,
            "ru_minflt": 0,
            "ru_majflt": 0,
            "ru_nvcsw": 0,
            "ru_nivcsw": 0
        },
        "cpu_cycles_end": 71376598519206,
        "peak_mem_kb": 407800
    }
}