{
    "Modules": {
        "rkv_i2c_if_1146083354_12": {
            "start_perf": [
                11.308613061904907,
                0.31694899999999998,
                0.031994000000000002,
                407924,
                407924,
                1672915310.5399771,
                30493273281747
            ],
            "child_modules": {},
            "end_perf": [
                11.308656930923462,
                0.31698799999999999,
                0.031997999999999999,
                407924,
                407924,
                30493273397761,
                30064771073,
                0
            ],
            "skipped": 1
        },
        "lvc_apb_pkg": {
            "start_perf": [
                10.885674953460693,
                0.000475,
                0.0,
                405820,
                405820,
                1672915310.117039,
                30492092047205
            ],
            "child_modules": {},
            "nMops": 13808,
            "significant_routs": [
                [
                    47,
                    "F_VCSClass_lvc_apb_pkglvc_apb_transfer_lvc_apb_transfer3a3a__m_uvm_field_automation",
                    276566899,
                    29933,
                    2923
                ]
            ],
            "nRouts": 164,
            "end_perf": [
                11.308336973190308,
                0.31669599999999998,
                0.031968999999999997,
                407924,
                407924,
                30493272640589,
                -5054199165077824807,
                0
            ],
            "nQuads": 4093,
            "svclass": [
                "lvc_apb_transfer",
                35761,
                3291,
                11,
                10,
                -2289534922778079590,
                "lvc_apb_config",
                9605,
                812,
                13,
                12,
                -3794867484473458917,
                "lvc_apb_master_monitor",
                29305,
                2943,
                39,
                14,
                -3420781040212146760,
                "lvc_apb_master_monitor::lvc_apb_master_cov_trans",
                0,
                0,
                0,
                0,
                0,
                "lvc_apb_master_agent",
                13513,
                1358,
                11,
                11,
                -6840367973833334160,
                "lvc_apb_slave_monitor",
                26048,
                2377,
                30,
                15,
                9055945120283371241,
                "lvc_apb_slave_monitor::lvc_apb_slave_cov_trans",
                0,
                0,
                0,
                0,
                0,
                "lvc_apb_slave_agent",
                13505,
                1356,
                11,
                11,
                1524002652057370173,
                "lvc_apb_reg_adapter",
                13880,
                1339,
                12,
                12,
                1552519473989812309
            ]
        },
        "std": {
            "start_perf": [
                11.308480024337769,
                0.31682700000000003,
                0.031981999999999997,
                407924,
                407924,
                1672915310.539844,
                30493272939814
            ],
            "child_modules": {},
            "end_perf": [
                11.308561086654663,
                0.31690099999999999,
                0.031989999999999998,
                407924,
                407924,
                30493273149626,
                30064771073,
                0
            ],
            "skipped": 1
        }
    },
    "reusePaths": {},
    "CompUnits": {
        "lvc_apb_pkg_d": {
            "checksum": 4294967295,
            "cls": 141617,
            "mod": "lvc_apb_pkg",
            "out": "lvc_apb_pkg_d.o",
            "mode": 4,
            "bytes": 476384,
            "text": 144842,
            "archive": "archive.0/__vcs_msglog_UF52e_4_archive_1.a"
        }
    },
    "ObjArchives": [
        {
            "archive": "archive.0/__vcs_msglog_UF52e_4_archive_1.a",
            "size": 476384,
            "objects": [
                [
                    "lvc_apb_pkg_d.o",
                    476384
                ]
            ]
        }
    ],
    "stat": {
        "ru_self_end": {
            "ru_utime_sec": 0.31744099999999997,
            "ru_minflt": 5228,
            "ru_stime_sec": 0.032044000000000003,
            "ru_majflt": 4,
            "ru_maxrss_kb": 166008,
            "ru_nvcsw": 6,
            "ru_nivcsw": 26
        },
        "peak_mem_kb": 407928,
        "ru_childs_end": {
            "ru_utime_sec": 0.0,
            "ru_minflt": 0,
            "ru_stime_sec": 0.0,
            "ru_majflt": 0,
            "ru_maxrss_kb": 0,
            "ru_nvcsw": 0,
            "ru_nivcsw": 0
        },
        "cpu_cycles_end": 30493274719294
    }
}