{
    "stat": {
        "ru_self_end": {
            "ru_utime_sec": 14.783011,
            "ru_stime_sec": 0.63066,
            "ru_majflt": 8,
            "ru_maxrss_kb": 232044,
            "ru_minflt": 120661,
            "ru_nivcsw": 81,
            "ru_nvcsw": 801
        },
        "ru_childs_end": {
            "ru_utime_sec": 18.825092000000001,
            "ru_stime_sec": 0.96515300000000004,
            "ru_majflt": 10,
            "ru_maxrss_kb": 187100,
            "ru_minflt": 74441,
            "ru_nivcsw": 248,
            "ru_nvcsw": 81
        },
        "cpu_cycles_end": 29811369664652,
        "peak_mem_kb": 410608
    },
    "CompUnits": {
        "_vcs_msglog_d": {
            "archive": "archive.0/__vcs_msglog_UF52e_1_archive_1.a",
            "mode": 4,
            "bytes": 45780,
            "mod": "_vcs_msglog",
            "out": "_vcs_msglog_d.o",
            "text": 735,
            "checksum": 4294967295
        },
        "lvc_i2c_pkg_d": {
            "archive": "archive.0/__vcs_msglog_UF52e_1_archive_1.a",
            "mode": 4,
            "bytes": 4670738,
            "mod": "lvc_i2c_pkg",
            "out": "lvc_i2c_pkg_d.o",
            "text": 2064699,
            "cls": 2049619,
            "checksum": 4294967295
        }
    },
    "Modules": {
        "...MASTER...": {
            "start_perf": [
                10.295353889465332,
                9.7385610000000007,
                0.43027799999999999,
                405756,
                407428,
                1672820761.001241,
                29780847877640
            ],
            "child_modules": {
                "lvc_i2c_pkg": 1,
                "uvm_pkg": 1,
                "pc__vcs_msglog": 1,
                "std": 1,
                "rkv_i2c_pkg": 1,
                "_vcs_msglog": 1,
                "vcs_paramclassrepository_UF52ed": 1,
                "lvc_apb_pkg": 1
            },
            "nMops": 0,
            "end_perf": [
                10.295969009399414,
                9.7391760000000005,
                0.43027799999999999,
                405756,
                407428,
                29780849590005,
                0,
                0
            ],
            "nQuads": 0,
            "nRouts": 5
        },
        "lvc_i2c_pkg": {
            "start_perf": [
                10.306257963180542,
                9.7393850000000004,
                0.44032300000000002,
                405756,
                407428,
                1672820761.012145,
                29780878529451
            ],
            "child_modules": {},
            "nQuads": 64903,
            "significant_routs": [
                [
                    1572,
                    "F_VCSClass_lvc_i2c_pkglvc_i2c_configuration_lvc_i2c_configuration3a3a__m_uvm_field_automation",
                    4330335269,
                    522828,
                    52736
                ],
                [
                    1576,
                    "F_VCSClass_lvc_i2c_pkglvc_i2c_configuration_lvc_i2c_configuration3a3ais_valid",
                    743754799,
                    97140,
                    8137
                ],
                [
                    1589,
                    "F_VCSClass_lvc_i2c_pkglvc_i2c_agent_configuration_lvc_i2c_agent_configuration3a3a__m_uvm_field_automation",
                    312788461,
                    57268,
                    5637
                ],
                [
                    1599,
                    "F_VCSClass_lvc_i2c_pkglvc_i2c_transaction_lvc_i2c_transaction3a3a__m_uvm_field_automation",
                    2080807700,
                    284095,
                    29330
                ],
                [
                    1602,
                    "F_VCSClass_lvc_i2c_pkglvc_i2c_transaction_lvc_i2c_transaction3a3ais_valid",
                    147236355,
                    31701,
                    2685
                ],
                [
                    1612,
                    "F_VCSClass_lvc_i2c_pkglvc_i2c_master_transaction_lvc_i2c_master_transaction3a3a_vcs_init_",
                    168537193,
                    3852,
                    804
                ],
                [
                    1665,
                    "F_VCSClass_lvc_i2c_pkglvc_i2c_master_agent_lvc_i2c_master_agent3a3a__m_uvm_field_automation",
                    350940563,
                    19593,
                    1996
                ],
                [
                    1667,
                    "F_VCSClass_lvc_i2c_pkglvc_i2c_master_agent_lvc_i2c_master_agent3a3abuild_phase",
                    193151719,
                    13608,
                    1399
                ],
                [
                    1677,
                    "F_VCSClass_lvc_i2c_pkglvc_i2c_slave_transaction_lvc_i2c_slave_transaction3a3ais_valid",
                    184731475,
                    20499,
                    1848
                ],
                [
                    1713,
                    "F_VCSClass_lvc_i2c_pkglvc_i2c_slave_agent_lvc_i2c_slave_agent3a3a__m_uvm_field_automation",
                    218470439,
                    19593,
                    1996
                ],
                [
                    1715,
                    "F_VCSClass_lvc_i2c_pkglvc_i2c_slave_agent_lvc_i2c_slave_agent3a3abuild_phase",
                    155215428,
                    14689,
                    1548
                ],
                [
                    1735,
                    "F_VCSClass_lvc_i2c_pkglvc_i2c_system_configuration_lvc_i2c_system_configuration3a3a__m_uvm_field_automation",
                    758096402,
                    98366,
                    10090
                ]
            ],
            "nMops": 217881,