{
    "Modules": {
        "lvc_apb_pkg": {
            "nQuads": 4093,
            "start_perf": [
                9.5845470428466797,
                0.00041899999999999999,
                0.0,
                405924,
                405924,
                1672918708.03213,
                39984283022933
            ],
            "child_modules": {},
            "nMops": 13808,
            "end_perf": [
                9.9050540924072266,
                0.27047199999999999,
                0.049902000000000002,
                408024,
                408024,
                39985178299357,
                -5054199165077824807,
                0
            ],
            "svclass": [
                "lvc_apb_transfer",
                35761,
                3291,
                11,
                10,
                -2289534922778079590,
                "lvc_apb_config",
                9605,
                812,
                13,
                12,
                -3794867484473458917,
                "lvc_apb_master_monitor",
                29305,
                2943,
                39,
                14,
                -3420781040212146760,
                "lvc_apb_master_monitor::lvc_apb_master_cov_trans",
                0,
                0,
                0,
                0,
                0,
                "lvc_apb_master_agent",
                13513,
                1358,
                11,
                11,
                -6840367973833334160,
                "lvc_apb_slave_monitor",
                26048,
                2377,
                30,
                15,
                9055945120283371241,
                "lvc_apb_slave_monitor::lvc_apb_slave_cov_trans",
                0,
                0,
                0,
                0,
                0,
                "lvc_apb_slave_agent",
                13505,
                1356,
                11,
                11,
                1524002652057370173,
                "lvc_apb_reg_adapter",
                13880,
                1339,
                12,
                12,
                1552519473989812309
            ],
            "nRouts": 164
        },
        "std": {
            "start_perf": [
                9.9052000045776367,
                0.27059699999999998,
                0.049924999999999997,
                408024,
                408024,
                1672918708.352783,
                39985178587006
            ],
            "child_modules": {},
            "end_perf": [
                9.905271053314209,
                0.27065800000000001,
                0.049936000000000001,
                408024,
                408024,
                39985178781344,
                30064771073,
                0
            ],
            "skipped": 1
        },
        "rkv_i2c_if_1146083354_12": {
            "start_perf": [
                9.9053220748901367,
                0.27070100000000002,
                0.049944000000000002,
                408024,
                408024,
                1672918708.352905,
                39985178911924
            ],
            "child_modules": {},
            "end_perf": [
                9.905364990234375,
                0.27073700000000001,
                0.049951000000000002,
                408024,
                408024,
                39985179031374,
                30064771073,
                0
            ],
            "skipped": 1
        }
    },
    "CompUnits": {
        "lvc_apb_pkg_d": {
            "checksum": 4294967295,
            "mod": "lvc_apb_pkg",
            "text": 144842,
            "out": "lvc_apb_pkg_d.o",
            "archive": "archive.0/__vcs_msglog_UF52e_4_archive_1.a",
            "bytes": 476384,
            "cls": 141617,
            "mode": 4
        }
    },
    "reusePaths": {},
    "ObjArchives": [
        {
            "archive": "archive.0/__vcs_msglog_UF52e_4_archive_1.a",
            "objects": [
                [
                    "lvc_apb_pkg_d.o",
                    476384
                ]
            ],
            "size": 476384
        }
    ],
    "stat": {
        "ru_self_end": {
            "ru_utime_sec": 0.27149800000000002,
            "ru_nivcsw": 20,
            "ru_stime_sec": 0.049951000000000002,
            "ru_majflt": 3,
            "ru_maxrss_kb": 165988,
            "ru_minflt": 5238,
            "ru_nvcsw": 1
        },
        "cpu_cycles_end": 39985181094104,
        "ru_childs_end": {
            "ru_utime_sec": 0.0,
            "ru_nivcsw": 0,
            "ru_stime_sec": 0.0,
            "ru_majflt": 0,
            "ru_maxrss_kb": 0,
            "ru_minflt": 0,
            "ru_nvcsw": 0
        },
        "peak_mem_kb": 408028
    }
}