{
    "ObjArchives": [
        {
            "size": 4836466,
            "archive": "archive.0/__vcs_msglog_UF52e_1_archive_1.a",
            "objects": [
                [
                    "lvc_i2c_pkg_d.o",
                    4670738
                ],
                [
                    "_vcs_msglog_d.o",
                    45780
                ],
                [
                    "SIMB.o",
                    119948
                ]
            ]
        }
    ],
    "Modules": {
        "...MASTER...": {
            "start_perf": [
                9.8526830673217773,
                9.3149759999999997,
                0.45137300000000002,
                405744,
                405776,
                1672757777.979115,
                88234719040842
            ],
            "child_modules": {
                "vcs_paramclassrepository_UF52ed": 1,
                "uvm_pkg": 1,
                "lvc_i2c_pkg": 1,
                "pc__vcs_msglog": 1,
                "rkv_i2c_pkg": 1,
                "std": 1,
                "lvc_apb_pkg": 1,
                "_vcs_msglog": 1
            },
            "nRouts": 5,
            "nMops": 0,
            "nQuads": 0,
            "end_perf": [
                9.8534519672393799,
                9.3157449999999997,
                0.45137300000000002,
                405744,
                405776,
                88234721082451,
                0,
                0
            ]
        },
        "lvc_i2c_pkg": {
            "start_perf": [
                9.862138032913208,
                9.3162929999999999,
                0.45943000000000001,
                405744,
                405776,
                1672757777.98857,
                88234745531797
            ],
            "child_modules": {},
            "significant_routs": [
                [
                    1572,
                    "F_VCSClass_lvc_i2c_pkglvc_i2c_configuration_lvc_i2c_configuration3a3a__m_uvm_field_automation",
                    3799433643,
                    522828,
                    52736
                ],
                [
                    1576,
                    "F_VCSClass_lvc_i2c_pkglvc_i2c_configuration_lvc_i2c_configuration3a3ais_valid",
                    568960595,
                    97140,
                    8137
                ],
                [
                    1589,
                    "F_VCSClass_lvc_i2c_pkglvc_i2c_agent_configuration_lvc_i2c_agent_configuration3a3a__m_uvm_field_automation",
                    308247293,
                    57268,
                    5637
                ],
                [
                    1599,
                    "F_VCSClass_lvc_i2c_pkglvc_i2c_transaction_lvc_i2c_transaction3a3a__m_uvm_field_automation",
                    1978545812,
                    284095,
                    29330
                ],
                [
                    1665,
                    "F_VCSClass_lvc_i2c_pkglvc_i2c_master_agent_lvc_i2c_master_agent3a3a__m_uvm_field_automation",
                    268672296,
                    19593,
                    1996
                ],
                [
                    1667,
                    "F_VCSClass_lvc_i2c_pkglvc_i2c_master_agent_lvc_i2c_master_agent3a3abuild_phase",
                    172963891,
                    13608,
                    1399
                ],
                [
                    1677,
                    "F_VCSClass_lvc_i2c_pkglvc_i2c_slave_transaction_lvc_i2c_slave_transaction3a3ais_valid",
                    227205005,
                    20499,
                    1848
                ],
                [
                    1713,
                    "F_VCSClass_lvc_i2c_pkglvc_i2c_slave_agent_lvc_i2c_slave_agent3a3a__m_uvm_field_automation",
                    278262819,
                    19593,
                    1996
                ],
                [
                    1715,
                    "F_VCSClass_lvc_i2c_pkglvc_i2c_slave_agent_lvc_i2c_slave_agent3a3abuild_phase",
                    143011674,
                    14689,
                    1548
                ],
                [
                    1735,
                    "F_VCSClass_lvc_i2c_pkglvc_i2c_system_configuration_lvc_i2c_system_configuration3a3a__m_uvm_field_automation",
                    872788999,
                    98366,
                    10090
                ]
            ],
            "nRouts": 1867,
            "nMops": 217881,
            "nQuads": 64903,
            "end_perf": [
                14.681265115737915,
                13.974703,
                0.61410699999999996,
                408720,
                408720,
                88248207918797,
                2875367100509148050,
                0
            ],