{
    "rlimit": {
        "data": -1,
        "stack": -1
    },
    "perf": [
        {
            "stat": [
                "main",
                "entry",
                0.11493301391601562,
                0.100297,
                0.084865999999999997,
                259536,
                259536,
                0.0,
                0.0,
                1671633159.3615999,
                17406906610381
            ],
            "sub": [
                {
                    "stat": [
                        "doParsingAndDesignResolution",
                        "entry",
                        0.11703300476074219,
                        0.100742,
                        0.086506,
                        259536,
                        259540,
                        0.0,
                        0.0,
                        1671633159.3636999,
                        17406912374709
                    ],
                    "sub": []
                },
                {
                    "stat": [
                        "doParsingAndDesignResolution",
                        "exit",
                        1.2510499954223633,
                        1.0227250000000001,
                        0.233407,
                        292412,
                        292412,
                        0.0,
                        0.0,
                        1671633160.4977169,
                        17410080379333
                    ],
                    "sub": []
                },
                {
                    "stat": [
                        "doPostDesignResolutionToVir2Vcs",
                        "entry",
                        1.2602159976959229,
                        1.0227250000000001,
                        0.23858199999999999,
                        292412,
                        292416,
                        0.0,
                        0.0,
                        1671633160.5068829,
                        17410105942658
                    ],
                    "sub": [
                        {
                            "stat": [
                                "doUptoVir2VcsNoSepCleanup",
                                "entry",
                                1.7868080139160156,
                                1.505865,
                                0.26968900000000001,
                                294016,
                                294020,
                                0.0,
                                0.0,
                                1671633161.0334749,
                                17411577038084
                            ],
                            "sub": []
                        },
                        {
                            "stat": [
                                "doUptoVir2VcsNoSepCleanup",
                                "exit",
                                3.307358980178833,
                                2.7967569999999999,
                                0.36702200000000001,
                                304176,
                                304196,
                                0.013644,
                                0.062318999999999999,
                                1671633162.5540259,
                                17415824783107
                            ],
                            "sub": []
                        },
                        {
                            "stat": [
                                "doRadify_vir2vcsAll",
                                "entry",
                                3.3075201511383057,
                                2.7968999999999999,
                                0.36704100000000001,
                                304176,
                                304196,
                                0.013644,
                                0.062318999999999999,
                                1671633162.5541871,
                                17415825148851
                            ],
                            "sub": []
                        },
                        {
                            "stat": [
                                "doRadify_vir2vcsAll",
                                "exit",
                                3.5213401317596436,
                                2.9941209999999998,
                                0.37500600000000001,
                                304176,
                                304196,
                                0.013644,
                                0.062318999999999999,
                                1671633162.768007,
                                17416422618639
                            ],
                            "sub": []
                        }
                    ]
                },
                {
                    "stat": [
                        "doPostDesignResolutionToVir2Vcs",
                        "exit",
                        3.5214719772338867,
                        2.9942410000000002,
                        0.37502099999999999,
                        304176,
                        304196,
                        0.013644,
                        0.062318999999999999,
                        1671633162.7681389,
                        17416422762544
                    ],
                    "sub": []
                },
                {
                    "stat": [
                        "doGAToPass2",
                        "entry",
                        3.5215191841125488,
                        2.9942830000000002,
                        0.375027,
                        304176,
                        304196,
                        0.013644,
                        0.062318999999999999,
                        1671633162.7681861,
                        17416422880973
                    ],
                    "sub": [
                        {
                            "stat": [
                                "DoPass2",
                                "entry",
                                3.6199760437011719,
                                3.0028739999999998,
                                0.37713799999999997,
                                304176,
                                304196,
                                0.043178000000000001,
                                0.10208100000000001,
                                1671633162.866643,
                                17416698077983
                            ],
                            "sub": []
                        },
                        {
                            "stat": [
                                "DoPass2",
                                "exit",
                                7.35978102684021,
                                5.7559709999999997,
                                0.61348499999999995,
                                323284,
                                323308,
                                0.043178000000000001,
                                0.10208100000000001,
                                1671633166.6064479,
                                17427145297741
                            ],
                            "sub": []
                        }
                    ]
                },
                {
                    "stat": [
                        "doGAToPass2",
                        "exit",
                        7.3867871761322021,
                        5.7744819999999999,
                        0.62045700000000004,
                        323288,
                        323308,
                        0.043178000000000001,
                        0.10208100000000001,
                        1671633166.6334541,
                        17427220759778
                    ],