{
    "CompUnits": {
        "SIM_d": {
            "out": "objs/SIM_d.o",
            "mod": "...MASTER...",
            "checksum": 4294967295,
            "bytes": 12848,
            "text": 430,
            "mode": 4
        }
    },
    "Modules": {
        "...MASTER...": {
            "start_perf": [
                0.36269688606262207,
                0.180285,
                0.17424200000000001,
                246192,
                246208,
                1672491063.702986,
                65228085313352
            ],
            "child_modules": {
                "rkv_i2c_tb": 1,
                "lvc_i2c_pkg": 1,
                "_vcs_unit__3820934895": 1,
                "vcs_paramclassrepository_87QqAb": 1,
                "vcs_paramclassrepository": 1,
                "uvm_pkg": 1,
                "vcs_paramclassrepository_UF52ed": 1,
                "uvm_custom_install_verdi_recording": 1,
                "vcs_paramclassrepository_67wvne": 1,
                "std": 1,
                "rkv_i2c_pkg": 1,
                "lvc_apb_pkg": 1,
                "uvm_custom_install_recording": 1,
                "vcs_paramclassrepository_vcsintf": 1,
                "_vcs_msglog": 1
            },
            "nMops": 0,
            "end_perf": [
                0.36757493019104004,
                0.18221899999999999,
                0.17718500000000001,
                247180,
                247200,
                65228098962277,
                0,
                0
            ],
            "nQuads": 0,
            "nRouts": 5
        },
        "std": {
            "start_perf": [
                0.36794495582580566,
                0.18240700000000001,
                0.177368,
                247184,
                247200,
                1672491063.7082341,
                65228099947217
            ],
            "skipped": 1,
            "child_modules": {},
            "end_perf": [
                0.36798095703125,
                0.182426,
                0.17738599999999999,
                247184,
                247200,
                65228100027748,
                1,
                0
            ]
        },
        "uvm_pkg": {
            "start_perf": [
                0.36800980567932129,
                0.18243999999999999,
                0.1774,
                247184,
                247200,
                1672491063.7082989,
                65228100105776
            ],
            "skipped": 1,
            "child_modules": {},
            "end_perf": [
                0.36803793907165527,
                0.18245400000000001,
                0.17741399999999999,
                247184,
                247200,
                65228100180710,
                1,
                0
            ]
        },
        "vcs_paramclassrepository_vcsintf": {
            "start_perf": [
                0.36854195594787598,
                0.18251500000000001,
                0.17785699999999999,
                247184,
                247200,
                1672491063.7088311,
                65228101590563
            ],
            "skipped": 1,
            "child_modules": {},
            "end_perf": [
                0.36856889724731445,
                0.18251500000000001,
                0.17788399999999999,
                247184,
                247200,
                65228101666493,
                1,
                0
            ]
        },
        "_vcs_msglog": {
            "start_perf": [
                0.36806178092956543,
                0.18246599999999999,
                0.177426,
                247184,
                247200,
                1672491063.7083509,
                65228100251306
            ],
            "skipped": 1,
            "child_modules": {},
            "end_perf": [
                0.36808681488037109,
                0.182479,
                0.17743800000000001,
                247184,
                247200,
                65228100317647,
                1,
                0
            ]
        },
        "lvc_i2c_pkg": {
            "start_perf": [
                0.36838698387145996,
                0.18251500000000001,
                0.177702,
                247184,
                247200,
                1672491063.7086761,
                65228101156160
            ],
            "skipped": 1,
            "child_modules": {},
            "end_perf": [
                0.36841177940368652,
                0.18251500000000001,
                0.177727,
                247184,
                247200,
                65228101225906,
                1,
                0
            ]
        },
        "_vcs_unit__3820934895": {
            "start_perf": [
                0.36810994148254395,
                0.18249099999999999,
                0.17745,
                247184,
                247200,
                1672491063.7083991,
                65228100383321
            ],
            "skipped": 1,
            "child_modules": {},
            "end_perf": [
                0.3681337833404541,
                0.182503,
                0.17746100000000001,
                247184,
                247200,
                65228100448314,
                1,
                0
            ]
        },
        "uvm_custom_install_recording": {
            "start_perf": [
                0.36815786361694336,
                0.18251500000000001,
                0.17747299999999999,
                247184,
                247200,
                1672491063.708447,
                65228100706919
            ],
            "skipped": 1,
            "child_modules": {},
            "end_perf": [
                0.36825394630432129,
                0.18251500000000001,
                0.177568,
                247184,
                247200,
                65228100804147,
                1,
                0
            ]
        },
        "lvc_apb_pkg": {
            "start_perf": [
                0.36833882331848145,
                0.18251500000000001,
                0.17765400000000001,
                247184,
                247200,
                1672491063.7086279,
                65228101021576
            ],
            "skipped": 1,
            "child_modules": {},
            "end_perf": [
                0.3683619499206543,
                0.18251500000000001,
                0.177677,
                247184,
                247200,
                65228101086033,
                1,
                0
            ]
        },
        "vcs_paramclassrepository_67wvne": {
            "start_perf": [
                0.36874079704284668,
                0.18251500000000001,
                0.17805599999999999,
                247184,
                247200,
                1672491063.7090299,
                65228102144681
            ],
            "skipped": 1,
            "child_modules": {},
            "end_perf": [
                0.36876487731933594,
                0.18251500000000001,
                0.17807999999999999,
                247184,
                247200,
                65228102212656,
                1,
                0
            ]
        },
        "vcs_paramclassrepository_UF52ed": {
            "start_perf": [
                0.36864185333251953,
                0.18251500000000001,
                0.177957,
                247184,
                247200,
                1672491063.708931,
                65228101872797
            ],
            "skipped": 1,
            "child_modules": {},
            "end_perf": [
                0.3686668872833252,
                0.18251500000000001,
                0.177982,
                247184,
                247200,
                65228101937324,
                1,
                0
            ]
        },