{
    "stat": {
        "ru_self_end": {
            "ru_utime_sec": 0.15421899999999999,
            "ru_minflt": 29216,
            "ru_stime_sec": 0.065518000000000007,
            "ru_nivcsw": 6,
            "ru_maxrss_kb": 72964,
            "ru_majflt": 0,
            "ru_nvcsw": 9
        },
        "ru_childs_end": {
            "ru_utime_sec": 0.019323,
            "ru_minflt": 10624,
            "ru_stime_sec": 0.036677000000000001,
            "ru_nivcsw": 22,
            "ru_maxrss_kb": 28512,
            "ru_majflt": 0,
            "ru_nvcsw": 25
        },
        "cpu_cycles_end": 75692233995634,
        "peak_mem_kb": 247220
    },
    "Modules": {
        "...MASTER...": {
            "end_perf": [
                0.20897102355957031,
                0.15024899999999999,
                0.059493999999999998,
                247188,
                247208,
                75692206104879,
                0,
                0
            ],
            "start_perf": [
                0.20448803901672363,
                0.14963000000000001,
                0.055606000000000003,
                246200,
                246216,
                1672494809.5186031,
                75692193599166
            ],
            "child_modules": {
                "rkv_i2c_tb": 1,
                "vcs_paramclassrepository_67wvne": 1,
                "vcs_paramclassrepository": 1,
                "vcs_paramclassrepository_87QqAb": 1,
                "uvm_custom_install_recording": 1,
                "uvm_pkg": 1,
                "vcs_paramclassrepository_vcsintf": 1,
                "uvm_custom_install_verdi_recording": 1,
                "vcs_paramclassrepository_UF52ed": 1,
                "_vcs_unit__3820934895": 1,
                "lvc_apb_pkg": 1,
                "std": 1,
                "lvc_i2c_pkg": 1,
                "_vcs_msglog": 1,
                "rkv_i2c_pkg": 1
            },
            "nQuads": 0,
            "nRouts": 5,
            "nMops": 0
        },
        "std": {
            "skipped": 1,
            "end_perf": [
                0.20936083793640137,
                0.150529,
                0.059604999999999998,
                247192,
                247208,
                75692207133069,
                1,
                0
            ],
            "start_perf": [
                0.209320068359375,
                0.15049899999999999,
                0.059593,
                247192,
                247208,
                1672494809.5234351,
                75692207047454
            ],
            "child_modules": {}
        },
        "lvc_apb_pkg": {
            "skipped": 1,
            "end_perf": [
                0.20965886116027832,
                0.15074299999999999,
                0.05969,
                247192,
                247208,
                75692207961176,
                1,
                0
            ],
            "start_perf": [
                0.20963692665100098,
                0.150727,
                0.059683,
                247192,
                247208,
                1672494809.523752,
                75692207893166
            ],
            "child_modules": {}
        },
        "uvm_pkg": {
            "skipped": 1,
            "end_perf": [
                0.20941686630249023,
                0.15056900000000001,
                0.059621,
                247192,
                247208,
                75692207282079,
                1,
                0
            ],
            "start_perf": [
                0.20939207077026367,
                0.15055199999999999,
                0.059614,
                247192,
                247208,
                1672494809.5235071,
                75692207214614
            ],
            "child_modules": {}
        },
        "uvm_custom_install_recording": {
            "skipped": 1,
            "end_perf": [
                0.20956301689147949,
                0.150674,
                0.059663000000000001,
                247192,
                247208,
                75692207687118,
                1,
                0
            ],
            "start_perf": [
                0.20953893661499023,
                0.15065700000000001,
                0.059656000000000001,
                247192,
                247208,
                1672494809.523654,
                75692207621925
            ],
            "child_modules": {}
        },
        "rkv_i2c_pkg": {
            "skipped": 1,
            "end_perf": [
                0.20976686477661133,
                0.15082100000000001,
                0.059721000000000003,
                247192,
                247208,
                75692208340940,
                1,
                0
            ],
            "start_perf": [
                0.20973300933837891,
                0.15079600000000001,
                0.059711,
                247192,
                247208,
                1672494809.5238481,
                75692208192286
            ],
            "child_modules": {}
        },
        "lvc_i2c_pkg": {
            "skipped": 1,
            "end_perf": [
                0.20970988273620605,
                0.150779,
                0.059704,
                247192,
                247208,
                75692208096145,
                1,
                0
            ],
            "start_perf": [
                0.2096869945526123,
                0.15076300000000001,
                0.059698000000000001,
                247192,
                247208,
                1672494809.523802,
                75692208032638
            ],
            "child_modules": {}
        },
        "_vcs_msglog": {
            "skipped": 1,
            "end_perf": [
                0.20946788787841797,
                0.15060599999999999,
                0.059636000000000002,
                247192,
                247208,
                75692207422736,
                1,
                0
            ],
            "start_perf": [
                0.20944404602050781,
                0.150589,
                0.059629000000000001,
                247192,
                247208,
                1672494809.5235591,
                75692207358198
            ],
            "child_modules": {}
        },
        "vcs_paramclassrepository_UF52ed": {
            "skipped": 1,
            "end_perf": [
                0.21001005172729492,
                0.15082100000000001,
                0.059963000000000002,
                247192,
                247208,
                75692208935918,
                1,
                0
            ],
            "start_perf": [
                0.20998501777648926,
                0.15082100000000001,
                0.059937999999999998,
                247192,
                247208,
                1672494809.5241001,
                75692208870165
            ],
            "child_modules": {}
        },
        "_vcs_unit__3820934895": {
            "skipped": 1,
            "end_perf": [
                0.20951604843139648,
                0.15064,
                0.059649000000000001,
                247192,
                247208,
                75692207556349,
                1,
                0
            ],
            "start_perf": [
                0.20949101448059082,
                0.15062300000000001,
                0.059642000000000001,
                247192,
                247208,
                1672494809.5236061,
                75692207492020
            ],
            "child_modules": {}
        },
        "vcs_paramclassrepository_vcsintf": {
            "skipped": 1,
            "end_perf": [
                0.20991301536560059,
                0.15082100000000001,
                0.059866000000000003,
                247192,
                247208,
                75692208663923,
                1,
                0
            ],