{
    "Modules": {
        "...MASTER...": {
            "start_perf": [
                0.32177114486694336,
                0.21335599999999999,
                0.094590999999999995,
                246196,
                246212,
                1672492712.4101641,
                69833824695113
            ],
            "child_modules": {
                "vcs_paramclassrepository": 1,
                "rkv_i2c_tb": 1,
                "lvc_apb_pkg": 1,
                "vcs_paramclassrepository_87QqAb": 1,
                "vcs_paramclassrepository_vcsintf": 1,
                "uvm_pkg": 1,
                "vcs_paramclassrepository_67wvne": 1,
                "uvm_custom_install_verdi_recording": 1,
                "_vcs_unit__3820934895": 1,
                "vcs_paramclassrepository_UF52ed": 1,
                "std": 1,
                "lvc_i2c_pkg": 1,
                "rkv_i2c_pkg": 1,
                "uvm_custom_install_recording": 1,
                "_vcs_msglog": 1
            },
            "end_perf": [
                0.33003091812133789,
                0.216392,
                0.099792000000000006,
                247184,
                247204,
                69833847756533,
                0,
                0
            ],
            "nQuads": 0,
            "nMops": 0,
            "nRouts": 5
        },
        "uvm_custom_install_recording": {
            "start_perf": [
                0.33067798614501953,
                0.21671499999999999,
                0.100117,
                247188,
                247204,
                1672492712.419071,
                69833849493102
            ],
            "child_modules": {},
            "end_perf": [
                0.33070206642150879,
                0.21671499999999999,
                0.10014199999999999,
                247188,
                247204,
                69833849560393,
                1,
                0
            ],
            "skipped": 1
        },
        "vcs_paramclassrepository_UF52ed": {
            "start_perf": [
                0.33108091354370117,
                0.21671499999999999,
                0.10052,
                247188,
                247204,
                1672492712.4194739,
                69833850618708
            ],
            "child_modules": {},
            "end_perf": [
                0.33110499382019043,
                0.21671499999999999,
                0.100545,
                247188,
                247204,
                69833850687052,
                1,
                0
            ],
            "skipped": 1
        },
        "std": {
            "start_perf": [
                0.33034992218017578,
                0.216611,
                0.099892999999999996,
                247188,
                247204,
                1672492712.4187429,
                69833848616757
            ],
            "child_modules": {},
            "end_perf": [
                0.33039212226867676,
                0.21664,
                0.099905999999999995,
                247188,
                247204,
                69833848701271,
                1,
                0
            ],
            "skipped": 1
        },
        "vcs_paramclassrepository_vcsintf": {
            "start_perf": [
                0.3309791088104248,
                0.21671499999999999,
                0.10041799999999999,
                247188,
                247204,
                1672492712.4193721,
                69833850333720
            ],
            "child_modules": {},
            "end_perf": [
                0.33100509643554688,
                0.21671499999999999,
                0.10044500000000001,
                247188,
                247204,
                69833850413116,
                1,
                0
            ],
            "skipped": 1
        },
        "uvm_pkg": {
            "start_perf": [
                0.33042311668395996,
                0.21666099999999999,
                0.099916000000000005,
                247188,
                247204,
                1672492712.4188161,
                69833848784826
            ],
            "child_modules": {},
            "end_perf": [
                0.33045005798339844,
                0.21668000000000001,
                0.099925,
                247188,
                247204,
                69833848858489,
                1,
                0
            ],
            "skipped": 1
        },
        "_vcs_msglog": {
            "start_perf": [
                0.33047795295715332,
                0.216699,
                0.099933999999999995,
                247188,
                247204,
                1672492712.4188709,
                69833848935142
            ],
            "child_modules": {},
            "end_perf": [
                0.33050203323364258,
                0.21671499999999999,
                0.099941000000000002,
                247188,
                247204,
                69833849224635,
                1,
                0
            ],
            "skipped": 1
        },
        "_vcs_unit__3820934895": {
            "start_perf": [
                0.33061695098876953,
                0.21671499999999999,
                0.10005600000000001,
                247188,
                247204,
                1672492712.4190099,
                69833849349615
            ],
            "child_modules": {},
            "end_perf": [
                0.33065295219421387,
                0.21671499999999999,
                0.100092,
                247188,
                247204,
                69833849424885,
                1,
                0
            ],
            "skipped": 1
        },
        "uvm_custom_install_verdi_recording": {
            "start_perf": [
                0.33072590827941895,
                0.21671499999999999,
                0.10016600000000001,
                247188,
                247204,
                1672492712.4191189,
                69833849628873
            ],
            "child_modules": {},
            "end_perf": [
                0.33075404167175293,
                0.21671499999999999,
                0.100193,
                247188,
                247204,
                69833849704334,
                1,
                0
            ],
            "skipped": 1
        },
        "vcs_paramclassrepository_87QqAb": {
            "start_perf": [
                0.33113002777099609,
                0.21671499999999999,
                0.10057000000000001,
                247188,
                247204,
                1672492712.419523,
                69833850761242
            ],
            "child_modules": {},
            "end_perf": [
                0.33115506172180176,
                0.21671499999999999,
                0.100595,
                247188,
                247204,
                69833850829341,
                1,
                0
            ],
            "skipped": 1
        },
        "lvc_apb_pkg": {
            "start_perf": [
                0.33077692985534668,
                0.21671499999999999,
                0.100217,
                247188,
                247204,
                1672492712.4191699,
                69833849773820
            ],
            "child_modules": {},
            "end_perf": [
                0.33080196380615234,
                0.21671499999999999,
                0.100241,
                247188,
                247204,
                69833849838483,
                1,
                0
            ],
            "skipped": 1
        },
        "rkv_i2c_pkg": {
            "start_perf": [
                0.33087706565856934,
                0.21671499999999999,
                0.100316,
                247188,
                247204,
                1672492712.41927,
                69833850049570
            ],
            "child_modules": {},