{
    "ObjArchives": [],
    "Modules": {
        "vcs_paramclassrepository_UF52ed": {
            "start_perf": [
                0.34104299545288086,
                0.217811,
                0.068513000000000004,
                247304,
                247320,
                1672925027.181113,
                57637039746811
            ],
            "end_perf": [
                0.34106898307800293,
                0.217811,
                0.068539000000000003,
                247304,
                247320,
                57637039817813,
                1,
                0
            ],
            "child_modules": {},
            "skipped": 1
        },
        "...MASTER...": {
            "start_perf": [
                0.33555293083190918,
                0.21501999999999999,
                0.066005999999999995,
                246312,
                246328,
                1672925027.1756229,
                57637024440080
            ],
            "end_perf": [
                0.33976507186889648,
                0.217358,
                0.067798999999999998,
                247300,
                247320,
                57637036241693,
                0,
                0
            ],
            "child_modules": {
                "rkv_i2c_tb": 1,
                "vcs_paramclassrepository_87QqAb": 1,
                "vcs_paramclassrepository": 1,
                "uvm_pkg": 1,
                "uvm_custom_install_recording": 1,
                "uvm_custom_install_verdi_recording": 1,
                "_vcs_unit__3820934895": 1,
                "std": 1,
                "vcs_paramclassrepository_67wvne": 1,
                "rkv_i2c_pkg": 1,
                "_vcs_msglog": 1,
                "lvc_i2c_pkg": 1,
                "lvc_apb_pkg": 1,
                "vcs_paramclassrepository_vcsintf": 1,
                "vcs_paramclassrepository_UF52ed": 1
            },
            "nRouts": 5,
            "nQuads": 0,
            "nMops": 0
        },
        "lvc_i2c_pkg": {
            "start_perf": [
                0.34078598022460938,
                0.217811,
                0.068255999999999997,
                247304,
                247320,
                1672925027.180856,
                57637039028536
            ],
            "end_perf": [
                0.34081101417541504,
                0.217811,
                0.068280999999999994,
                247304,
                247320,
                57637039099392,
                1,
                0
            ],
            "child_modules": {},
            "skipped": 1
        },
        "lvc_apb_pkg": {
            "start_perf": [
                0.3407280445098877,
                0.217811,
                0.068197999999999995,
                247304,
                247320,
                1672925027.1807981,
                57637038866584
            ],
            "end_perf": [
                0.34075307846069336,
                0.217811,
                0.068222000000000005,
                247304,
                247320,
                57637038958020,
                1,
                0
            ],
            "child_modules": {},
            "skipped": 1
        },
        "std": {
            "start_perf": [
                0.34032106399536133,
                0.217696,
                0.067904999999999993,
                247304,
                247320,
                1672925027.1803911,
                57637037769096
            ],
            "end_perf": [
                0.34036397933959961,
                0.21772900000000001,
                0.067915000000000003,
                247304,
                247320,
                57637037853523,
                1,
                0
            ],
            "child_modules": {},
            "skipped": 1
        },
        "_vcs_unit__3820934895": {
            "start_perf": [
                0.34054899215698242,
                0.217811,
                0.068017999999999995,
                247304,
                247320,
                1672925027.180619,
                57637038424841
            ],
            "end_perf": [
                0.34059691429138184,
                0.217811,
                0.068067000000000003,
                247304,
                247320,
                57637038510231,
                1,
                0
            ],
            "child_modules": {},
            "skipped": 1
        },
        "uvm_custom_install_recording": {
            "start_perf": [
                0.34062910079956055,
                0.217811,
                0.068099000000000007,
                247304,
                247320,
                1672925027.1806991,
                57637038589127
            ],
            "end_perf": [
                0.34065508842468262,
                0.217811,
                0.068125000000000005,
                247304,
                247320,
                57637038660023,
                1,
                0
            ],
            "child_modules": {},
            "skipped": 1
        },
        "uvm_custom_install_verdi_recording": {
            "start_perf": [
                0.34067893028259277,
                0.217811,
                0.068149000000000001,
                247304,
                247320,
                1672925027.1807489,
                57637038730813
            ],
            "end_perf": [
                0.34070396423339844,
                0.217811,
                0.068173999999999998,
                247304,
                247320,
                57637038798056,
                1,
                0
            ],
            "child_modules": {},
            "skipped": 1
        },
        "uvm_pkg": {
            "start_perf": [
                0.34039497375488281,
                0.217753,
                0.067922999999999997,
                247304,
                247320,
                1672925027.180465,
                57637037936382
            ],
            "end_perf": [
                0.34042000770568848,
                0.21777199999999999,
                0.067928000000000002,
                247304,
                247320,
                57637038007463,
                1,
                0
            ],
            "child_modules": {},
            "skipped": 1
        },
        "_vcs_msglog": {
            "start_perf": [
                0.34044504165649414,
                0.21779100000000001,
                0.067934999999999995,
                247304,
                247320,
                1672925027.1805151,
                57637038079718
            ],
            "end_perf": [
                0.34047102928161621,
                0.217811,
                0.067941000000000001,
                247304,
                247320,
                57637038277374,
                1,
                0
            ],
            "child_modules": {},
            "skipped": 1
        },
        "rkv_i2c_pkg": {
            "start_perf": [
                0.34083700180053711,
                0.217811,
                0.068307000000000007,
                247304,
                247320,
                1672925027.180907,
                57637039174665
            ],
            "end_perf": [
                0.34086203575134277,
                0.217811,
                0.068332000000000004,
                247304,
                247320,
                57637039242043,
                1,
                0
            ],
            "child_modules": {},
            "skipped": 1
        },
        "rkv_i2c_tb": {
            "start_perf": [
                0.34088993072509766,
                0.217811,
                0.068359000000000003,
                247304,
                247320,
                1672925027.1809599,
                57637039321413
            ],