{
    "ObjArchives": [],
    "Modules": {
        "vcs_paramclassrepository_67wvne": {
            "start_perf": [
                0.46865987777709961,
                0.30396800000000002,
                0.133794,
                247184,
                247200,
                1672489713.945061,
                61457474401722
            ],
            "child_modules": {},
            "end_perf": [
                0.46868395805358887,
                0.30399300000000001,
                0.133794,
                247184,
                247200,
                61457474470075,
                1,
                0
            ],
            "skipped": 1
        },
        "lvc_i2c_pkg": {
            "start_perf": [
                0.46804189682006836,
                0.30339699999999997,
                0.13375500000000001,
                247184,
                247200,
                1672489713.944443,
                61457472676604
            ],
            "child_modules": {},
            "end_perf": [
                0.46806693077087402,
                0.30341499999999999,
                0.13376299999999999,
                247184,
                247200,
                61457472745832,
                1,
                0
            ],
            "skipped": 1
        },
        "...MASTER...": {
            "start_perf": [
                0.45215797424316406,
                0.29686400000000002,
                0.124463,
                246192,
                246208,
                1672489713.9285591,
                61457428362602
            ],
            "child_modules": {
                "rkv_i2c_tb": 1,
                "vcs_paramclassrepository_87QqAb": 1,
                "_vcs_unit__3820934895": 1,
                "vcs_paramclassrepository_vcsintf": 1,
                "uvm_pkg": 1,
                "_vcs_msglog": 1,
                "uvm_custom_install_verdi_recording": 1,
                "lvc_i2c_pkg": 1,
                "vcs_paramclassrepository_67wvne": 1,
                "vcs_paramclassrepository": 1,
                "std": 1,
                "lvc_apb_pkg": 1,
                "rkv_i2c_pkg": 1,
                "uvm_custom_install_recording": 1,
                "vcs_paramclassrepository_UF52ed": 1
            },
            "end_perf": [
                0.46732783317565918,
                0.3029,
                0.13353599999999999,
                247180,
                247200,
                61457470757178,
                0,
                0
            ],
            "nRouts": 5,
            "nQuads": 0,
            "nMops": 0
        },
        "std": {
            "start_perf": [
                0.46767902374267578,
                0.303145,
                0.13364400000000001,
                247184,
                247200,
                1672489713.9440801,
                61457471690553
            ],
            "child_modules": {},
            "end_perf": [
                0.46771693229675293,
                0.303172,
                0.133656,
                247184,
                247200,
                61457471774810,
                1,
                0
            ],
            "skipped": 1
        },
        "_vcs_unit__3820934895": {
            "start_perf": [
                0.4678490161895752,
                0.303263,
                0.13369600000000001,
                247184,
                247200,
                1672489713.9442501,
                61457472136186
            ],
            "child_modules": {},
            "end_perf": [
                0.46787190437316895,
                0.30327900000000002,
                0.13370299999999999,
                247184,
                247200,
                61457472200492,
                1,
                0
            ],
            "skipped": 1
        },
        "vcs_paramclassrepository_vcsintf": {
            "start_perf": [
                0.46825385093688965,
                0.30356899999999998,
                0.133794,
                247184,
                247200,
                1672489713.9446549,
                61457473535532
            ],
            "child_modules": {},
            "end_perf": [
                0.46838688850402832,
                0.30369400000000002,
                0.133794,
                247184,
                247200,
                61457473664710,
                1,
                0
            ],
            "skipped": 1
        },
        "uvm_pkg": {
            "start_perf": [
                0.46774792671203613,
                0.30319299999999999,
                0.13366500000000001,
                247184,
                247200,
                1672489713.944149,
                61457471856782
            ],
            "child_modules": {},
            "end_perf": [
                0.46777486801147461,
                0.30321199999999998,
                0.13367399999999999,
                247184,
                247200,
                61457471931774,
                1,
                0
            ],
            "skipped": 1
        },
        "_vcs_msglog": {
            "start_perf": [
                0.46779894828796387,
                0.30322900000000003,
                0.13368099999999999,
                247184,
                247200,
                1672489713.9442,
                61457472003045
            ],
            "child_modules": {},
            "end_perf": [
                0.46782493591308594,
                0.30324600000000002,
                0.133689,
                247184,
                247200,
                61457472069612,
                1,
                0
            ],
            "skipped": 1
        },
        "uvm_custom_install_verdi_recording": {
            "start_perf": [
                0.46794581413269043,
                0.30332999999999999,
                0.13372600000000001,
                247184,
                247200,
                1672489713.9443469,
                61457472411527
            ],
            "child_modules": {},
            "end_perf": [
                0.46797084808349609,
                0.30334800000000001,
                0.13373399999999999,
                247184,
                247200,
                61457472476841,
                1,
                0
            ],
            "skipped": 1
        },
        "uvm_custom_install_recording": {
            "start_perf": [
                0.46789693832397461,
                0.30329600000000001,
                0.133711,
                247184,
                247200,
                1672489713.944298,
                61457472271376
            ],
            "child_modules": {},
            "end_perf": [
                0.46792101860046387,
                0.303313,
                0.133718,
                247184,
                247200,
                61457472337871,
                1,
                0
            ],
            "skipped": 1
        },
        "rkv_i2c_pkg": {
            "start_perf": [
                0.46809101104736328,
                0.30343100000000001,
                0.13377,
                247184,
                247200,
                1672489713.9444921,
                61457472816946
            ],
            "child_modules": {},
            "end_perf": [
                0.46811699867248535,
                0.30344900000000002,
                0.13377800000000001,
                247184,
                247200,
                61457472884243,
                1,
                0
            ],
            "skipped": 1
        },
        "lvc_apb_pkg": {
            "start_perf": [
                0.46799397468566895,
                0.30336400000000002,
                0.133741,
                247184,
                247200,
                1672489713.9443951,
                61457472542661
            ],
            "child_modules": {},