{
    "stat": {
        "ru_self_end": {
            "ru_maxrss_kb": 74640,
            "ru_utime_sec": 0.17480599999999999,
            "ru_majflt": 9,
            "ru_stime_sec": 0.118909,
            "ru_minflt": 29006,
            "ru_nvcsw": 45,
            "ru_nivcsw": 5
        },
        "cpu_cycles_end": 30149917382423,
        "ru_childs_end": {
            "ru_maxrss_kb": 30228,
            "ru_utime_sec": 0.021326000000000001,
            "ru_majflt": 0,
            "ru_stime_sec": 0.042063000000000003,
            "ru_minflt": 10630,
            "ru_nvcsw": 25,
            "ru_nivcsw": 23
        },
        "peak_mem_kb": 247304
    },
    "ObjArchives": [],
    "Modules": {
        "...MASTER...": {
            "nMops": 0,
            "start_perf": [
                0.27522492408752441,
                0.16846800000000001,
                0.108228,
                246284,
                246300,
                1672915187.611311,
                30149867862211
            ],
            "end_perf": [
                0.27973008155822754,
                0.17010400000000001,
                0.111026,
                247272,
                247292,
                30149880501720,
                0,
                0
            ],
            "child_modules": {
                "lvc_i2c_pkg": 1,
                "rkv_i2c_tb": 1,
                "vcs_paramclassrepository_87QqAb": 1,
                "uvm_custom_install_verdi_recording": 1,
                "vcs_paramclassrepository_67wvne": 1,
                "vcs_paramclassrepository": 1,
                "lvc_apb_pkg": 1,
                "uvm_pkg": 1,
                "vcs_paramclassrepository_UF52ed": 1,
                "_vcs_unit__3820934895": 1,
                "std": 1,
                "rkv_i2c_pkg": 1,
                "uvm_custom_install_recording": 1,
                "_vcs_msglog": 1,
                "vcs_paramclassrepository_vcsintf": 1
            },
            "nRouts": 5,
            "nQuads": 0
        },
        "std": {
            "start_perf": [
                0.28020906448364258,
                0.170351,
                0.11118699999999999,
                247276,
                247292,
                1672915187.6162951,
                30149881800956
            ],
            "end_perf": [
                0.28025293350219727,
                0.170379,
                0.111205,
                247276,
                247292,
                30149881890496,
                1,
                0
            ],
            "child_modules": {},
            "skipped": 1
        },
        "uvm_pkg": {
            "start_perf": [
                0.28028607368469238,
                0.17039899999999999,
                0.111218,
                247276,
                247292,
                1672915187.6163721,
                30149881977462
            ],
            "end_perf": [
                0.28031086921691895,
                0.17041400000000001,
                0.11122799999999999,
                247276,
                247292,
                30149882046605,
                1,
                0
            ],
            "child_modules": {},
            "skipped": 1
        },
        "lvc_apb_pkg": {
            "start_perf": [
                0.28059792518615723,
                0.17043,
                0.111499,
                247276,
                247292,
                1672915187.616684,
                30149882845716
            ],
            "end_perf": [
                0.28062105178833008,
                0.17043,
                0.111522,
                247276,
                247292,
                30149882911397,
                1,
                0
            ],
            "child_modules": {},
            "skipped": 1
        },
        "vcs_paramclassrepository_67wvne": {
            "start_perf": [
                0.28099608421325684,
                0.17043,
                0.111897,
                247276,
                247292,
                1672915187.6170821,
                30149883957879
            ],
            "end_perf": [
                0.28101897239685059,
                0.17043,
                0.11192000000000001,
                247276,
                247292,
                30149884024562,
                1,
                0
            ],
            "child_modules": {},
            "skipped": 1
        },
        "vcs_paramclassrepository": {
            "start_perf": [
                0.28084588050842285,
                0.17043,
                0.111747,
                247276,
                247292,
                1672915187.6169319,
                30149883538842
            ],
            "end_perf": [
                0.2808690071105957,
                0.17043,
                0.11176999999999999,
                247276,
                247292,
                30149883603596,
                1,
                0
            ],
            "child_modules": {},
            "skipped": 1
        },
        "uvm_custom_install_verdi_recording": {
            "start_perf": [
                0.28055000305175781,
                0.17043,
                0.11145099999999999,
                247276,
                247292,
                1672915187.616636,
                30149882712085
            ],
            "end_perf": [
                0.28057408332824707,
                0.17043,
                0.111475,
                247276,
                247292,
                30149882778952,
                1,
                0
            ],
            "child_modules": {},
            "skipped": 1
        },
        "_vcs_msglog": {
            "start_perf": [
                0.28033804893493652,
                0.17043,
                0.111239,
                247276,
                247292,
                1672915187.6164241,
                30149882269540
            ],
            "end_perf": [
                0.28041887283325195,
                0.17043,
                0.111319,
                247276,
                247292,
                30149882360224,
                1,
                0
            ],
            "child_modules": {},
            "skipped": 1
        },
        "vcs_paramclassrepository_UF52ed": {
            "start_perf": [
                0.28089284896850586,
                0.17043,
                0.111794,
                247276,
                247292,
                1672915187.6169789,
                30149883675007
            ],
            "end_perf": [
                0.28091907501220703,
                0.17043,
                0.11182,
                247276,
                247292,
                30149883747504,
                1,
                0
            ],
            "child_modules": {},
            "skipped": 1
        },
        "_vcs_unit__3820934895": {
            "start_perf": [
                0.28044986724853516,
                0.17043,
                0.11135100000000001,
                247276,
                247292,
                1672915187.6165359,
                30149882434764
            ],
            "end_perf": [
                0.28047490119934082,
                0.17043,
                0.111376,
                247276,
                247292,
                30149882502887,
                1,
                0
            ],
            "child_modules": {},
            "skipped": 1
        },
        "uvm_custom_install_recording": {
            "start_perf": [
                0.28049898147583008,
                0.17043,
                0.1114,
                247276,
                247292,
                1672915187.616585,
                30149882570844
            ],
            "end_perf": [
                0.28052496910095215,
                0.17043,
                0.111426,
                247276,
                247292,
                30149882644174,
                1,
                0
            ],