{
    "Modules": {
        "...MASTER...": {
            "end_perf": [
                0.37438201904296875,
                0.220581,
                0.100435,
                247232,
                247252,
                38194902891847,
                0,
                0
            ],
            "start_perf": [
                0.36877703666687012,
                0.220581,
                0.094944000000000001,
                246244,
                246260,
                1672823772.9558361,
                38194887322306
            ],
            "nRouts": 5,
            "child_modules": {
                "lvc_apb_pkg": 1,
                "rkv_i2c_pkg": 1,
                "vcs_paramclassrepository_87QqAb": 1,
                "lvc_i2c_pkg": 1,
                "rkv_i2c_tb": 1,
                "uvm_pkg": 1,
                "uvm_custom_install_recording": 1,
                "uvm_custom_install_verdi_recording": 1,
                "vcs_paramclassrepository_vcsintf": 1,
                "vcs_paramclassrepository_67wvne": 1,
                "vcs_paramclassrepository_UF52ed": 1,
                "vcs_paramclassrepository": 1,
                "_vcs_unit__3820934895": 1,
                "std": 1,
                "_vcs_msglog": 1
            },
            "nQuads": 0,
            "nMops": 0
        },
        "std": {
            "end_perf": [
                0.37496495246887207,
                0.22073899999999999,
                0.10079399999999999,
                247236,
                247252,
                38194904478330,
                1,
                0
            ],
            "start_perf": [
                0.37488007545471191,
                0.22068199999999999,
                0.100768,
                247236,
                247252,
                1672823772.9619391,
                38194904342153
            ],
            "child_modules": {},
            "skipped": 1
        },
        "uvm_pkg": {
            "end_perf": [
                0.37503504753112793,
                0.22078900000000001,
                0.100816,
                247236,
                247252,
                38194904639568,
                1,
                0
            ],
            "start_perf": [
                0.37500905990600586,
                0.220771,
                0.10080799999999999,
                247236,
                247252,
                1672823772.9620681,
                38194904570857
            ],
            "child_modules": {},
            "skipped": 1
        },
        "_vcs_msglog": {
            "end_perf": [
                0.37508606910705566,
                0.22082399999999999,
                0.10083300000000001,
                247236,
                247252,
                38194904782719,
                1,
                0
            ],
            "start_perf": [
                0.37506008148193359,
                0.220806,
                0.100824,
                247236,
                247252,
                1672823772.9621191,
                38194904710736
            ],
            "child_modules": {},
            "skipped": 1
        },
        "_vcs_unit__3820934895": {
            "end_perf": [
                0.3751380443572998,
                0.220859,
                0.10084899999999999,
                247236,
                247252,
                38194904926276,
                1,
                0
            ],
            "start_perf": [
                0.37511205673217773,
                0.22084200000000001,
                0.100841,
                247236,
                247252,
                1672823772.9621711,
                38194904855722
            ],
            "child_modules": {},
            "skipped": 1
        },
        "uvm_custom_install_recording": {
            "end_perf": [
                0.37518596649169922,
                0.22089300000000001,
                0.100864,
                247236,
                247252,
                38194905060076,
                1,
                0
            ],
            "start_perf": [
                0.37516188621520996,
                0.22087599999999999,
                0.100856,
                247236,
                247252,
                1672823772.9622209,
                38194904993536
            ],
            "child_modules": {},
            "skipped": 1
        },
        "uvm_custom_install_verdi_recording": {
            "end_perf": [
                0.37523388862609863,
                0.22092500000000001,
                0.100879,
                247236,
                247252,
                38194905192515,
                1,
                0
            ],
            "start_perf": [
                0.37521004676818848,
                0.22090899999999999,
                0.100871,
                247236,
                247252,
                1672823772.9622691,
                38194905127270
            ],
            "child_modules": {},
            "skipped": 1
        },
        "vcs_paramclassrepository_87QqAb": {
            "end_perf": [
                0.3756859302520752,
                0.22118199999999999,
                0.101072,
                247236,
                247252,
                38194906476546,
                1,
                0
            ],
            "start_perf": [
                0.37560892105102539,
                0.22118199999999999,
                0.100996,
                247236,
                247252,
                1672823772.9626679,
                38194906363290
            ],
            "child_modules": {},
            "skipped": 1
        },
        "rkv_i2c_pkg": {
            "end_perf": [
                0.37538290023803711,
                0.221027,
                0.100926,
                247236,
                247252,
                38194905608916,
                1,
                0
            ],
            "start_perf": [
                0.37535786628723145,
                0.22101000000000001,
                0.10091799999999999,
                247236,
                247252,
                1672823772.9624169,
                38194905543904
            ],
            "child_modules": {},
            "skipped": 1
        },
        "lvc_apb_pkg": {
            "end_perf": [
                0.37528109550476074,
                0.22095799999999999,
                0.100894,
                247236,
                247252,
                38194905329324,
                1,
                0
            ],
            "start_perf": [
                0.37525796890258789,
                0.220942,
                0.100886,
                247236,
                247252,
                1672823772.962317,
                38194905260290
            ],
            "child_modules": {},
            "skipped": 1
        },
        "rkv_i2c_tb": {
            "end_perf": [
                0.37543106079101562,
                0.22106100000000001,
                0.100941,
                247236,
                247252,
                38194905744496,
                1,
                0
            ],
            "start_perf": [
                0.37540698051452637,
                0.22104399999999999,
                0.10093299999999999,
                247236,
                247252,
                1672823772.962466,
                38194905675861
            ],
            "child_modules": {},
            "skipped": 1
        },
        "lvc_i2c_pkg": {
            "end_perf": [
                0.37533187866210938,
                0.22099299999999999,
                0.10091,
                247236,
                247252,
                38194905468168,
                1,
                0
            ],