{
    "ObjArchives": [],
    "CompUnits": {
        "SIM_d": {
            "mod": "...MASTER...",
            "out": "objs/SIM_d.o",
            "bytes": 12848,
            "text": 430,
            "checksum": 4294967295,
            "mode": 4
        }
    },
    "Modules": {
        "vcs_paramclassrepository_UF52ed": {
            "start_perf": [
                0.25856995582580566,
                0.15506400000000001,
                0.097923999999999997,
                247276,
                247292,
                1672921323.7458,
                47291367616625
            ],
            "child_modules": {},
            "skipped": 1,
            "end_perf": [
                0.25859594345092773,
                0.15506400000000001,
                0.097949999999999995,
                247276,
                247292,
                47291367689676,
                1,
                0
            ]
        },
        "...MASTER...": {
            "start_perf": [
                0.25197386741638184,
                0.15412799999999999,
                0.092677999999999996,
                246284,
                246300,
                1672921323.7392039,
                47291349217100
            ],
            "child_modules": {
                "rkv_i2c_tb": 1,
                "vcs_paramclassrepository_67wvne": 1,
                "vcs_paramclassrepository_87QqAb": 1,
                "uvm_custom_install_verdi_recording": 1,
                "uvm_pkg": 1,
                "vcs_paramclassrepository": 1,
                "_vcs_unit__3820934895": 1,
                "std": 1,
                "vcs_paramclassrepository_vcsintf": 1,
                "lvc_apb_pkg": 1,
                "rkv_i2c_pkg": 1,
                "uvm_custom_install_recording": 1,
                "_vcs_msglog": 1,
                "lvc_i2c_pkg": 1,
                "vcs_paramclassrepository_UF52ed": 1
            },
            "nRouts": 5,
            "end_perf": [
                0.25719785690307617,
                0.15506400000000001,
                0.096662999999999999,
                247272,
                247292,
                47291363875028,
                0,
                0
            ],
            "nQuads": 0,
            "nMops": 0
        },
        "vcs_paramclassrepository_vcsintf": {
            "start_perf": [
                0.25847387313842773,
                0.15506400000000001,
                0.097827999999999998,
                247276,
                247292,
                1672921323.7457039,
                47291367346099
            ],
            "child_modules": {},
            "skipped": 1,
            "end_perf": [
                0.2584989070892334,
                0.15506400000000001,
                0.097852999999999996,
                247276,
                247292,
                47291367411937,
                1,
                0
            ]
        },
        "rkv_i2c_pkg": {
            "start_perf": [
                0.25833296775817871,
                0.15506400000000001,
                0.097685999999999995,
                247276,
                247292,
                1672921323.745563,
                47291367036737
            ],
            "child_modules": {},
            "skipped": 1,
            "end_perf": [
                0.2583918571472168,
                0.15506400000000001,
                0.097746,
                247276,
                247292,
                47291367125677,
                1,
                0
            ]
        },
        "lvc_apb_pkg": {
            "start_perf": [
                0.25818300247192383,
                0.15506400000000001,
                0.097536999999999999,
                247276,
                247292,
                1672921323.7454131,
                47291366531505
            ],
            "child_modules": {},
            "skipped": 1,
            "end_perf": [
                0.25820684432983398,
                0.15506400000000001,
                0.097560999999999995,
                247276,
                247292,
                47291366597933,
                1,
                0
            ]
        },
        "std": {
            "start_perf": [
                0.25783991813659668,
                0.15506400000000001,
                0.097193000000000002,
                247276,
                247292,
                1672921323.74507,
                47291365660626
            ],
            "child_modules": {},
            "skipped": 1,
            "end_perf": [
                0.25790190696716309,
                0.15506400000000001,
                0.097255999999999995,
                247276,
                247292,
                47291365754770,
                1,
                0
            ]
        },
        "uvm_custom_install_verdi_recording": {
            "start_perf": [
                0.25813603401184082,
                0.15506400000000001,
                0.097489999999999993,
                247276,
                247292,
                1672921323.7453661,
                47291366399460
            ],
            "child_modules": {},
            "skipped": 1,
            "end_perf": [
                0.25815987586975098,
                0.15506400000000001,
                0.097514000000000003,
                247276,
                247292,
                47291366464826,
                1,
                0
            ]
        },
        "uvm_pkg": {
            "start_perf": [
                0.25793600082397461,
                0.15506400000000001,
                0.097290000000000001,
                247276,
                247292,
                1672921323.7451661,
                47291365846026
            ],
            "child_modules": {},
            "skipped": 1,
            "end_perf": [
                0.25796198844909668,
                0.15506400000000001,
                0.097316,
                247276,
                247292,
                47291365915790,
                1,
                0
            ]
        },
        "_vcs_msglog": {
            "start_perf": [
                0.25798892974853516,
                0.15506400000000001,
                0.097342999999999999,
                247276,
                247292,
                1672921323.745219,
                47291365989864
            ],
            "child_modules": {},
            "skipped": 1,
            "end_perf": [
                0.25801301002502441,
                0.15506400000000001,
                0.097366999999999995,
                247276,
                247292,
                47291366059016,
                1,
                0
            ]
        },
        "uvm_custom_install_recording": {
            "start_perf": [
                0.2580869197845459,
                0.15506400000000001,
                0.097441,
                247276,
                247292,
                1672921323.745317,
                47291366261273
            ],
            "child_modules": {},
            "skipped": 1,
            "end_perf": [
                0.25811195373535156,
                0.15506400000000001,
                0.097465999999999997,
                247276,
                247292,
                47291366331764,
                1,
                0
            ]
        },
        "vcs_paramclassrepository": {
            "start_perf": [
                0.25852298736572266,
                0.15506400000000001,
                0.097877000000000006,
                247276,
                247292,
                1672921323.745753,
                47291367480381
            ],
            "child_modules": {},
            "skipped": 1,
            "end_perf": [
                0.25854587554931641,
                0.15506400000000001,
                0.097901000000000002,
                247276,
                247292,
                47291367545275,
                1,
                0
            ]
        },