{
    "Modules": {
        "...MASTER...": {
            "nQuads": 0,
            "start_perf": [
                0.48224186897277832,
                0.24960299999999999,
                0.13676099999999999,
                246244,
                246260,
                1672834423.7136469,
                67948288943290
            ],
            "child_modules": {
                "vcs_paramclassrepository_vcsintf": 1,
                "rkv_i2c_tb": 1,
                "vcs_paramclassrepository_87QqAb": 1,
                "uvm_custom_install_verdi_recording": 1,
                "vcs_paramclassrepository": 1,
                "uvm_pkg": 1,
                "vcs_paramclassrepository_67wvne": 1,
                "lvc_apb_pkg": 1,
                "_vcs_unit__3820934895": 1,
                "_vcs_msglog": 1,
                "std": 1,
                "vcs_paramclassrepository_UF52ed": 1,
                "uvm_custom_install_recording": 1,
                "rkv_i2c_pkg": 1,
                "lvc_i2c_pkg": 1
            },
            "end_perf": [
                0.49508404731750488,
                0.25311699999999998,
                0.14595,
                247232,
                247252,
                67948324865097,
                0,
                0
            ],
            "nMops": 0,
            "nRouts": 5
        },
        "std": {
            "skipped": 1,
            "start_perf": [
                0.49550795555114746,
                0.25338699999999997,
                0.14610600000000001,
                247236,
                247252,
                1672834423.726913,
                67948326006607
            ],
            "child_modules": {},
            "end_perf": [
                0.49555492401123047,
                0.253417,
                0.146123,
                247236,
                247252,
                67948326097040,
                1,
                0
            ]
        },
        "_vcs_msglog": {
            "skipped": 1,
            "start_perf": [
                0.49563908576965332,
                0.253471,
                0.14615400000000001,
                247236,
                247252,
                1672834423.7270441,
                67948326327206
            ],
            "child_modules": {},
            "end_perf": [
                0.49566388130187988,
                0.25348599999999999,
                0.14616299999999999,
                247236,
                247252,
                67948326394315,
                1,
                0
            ]
        },
        "vcs_paramclassrepository_87QqAb": {
            "skipped": 1,
            "start_perf": [
                0.49624490737915039,
                0.25351800000000002,
                0.14671200000000001,
                247236,
                247252,
                1672834423.7276499,
                67948328016753
            ],
            "child_modules": {},
            "end_perf": [
                0.49626994132995605,
                0.25351800000000002,
                0.14673700000000001,
                247236,
                247252,
                67948328086387,
                1,
                0
            ]
        },
        "vcs_paramclassrepository": {
            "skipped": 1,
            "start_perf": [
                0.49614405632019043,
                0.25351800000000002,
                0.14661199999999999,
                247236,
                247252,
                1672834423.7275491,
                67948327736054
            ],
            "child_modules": {},
            "end_perf": [
                0.49616789817810059,
                0.25351800000000002,
                0.14663499999999999,
                247236,
                247252,
                67948327801704,
                1,
                0
            ]
        },
        "uvm_custom_install_verdi_recording": {
            "skipped": 1,
            "start_perf": [
                0.49584293365478516,
                0.25351800000000002,
                0.146311,
                247236,
                247252,
                1672834423.727248,
                67948326898536
            ],
            "child_modules": {},
            "end_perf": [
                0.49586796760559082,
                0.25351800000000002,
                0.14633599999999999,
                247236,
                247252,
                67948326964225,
                1,
                0
            ]
        },
        "uvm_pkg": {
            "skipped": 1,
            "start_perf": [
                0.49558901786804199,
                0.25343900000000003,
                0.14613599999999999,
                247236,
                247252,
                1672834423.726994,
                67948326188641
            ],
            "child_modules": {},
            "end_perf": [
                0.49561405181884766,
                0.25345499999999999,
                0.146145,
                247236,
                247252,
                67948326256676,
                1,
                0
            ]
        },
        "_vcs_unit__3820934895": {
            "skipped": 1,
            "start_perf": [
                0.49568796157836914,
                0.25350200000000001,
                0.146172,
                247236,
                247252,
                1672834423.727093,
                67948326462620
            ],
            "child_modules": {},
            "end_perf": [
                0.49571394920349121,
                0.25351800000000002,
                0.14618100000000001,
                247236,
                247252,
                67948326639513,
                1,
                0
            ]
        },
        "lvc_apb_pkg": {
            "skipped": 1,
            "start_perf": [
                0.49589204788208008,
                0.25351800000000002,
                0.14635999999999999,
                247236,
                247252,
                1672834423.7272971,
                67948327031737
            ],
            "child_modules": {},
            "end_perf": [
                0.49591588973999023,
                0.25351800000000002,
                0.14638399999999999,
                247236,
                247252,
                67948327098253,
                1,
                0
            ]
        },
        "vcs_paramclassrepository_UF52ed": {
            "skipped": 1,
            "start_perf": [
                0.49619388580322266,
                0.25351800000000002,
                0.14666199999999999,
                247236,
                247252,
                1672834423.7275989,
                67948327878242
            ],
            "child_modules": {},
            "end_perf": [
                0.49621891975402832,
                0.25351800000000002,
                0.14668600000000001,
                247236,
                247252,
                67948327944171,
                1,
                0
            ]
        },
        "rkv_i2c_pkg": {
            "skipped": 1,
            "start_perf": [
                0.49599289894104004,
                0.25351800000000002,
                0.14646000000000001,
                247236,
                247252,
                1672834423.7273979,
                67948327317552
            ],
            "child_modules": {},
            "end_perf": [
                0.49601888656616211,
                0.25351800000000002,
                0.14648700000000001,
                247236,
                247252,
                67948327387386,
                1,
                0
            ]
        },
        "uvm_custom_install_recording": {
            "skipped": 1,