{
    "reusePaths": {},
    "Modules": {
        "vcs_paramclassrepository_vcsintf": {
            "start_perf": [
                0.22126102447509766,
                0.14809,
                0.067497000000000001,
                247192,
                247208,
                1672756727.483856,
                85300112023048
            ],
            "child_modules": {},
            "end_perf": [
                0.22128605842590332,
                0.14810699999999999,
                0.067503999999999995,
                247192,
                247208,
                85300112093817,
                1,
                0
            ],
            "skipped": 1
        },
        "uvm_pkg": {
            "start_perf": [
                0.22076916694641113,
                0.14775199999999999,
                0.067343,
                247192,
                247208,
                1672756727.4833641,
                85300110659165
            ],
            "child_modules": {},
            "end_perf": [
                0.22079706192016602,
                0.14777100000000001,
                0.067350999999999994,
                247192,
                247208,
                85300110729967,
                1,
                0
            ],
            "skipped": 1
        },
        "_vcs_msglog": {
            "start_perf": [
                0.22082114219665527,
                0.147788,
                0.067359000000000002,
                247192,
                247208,
                1672756727.4834161,
                85300110798145
            ],
            "child_modules": {},
            "end_perf": [
                0.22084498405456543,
                0.14780399999999999,
                0.067365999999999995,
                247192,
                247208,
                85300110862766,
                1,
                0
            ],
            "skipped": 1
        },
        "uvm_custom_install_recording": {
            "start_perf": [
                0.22096705436706543,
                0.14788799999999999,
                0.067405000000000007,
                247192,
                247208,
                1672756727.483562,
                85300111205371
            ],
            "child_modules": {},
            "end_perf": [
                0.22099113464355469,
                0.14790500000000001,
                0.067412,
                247192,
                247208,
                85300111271840,
                1,
                0
            ],
            "skipped": 1
        },
        "rkv_i2c_tb": {
            "start_perf": [
                0.22121000289916992,
                0.14805499999999999,
                0.067480999999999999,
                247192,
                247208,
                1672756727.4838049,
                85300111886054
            ],
            "child_modules": {},
            "end_perf": [
                0.22123599052429199,
                0.14807300000000001,
                0.067488999999999993,
                247192,
                247208,
                85300111952335,
                1,
                0
            ],
            "skipped": 1
        },
        "lvc_i2c_pkg": {
            "start_perf": [
                0.22111201286315918,
                0.14798800000000001,
                0.067449999999999996,
                247192,
                247208,
                1672756727.483707,
                85300111615869
            ],
            "child_modules": {},
            "end_perf": [
                0.22113800048828125,
                0.148005,
                0.067458000000000004,
                247192,
                247208,
                85300111680033,
                1,
                0
            ],
            "skipped": 1
        },
        "...MASTER...": {
            "start_perf": [
                0.21540498733520508,
                0.144208,
                0.065548999999999996,
                246200,
                246216,
                1672756727.4779999,
                85300095706553
            ],
            "child_modules": {
                "lvc_i2c_pkg": 1,
                "rkv_i2c_tb": 1,
                "_vcs_unit__3820934895": 1,
                "vcs_paramclassrepository_vcsintf": 1,
                "_vcs_msglog": 1,
                "uvm_custom_install_recording": 1,
                "uvm_pkg": 1,
                "uvm_custom_install_verdi_recording": 1,
                "vcs_paramclassrepository_87QqAb": 1,
                "vcs_paramclassrepository_67wvne": 1,
                "vcs_paramclassrepository_UF52ed": 1,
                "vcs_paramclassrepository": 1,
                "std": 1,
                "rkv_i2c_pkg": 1,
                "lvc_apb_pkg": 1
            },
            "end_perf": [
                0.22028017044067383,
                0.14743300000000001,
                0.067197000000000007,
                247188,
                247208,
                85300109607771,
                0,
                0
            ],
            "nMops": 0,
            "nQuads": 0,
            "nRouts": 5
        },
        "_vcs_unit__3820934895": {
            "start_perf": [
                0.22086906433105469,
                0.14782000000000001,
                0.067374000000000003,
                247192,
                247208,
                1672756727.483464,
                85300111015147
            ],
            "child_modules": {},
            "end_perf": [
                0.22092700004577637,
                0.14785999999999999,
                0.067391999999999994,
                247192,
                247208,
                85300111127511,
                1,
                0
            ],
            "skipped": 1
        },
        "std": {
            "start_perf": [
                0.22069811820983887,
                0.147702,
                0.067320000000000005,
                247192,
                247208,
                1672756727.4832931,
                85300110488462
            ],
            "child_modules": {},
            "end_perf": [
                0.22074007987976074,
                0.147732,
                0.067333000000000004,
                247192,
                247208,
                85300110574794,
                1,
                0
            ],
            "skipped": 1
        },
        "uvm_custom_install_verdi_recording": {
            "start_perf": [
                0.22101712226867676,
                0.147922,
                0.067419999999999994,
                247192,
                247208,
                1672756727.4836121,
                85300111342315
            ],
            "child_modules": {},
            "end_perf": [
                0.22104001045227051,
                0.14793799999999999,
                0.067427000000000001,
                247192,
                247208,
                85300111406193,
                1,
                0
            ],
            "skipped": 1
        },
        "lvc_apb_pkg": {
            "start_perf": [
                0.22106409072875977,
                0.147955,
                0.067434999999999995,
                247192,
                247208,
                1672756727.483659,
                85300111475200
            ],
            "child_modules": {},
            "end_perf": [
                0.22108697891235352,
                0.14797099999999999,
                0.067442000000000002,
                247192,
                247208,
                85300111540310,
                1,
                0
            ],
            "skipped": 1
        },
        "rkv_i2c_pkg": {
            "start_perf": [
                0.2211611270904541,
                0.14802199999999999,
                0.067464999999999997,
                247192,
                247208,
                1672756727.4837561,
                85300111746832
            ],
            "child_modules": {},