{
    "Modules": {
        "...MASTER...": {
            "nQuads": 0,
            "start_perf": [
                0.22646498680114746,
                0.13744799999999999,
                0.115685,
                246280,
                246296,
                1672911059.4865849,
                18617811464292
            ],
            "nRouts": 5,
            "end_perf": [
                0.23241019248962402,
                0.13822300000000001,
                0.119946,
                247268,
                247288,
                18617828137114,
                0,
                0
            ],
            "child_modules": {
                "rkv_i2c_tb": 1,
                "std": 1,
                "_vcs_unit__3820934895": 1,
                "_vcs_msglog": 1,
                "vcs_paramclassrepository_87QqAb": 1,
                "uvm_custom_install_recording": 1,
                "vcs_paramclassrepository": 1,
                "uvm_pkg": 1,
                "vcs_paramclassrepository_67wvne": 1,
                "lvc_i2c_pkg": 1,
                "uvm_custom_install_verdi_recording": 1,
                "rkv_i2c_pkg": 1,
                "lvc_apb_pkg": 1,
                "vcs_paramclassrepository_vcsintf": 1,
                "vcs_paramclassrepository_UF52ed": 1
            },
            "nMops": 0
        },
        "_vcs_unit__3820934895": {
            "start_perf": [
                0.23357605934143066,
                0.13878199999999999,
                0.12019100000000001,
                247272,
                247288,
                1672911059.493696,
                18617831304757
            ],
            "skipped": 1,
            "end_perf": [
                0.23360514640808105,
                0.13881099999999999,
                0.12019100000000001,
                247272,
                247288,
                18617831385173,
                1,
                0
            ],
            "child_modules": {}
        },
        "rkv_i2c_tb": {
            "start_perf": [
                0.23392915725708008,
                0.13913400000000001,
                0.12019100000000001,
                247272,
                247288,
                1672911059.4940491,
                18617832288937
            ],
            "skipped": 1,
            "end_perf": [
                0.23395705223083496,
                0.13916200000000001,
                0.12019100000000001,
                247272,
                247288,
                18617832365649,
                1,
                0
            ],
            "child_modules": {}
        },
        "std": {
            "start_perf": [
                0.23330116271972656,
                0.13850599999999999,
                0.12019100000000001,
                247272,
                247288,
                1672911059.4934211,
                18617830577653
            ],
            "skipped": 1,
            "end_perf": [
                0.23339509963989258,
                0.138599,
                0.12019100000000001,
                247272,
                247288,
                18617830861261,
                1,
                0
            ],
            "child_modules": {}
        },
        "vcs_paramclassrepository": {
            "start_perf": [
                0.23404598236083984,
                0.13925100000000001,
                0.12019100000000001,
                247272,
                247288,
                1672911059.4941659,
                18617832604135
            ],
            "skipped": 1,
            "end_perf": [
                0.2340691089630127,
                0.13927500000000001,
                0.12019100000000001,
                247272,
                247288,
                18617832669664,
                1,
                0
            ],
            "child_modules": {}
        },
        "uvm_custom_install_recording": {
            "start_perf": [
                0.23363304138183594,
                0.13883899999999999,
                0.12019100000000001,
                247272,
                247288,
                1672911059.493753,
                18617831464189
            ],
            "skipped": 1,
            "end_perf": [
                0.23366212844848633,
                0.13886699999999999,
                0.12019100000000001,
                247272,
                247288,
                18617831547981,
                1,
                0
            ],
            "child_modules": {}
        },
        "vcs_paramclassrepository_67wvne": {
            "start_perf": [
                0.23419713973999023,
                0.139402,
                0.12019100000000001,
                247272,
                247288,
                1672911059.4943171,
                18617833026142
            ],
            "skipped": 1,
            "end_perf": [
                0.23422002792358398,
                0.13942599999999999,
                0.12019100000000001,
                247272,
                247288,
                18617833094646,
                1,
                0
            ],
            "child_modules": {}
        },
        "uvm_pkg": {
            "start_perf": [
                0.23345303535461426,
                0.138659,
                0.12019100000000001,
                247272,
                247288,
                1672911059.493573,
                18617830977537
            ],
            "skipped": 1,
            "end_perf": [
                0.23348808288574219,
                0.13869400000000001,
                0.12019100000000001,
                247272,
                247288,
                18617831060877,
                1,
                0
            ],
            "child_modules": {}
        },
        "lvc_apb_pkg": {
            "start_perf": [
                0.2337501049041748,
                0.138956,
                0.12019100000000001,
                247272,
                247288,
                1672911059.49387,
                18617831790313
            ],
            "skipped": 1,
            "end_perf": [
                0.23377799987792969,
                0.138984,
                0.12019100000000001,
                247272,
                247288,
                18617831868617,
                1,
                0
            ],
            "child_modules": {}
        },
        "vcs_paramclassrepository_87QqAb": {
            "start_perf": [
                0.2341461181640625,
                0.139352,
                0.12019100000000001,
                247272,
                247288,
                1672911059.494266,
                18617832889529
            ],
            "skipped": 1,
            "end_perf": [
                0.23417115211486816,
                0.139377,
                0.12019100000000001,
                247272,
                247288,
                18617832954810,
                1,
                0
            ],
            "child_modules": {}
        },
        "_vcs_msglog": {
            "start_perf": [
                0.23351907730102539,
                0.13872399999999999,
                0.12019100000000001,
                247272,
                247288,
                1672911059.493639,
                18617831145129
            ],
            "skipped": 1,
            "end_perf": [
                0.23354697227478027,
                0.13875299999999999,
                0.12019100000000001,
                247272,
                247288,
                18617831224113,
                1,
                0
            ],
            "child_modules": {}
        },
        "lvc_i2c_pkg": {
            "start_perf": [
                0.23380708694458008,
                0.139013,
                0.12019100000000001,
                247272,
                247288,
                1672911059.493927,
                18617831952733
            ],
            "skipped": 1,