{
    "stat": {
        "peak_mem_kb": 247212,
        "ru_self_end": {
            "ru_utime_sec": 0.44518400000000002,
            "ru_stime_sec": 0.33618300000000001,
            "ru_majflt": 15,
            "ru_maxrss_kb": 72956,
            "ru_nvcsw": 51,
            "ru_minflt": 29203,
            "ru_nivcsw": 22
        },
        "cpu_cycles_end": 58547654178828,
        "ru_childs_end": {
            "ru_utime_sec": 0.048938000000000002,
            "ru_stime_sec": 0.13323499999999999,
            "ru_majflt": 1,
            "ru_maxrss_kb": 28504,
            "ru_nvcsw": 26,
            "ru_minflt": 10629,
            "ru_nivcsw": 23
        }
    },
    "Modules": {
        "vcs_paramclassrepository_67wvne": {
            "child_modules": {},
            "start_perf": [
                0.83583998680114746,
                0.43008999999999997,
                0.30921799999999999,
                247184,
                247200,
                1672488672.2741549,
                58547518819551
            ],
            "skipped": 1,
            "end_perf": [
                0.83587408065795898,
                0.43008999999999997,
                0.30925200000000003,
                247184,
                247200,
                58547518914547,
                1,
                0
            ]
        },
        "...MASTER...": {
            "child_modules": {
                "rkv_i2c_tb": 1,
                "uvm_pkg": 1,
                "_vcs_unit__3820934895": 1,
                "vcs_paramclassrepository_87QqAb": 1,
                "uvm_custom_install_verdi_recording": 1,
                "vcs_paramclassrepository_67wvne": 1,
                "std": 1,
                "vcs_paramclassrepository_vcsintf": 1,
                "vcs_paramclassrepository": 1,
                "rkv_i2c_pkg": 1,
                "uvm_custom_install_recording": 1,
                "_vcs_msglog": 1,
                "lvc_apb_pkg": 1,
                "lvc_i2c_pkg": 1,
                "vcs_paramclassrepository_UF52ed": 1
            },
            "start_perf": [
                0.80602312088012695,
                0.414576,
                0.29515999999999998,
                246192,
                246208,
                1672488672.244338,
                58547435602491
            ],
            "nRouts": 5,
            "end_perf": [
                0.83298301696777344,
                0.42908099999999999,
                0.30746899999999999,
                247180,
                247200,
                58547510980266,
                0,
                0
            ],
            "nQuads": 0,
            "nMops": 0
        },
        "std": {
            "child_modules": {},
            "start_perf": [
                0.83409500122070312,
                0.42908099999999999,
                0.30847999999999998,
                247184,
                247200,
                1672488672.2724099,
                58547514125022
            ],
            "skipped": 1,
            "end_perf": [
                0.83420610427856445,
                0.42908099999999999,
                0.30859399999999998,
                247184,
                247200,
                58547514293081,
                1,
                0
            ]
        },
        "uvm_pkg": {
            "child_modules": {},
            "start_perf": [
                0.83426618576049805,
                0.42910199999999998,
                0.30863200000000002,
                247184,
                247200,
                1672488672.2725811,
                58547514476166
            ],
            "skipped": 1,
            "end_perf": [
                0.83433008193969727,
                0.42913800000000002,
                0.30865799999999999,
                247184,
                247200,
                58547514642695,
                1,
                0
            ]
        },
        "_vcs_unit__3820934895": {
            "child_modules": {},
            "start_perf": [
                0.83448910713195801,
                0.429232,
                0.30872500000000003,
                247184,
                247200,
                1672488672.272804,
                58547515074411
            ],
            "skipped": 1,
            "end_perf": [
                0.8345329761505127,
                0.429257,
                0.30874400000000002,
                247184,
                247200,
                58547515192983,
                1,
                0
            ]
        },
        "_vcs_msglog": {
            "child_modules": {},
            "start_perf": [
                0.83438420295715332,
                0.42917,
                0.30868099999999998,
                247184,
                247200,
                1672488672.2726991,
                58547514800736
            ],
            "skipped": 1,
            "end_perf": [
                0.83443808555603027,
                0.42920199999999997,
                0.30870399999999998,
                247184,
                247200,
                58547514944812,
                1,
                0
            ]
        },
        "uvm_custom_install_recording": {
            "child_modules": {},
            "start_perf": [
                0.83478808403015137,
                0.42951,
                0.30874400000000002,
                247184,
                247200,
                1672488672.273103,
                58547516047741
            ],
            "skipped": 1,
            "end_perf": [
                0.83489608764648438,
                0.42962,
                0.30874400000000002,
                247184,
                247200,
                58547516215175,
                1,
                0
            ]
        },
        "uvm_custom_install_verdi_recording": {
            "child_modules": {},
            "start_perf": [
                0.83495116233825684,
                0.42967499999999997,
                0.30874400000000002,
                247184,
                247200,
                1672488672.2732661,
                58547516374999
            ],
            "skipped": 1,
            "end_perf": [
                0.83499813079833984,
                0.42972300000000002,
                0.30874400000000002,
                247184,
                247200,
                58547516498214,
                1,
                0
            ]
        },
        "lvc_apb_pkg": {
            "child_modules": {},
            "start_perf": [
                0.83504199981689453,
                0.42976700000000001,
                0.30874400000000002,
                247184,
                247200,
                1672488672.2733569,
                58547516617134
            ],
            "skipped": 1,
            "end_perf": [
                0.8350830078125,
                0.42980800000000002,
                0.30874400000000002,
                247184,
                247200,
                58547516730814,
                1,
                0
            ]
        },
        "lvc_i2c_pkg": {
            "child_modules": {},
            "start_perf": [
                0.8351280689239502,
                0.42985299999999999,
                0.30874400000000002,
                247184,
                247200,
                1672488672.273443,
                58547516861029
            ],
            "skipped": 1,
            "end_perf": [
                0.8351740837097168,
                0.429898,
                0.30874400000000002,
                247184,
                247200,
                58547516984341,
                1,
                0
            ]
        },
        "rkv_i2c_pkg": {
            "child_modules": {},