{
    "reusePaths": {},
    "Modules": {
        "vcs_paramclassrepository": {
            "start_perf": [
                0.26241707801818848,
                0.14798,
                0.10775800000000001,
                247276,
                247292,
                1672921659.9551821,
                48230579923160
            ],
            "child_modules": {},
            "end_perf": [
                0.26244091987609863,
                0.148004,
                0.10775800000000001,
                247276,
                247292,
                48230579987875,
                1,
                0
            ],
            "skipped": 1
        },
        "rkv_i2c_pkg": {
            "start_perf": [
                0.26224207878112793,
                0.14780499999999999,
                0.10775800000000001,
                247276,
                247292,
                1672921659.9550071,
                48230579438560
            ],
            "child_modules": {},
            "end_perf": [
                0.26226902008056641,
                0.14783099999999999,
                0.10775800000000001,
                247276,
                247292,
                48230579554247,
                1,
                0
            ],
            "skipped": 1
        },
        "...MASTER...": {
            "start_perf": [
                0.25708103179931641,
                0.144873,
                0.10563599999999999,
                246284,
                246300,
                1672921659.949846,
                48230565042937
            ],
            "child_modules": {
                "vcs_paramclassrepository_vcsintf": 1,
                "rkv_i2c_tb": 1,
                "vcs_paramclassrepository_67wvne": 1,
                "std": 1,
                "vcs_paramclassrepository_87QqAb": 1,
                "uvm_pkg": 1,
                "_vcs_unit__3820934895": 1,
                "uvm_custom_install_verdi_recording": 1,
                "rkv_i2c_pkg": 1,
                "vcs_paramclassrepository": 1,
                "vcs_paramclassrepository_UF52ed": 1,
                "lvc_apb_pkg": 1,
                "uvm_custom_install_recording": 1,
                "_vcs_msglog": 1,
                "lvc_i2c_pkg": 1
            },
            "end_perf": [
                0.26147294044494629,
                0.147034,
                0.10775800000000001,
                247272,
                247292,
                48230577353263,
                0,
                0
            ],
            "nQuads": 0,
            "nMops": 0,
            "nRouts": 5
        },
        "std": {
            "start_perf": [
                0.26183009147644043,
                0.147392,
                0.10775800000000001,
                247276,
                247292,
                1672921659.9545951,
                48230578312098
            ],
            "child_modules": {},
            "end_perf": [
                0.26186895370483398,
                0.14743200000000001,
                0.10775800000000001,
                247276,
                247292,
                48230578396146,
                1,
                0
            ],
            "skipped": 1
        },
        "_vcs_msglog": {
            "start_perf": [
                0.26195096969604492,
                0.14751300000000001,
                0.10775800000000001,
                247276,
                247292,
                1672921659.954716,
                48230578620064
            ],
            "child_modules": {},
            "end_perf": [
                0.26197504997253418,
                0.147537,
                0.10775800000000001,
                247276,
                247292,
                48230578686577,
                1,
                0
            ],
            "skipped": 1
        },
        "uvm_pkg": {
            "start_perf": [
                0.26189994812011719,
                0.14746200000000001,
                0.10775800000000001,
                247276,
                247292,
                1672921659.9546649,
                48230578479090
            ],
            "child_modules": {},
            "end_perf": [
                0.26192498207092285,
                0.14748700000000001,
                0.10775800000000001,
                247276,
                247292,
                48230578548218,
                1,
                0
            ],
            "skipped": 1
        },
        "uvm_custom_install_verdi_recording": {
            "start_perf": [
                0.26209592819213867,
                0.14765900000000001,
                0.10775800000000001,
                247276,
                247292,
                1672921659.9548609,
                48230579025423
            ],
            "child_modules": {},
            "end_perf": [
                0.26212000846862793,
                0.14768200000000001,
                0.10775800000000001,
                247276,
                247292,
                48230579090846,
                1,
                0
            ],
            "skipped": 1
        },
        "_vcs_unit__3820934895": {
            "start_perf": [
                0.26199889183044434,
                0.147562,
                0.10775800000000001,
                247276,
                247292,
                1672921659.9547639,
                48230578754231
            ],
            "child_modules": {},
            "end_perf": [
                0.26202297210693359,
                0.14758599999999999,
                0.10775800000000001,
                247276,
                247292,
                48230578820947,
                1,
                0
            ],
            "skipped": 1
        },
        "vcs_paramclassrepository_UF52ed": {
            "start_perf": [
                0.26246500015258789,
                0.14802699999999999,
                0.10775800000000001,
                247276,
                247292,
                1672921659.95523,
                48230580059010
            ],
            "child_modules": {},
            "end_perf": [
                0.26249098777770996,
                0.14804800000000001,
                0.107763,
                247276,
                247292,
                48230580132134,
                1,
                0
            ],
            "skipped": 1
        },
        "uvm_custom_install_recording": {
            "start_perf": [
                0.26204705238342285,
                0.14760899999999999,
                0.10775800000000001,
                247276,
                247292,
                1672921659.954812,
                48230578888622
            ],
            "child_modules": {},
            "end_perf": [
                0.26207208633422852,
                0.14763499999999999,
                0.10775800000000001,
                247276,
                247292,
                48230578958447,
                1,
                0
            ],
            "skipped": 1
        },
        "lvc_apb_pkg": {
            "start_perf": [
                0.26214408874511719,
                0.147706,
                0.10775800000000001,
                247276,
                247292,
                1672921659.9549091,
                48230579158118
            ],
            "child_modules": {},
            "end_perf": [
                0.26216697692871094,
                0.14773,
                0.10775800000000001,
                247276,
                247292,
                48230579223741,
                1,
                0
            ],
            "skipped": 1
        },
        "lvc_i2c_pkg": {
            "start_perf": [
                0.2621920108795166,
                0.147755,
                0.10775800000000001,
                247276,
                247292,
                1672921659.954957,
                48230579293968
            ],
            "child_modules": {},