{
    "stat": {
        "ru_self_end": {
            "ru_minflt": 29262,
            "ru_utime_sec": 0.262382,
            "ru_majflt": 8,
            "ru_stime_sec": 0.16734599999999999,
            "ru_nvcsw": 53,
            "ru_maxrss_kb": 72960,
            "ru_nivcsw": 8
        },
        "cpu_cycles_end": 59321756113935,
        "ru_childs_end": {
            "ru_minflt": 10630,
            "ru_utime_sec": 0.026946999999999999,
            "ru_majflt": 0,
            "ru_stime_sec": 0.053679999999999999,
            "ru_nvcsw": 29,
            "ru_maxrss_kb": 28508,
            "ru_nivcsw": 23
        },
        "peak_mem_kb": 247216
    },
    "CompUnits": {
        "SIM_d": {
            "checksum": 4294967295,
            "mod": "...MASTER...",
            "out": "objs/SIM_d.o",
            "bytes": 12848,
            "text": 430,
            "mode": 4
        }
    },
    "Modules": {
        "_vcs_msglog": {
            "start_perf": [
                0.43493986129760742,
                0.25690400000000002,
                0.16055800000000001,
                247188,
                247204,
                1672488949.4129879,
                59321718888876
            ],
            "child_modules": {},
            "end_perf": [
                0.43496489524841309,
                0.25690400000000002,
                0.160583,
                247188,
                247204,
                59321718956085,
                1,
                0
            ],
            "skipped": 1
        },
        "vcs_paramclassrepository_67wvne": {
            "start_perf": [
                0.43556785583496094,
                0.25713799999999998,
                0.16095200000000001,
                247188,
                247204,
                1672488949.4136159,
                59321720641004
            ],
            "child_modules": {},
            "end_perf": [
                0.4355928897857666,
                0.25716299999999997,
                0.16095200000000001,
                247188,
                247204,
                59321720708728,
                1,
                0
            ],
            "skipped": 1
        },
        "...MASTER...": {
            "start_perf": [
                0.42957592010498047,
                0.25332100000000002,
                0.158836,
                246196,
                246212,
                1672488949.407624,
                59321703935729
            ],
            "child_modules": {
                "vcs_paramclassrepository": 1,
                "_vcs_unit__3820934895": 1,
                "rkv_i2c_tb": 1,
                "vcs_paramclassrepository_87QqAb": 1,
                "uvm_pkg": 1,
                "uvm_custom_install_verdi_recording": 1,
                "vcs_paramclassrepository_67wvne": 1,
                "uvm_custom_install_recording": 1,
                "std": 1,
                "rkv_i2c_pkg": 1,
                "_vcs_msglog": 1,
                "lvc_apb_pkg": 1,
                "vcs_paramclassrepository_UF52ed": 1,
                "lvc_i2c_pkg": 1,
                "vcs_paramclassrepository_vcsintf": 1
            },
            "nMops": 0,
            "nQuads": 0,
            "end_perf": [
                0.43430280685424805,
                0.25690400000000002,
                0.15992000000000001,
                247184,
                247204,
                59321717185066,
                0,
                0
            ],
            "nRouts": 5
        },
        "lvc_apb_pkg": {
            "start_perf": [
                0.4351348876953125,
                0.25690400000000002,
                0.16075300000000001,
                247188,
                247204,
                1672488949.413183,
                59321719430236
            ],
            "child_modules": {},
            "end_perf": [
                0.43515801429748535,
                0.25690400000000002,
                0.160777,
                247188,
                247204,
                59321719494436,
                1,
                0
            ],
            "skipped": 1
        },
        "std": {
            "start_perf": [
                0.43480587005615234,
                0.25690400000000002,
                0.16042400000000001,
                247188,
                247204,
                1672488949.412854,
                59321718560335
            ],
            "child_modules": {},
            "end_perf": [
                0.43485283851623535,
                0.25690400000000002,
                0.160471,
                247188,
                247204,
                59321718651043,
                1,
                0
            ],
            "skipped": 1
        },
        "uvm_custom_install_recording": {
            "start_perf": [
                0.43503785133361816,
                0.25690400000000002,
                0.16065599999999999,
                247188,
                247204,
                1672488949.4130859,
                59321719159311
            ],
            "child_modules": {},
            "end_perf": [
                0.43506193161010742,
                0.25690400000000002,
                0.16068099999999999,
                247188,
                247204,
                59321719225697,
                1,
                0
            ],
            "skipped": 1
        },
        "uvm_pkg": {
            "start_perf": [
                0.43488597869873047,
                0.25690400000000002,
                0.16050500000000001,
                247188,
                247204,
                1672488949.4129341,
                59321718738666
            ],
            "child_modules": {},
            "end_perf": [
                0.43491387367248535,
                0.25690400000000002,
                0.16053300000000001,
                247188,
                247204,
                59321718814802,
                1,
                0
            ],
            "skipped": 1
        },
        "vcs_paramclassrepository": {
            "start_perf": [
                0.43542098999023438,
                0.25699100000000002,
                0.16095200000000001,
                247188,
                247204,
                1672488949.4134691,
                59321720230791
            ],
            "child_modules": {},
            "end_perf": [
                0.43544602394104004,
                0.25701600000000002,
                0.16095200000000001,
                247188,
                247204,
                59321720297528,
                1,
                0
            ],
            "skipped": 1
        },
        "_vcs_unit__3820934895": {
            "start_perf": [
                0.43498897552490234,
                0.25690400000000002,
                0.160608,
                247188,
                247204,
                1672488949.4130371,
                59321719023361
            ],
            "child_modules": {},
            "end_perf": [
                0.4350128173828125,
                0.25690400000000002,
                0.160631,
                247188,
                247204,
                59321719088560,
                1,
                0
            ],
            "skipped": 1
        },
        "uvm_custom_install_verdi_recording": {
            "start_perf": [
                0.43508791923522949,
                0.25690400000000002,
                0.16070699999999999,
                247188,
                247204,
                1672488949.413136,
                59321719299235
            ],
            "child_modules": {},
            "end_perf": [
                0.43511199951171875,
                0.25690400000000002,
                0.16073000000000001,
                247188,
                247204,
                59321719363841,
                1,
                0
            ],
            "skipped": 1
        },