{
    "reusePaths": {},
    "Modules": {
        "...MASTER...": {
            "nQuads": 0,
            "start_perf": [
                0.33782386779785156,
                0.194882,
                0.096435999999999994,
                246196,
                246212,
                1672492561.8958409,
                69413355976940
            ],
            "child_modules": {
                "rkv_i2c_pkg": 1,
                "rkv_i2c_tb": 1,
                "vcs_paramclassrepository_87QqAb": 1,
                "uvm_custom_install_recording": 1,
                "uvm_pkg": 1,
                "vcs_paramclassrepository_UF52ed": 1,
                "vcs_paramclassrepository_67wvne": 1,
                "_vcs_msglog": 1,
                "uvm_custom_install_verdi_recording": 1,
                "vcs_paramclassrepository": 1,
                "_vcs_unit__3820934895": 1,
                "std": 1,
                "vcs_paramclassrepository_vcsintf": 1,
                "lvc_apb_pkg": 1,
                "lvc_i2c_pkg": 1
            },
            "end_perf": [
                0.34234905242919922,
                0.19622200000000001,
                0.09962,
                247184,
                247204,
                69413368634433,
                0,
                0
            ],
            "nMops": 0,
            "nRouts": 5
        },
        "std": {
            "start_perf": [
                0.34264588356018066,
                0.19641900000000001,
                0.099720000000000003,
                247188,
                247204,
                1672492561.9006629,
                69413369421956
            ],
            "child_modules": {},
            "end_perf": [
                0.342681884765625,
                0.19644400000000001,
                0.099733000000000002,
                247188,
                247204,
                69413369501113,
                1,
                0
            ],
            "skipped": 1
        },
        "uvm_pkg": {
            "start_perf": [
                0.3427128791809082,
                0.196464,
                0.099742999999999998,
                247188,
                247204,
                1672492561.9007299,
                69413369583557
            ],
            "child_modules": {},
            "end_perf": [
                0.34273791313171387,
                0.19648099999999999,
                0.099751999999999993,
                247188,
                247204,
                69413369657259,
                1,
                0
            ],
            "skipped": 1
        },
        "uvm_custom_install_recording": {
            "start_perf": [
                0.34292006492614746,
                0.196545,
                0.099868999999999999,
                247188,
                247204,
                1672492561.9009371,
                69413370174502
            ],
            "child_modules": {},
            "end_perf": [
                0.34294986724853516,
                0.196545,
                0.099899000000000002,
                247188,
                247204,
                69413370244284,
                1,
                0
            ],
            "skipped": 1
        },
        "_vcs_msglog": {
            "start_perf": [
                0.34276390075683594,
                0.19649800000000001,
                0.099760000000000001,
                247188,
                247204,
                1672492561.9007809,
                69413369727174
            ],
            "child_modules": {},
            "end_perf": [
                0.3427879810333252,
                0.19651399999999999,
                0.099767999999999996,
                247188,
                247204,
                69413369792516,
                1,
                0
            ],
            "skipped": 1
        },
        "uvm_custom_install_verdi_recording": {
            "start_perf": [
                0.34297394752502441,
                0.196545,
                0.099922999999999998,
                247188,
                247204,
                1672492561.900991,
                69413370312141
            ],
            "child_modules": {},
            "end_perf": [
                0.34299993515014648,
                0.196545,
                0.099948999999999996,
                247188,
                247204,
                69413370383830,
                1,
                0
            ],
            "skipped": 1
        },
        "_vcs_unit__3820934895": {
            "start_perf": [
                0.34281206130981445,
                0.19653000000000001,
                0.099776000000000004,
                247188,
                247204,
                1672492561.9008291,
                69413369858317
            ],
            "child_modules": {},
            "end_perf": [
                0.3428349494934082,
                0.196545,
                0.099783999999999998,
                247188,
                247204,
                69413370082311,
                1,
                0
            ],
            "skipped": 1
        },
        "vcs_paramclassrepository_vcsintf": {
            "start_perf": [
                0.34322190284729004,
                0.196545,
                0.100171,
                247188,
                247204,
                1672492561.9012389,
                69413371012063
            ],
            "child_modules": {},
            "end_perf": [
                0.34325003623962402,
                0.196545,
                0.100199,
                247188,
                247204,
                69413371082629,
                1,
                0
            ],
            "skipped": 1
        },
        "lvc_apb_pkg": {
            "start_perf": [
                0.34302496910095215,
                0.196545,
                0.099973999999999993,
                247188,
                247204,
                1672492561.901042,
                69413370455120
            ],
            "child_modules": {},
            "end_perf": [
                0.34304904937744141,
                0.196545,
                0.099998000000000004,
                247188,
                247204,
                69413370519447,
                1,
                0
            ],
            "skipped": 1
        },
        "lvc_i2c_pkg": {
            "start_perf": [
                0.34307193756103516,
                0.196545,
                0.100021,
                247188,
                247204,
                1672492561.901089,
                69413370589281
            ],
            "child_modules": {},
            "end_perf": [
                0.34309601783752441,
                0.196545,
                0.100046,
                247188,
                247204,
                69413370660401,
                1,
                0
            ],
            "skipped": 1
        },
        "rkv_i2c_tb": {
            "start_perf": [
                0.34317302703857422,
                0.196545,
                0.100122,
                247188,
                247204,
                1672492561.90119,
                69413370869541
            ],
            "child_modules": {},
            "end_perf": [
                0.34319686889648438,
                0.196545,
                0.100146,
                247188,
                247204,
                69413370937162,
                1,
                0
            ],
            "skipped": 1
        },
        "rkv_i2c_pkg": {
            "start_perf": [
                0.34312295913696289,
                0.196545,
                0.10007199999999999,
                247188,
                247204,
                1672492561.90114,
                69413370730495
            ],
            "child_modules": {},