{
    "CompUnits": {
        "SIM_d": {
            "bytes": 12848,
            "mod": "...MASTER...",
            "checksum": 4294967295,
            "out": "objs/SIM_d.o",
            "text": 430,
            "mode": 4
        }
    },
    "Modules": {
        "vcs_paramclassrepository_vcsintf": {
            "start_perf": [
                0.84081697463989258,
                0.49405199999999999,
                0.325853,
                247184,
                247200,
                1672489905.228214,
                61991832729001
            ],
            "child_modules": {},
            "end_perf": [
                0.84086084365844727,
                0.49405199999999999,
                0.32589699999999999,
                247184,
                247200,
                61991832851868,
                1,
                0
            ],
            "skipped": 1
        },
        "lvc_i2c_pkg": {
            "start_perf": [
                0.84055900573730469,
                0.49405199999999999,
                0.32559500000000002,
                247184,
                247200,
                1672489905.2279561,
                61991832010673
            ],
            "child_modules": {},
            "end_perf": [
                0.84060096740722656,
                0.49405199999999999,
                0.32563700000000001,
                247184,
                247200,
                61991832124586,
                1,
                0
            ],
            "skipped": 1
        },
        "...MASTER...": {
            "start_perf": [
                0.82975602149963379,
                0.49091000000000001,
                0.31795499999999999,
                246192,
                246208,
                1672489905.2171531,
                61991801946815
            ],
            "nQuads": 0,
            "child_modules": {
                "rkv_i2c_tb": 1,
                "uvm_custom_install_verdi_recording": 1,
                "uvm_custom_install_recording": 1,
                "vcs_paramclassrepository_87QqAb": 1,
                "_vcs_unit__3820934895": 1,
                "vcs_paramclassrepository_vcsintf": 1,
                "lvc_i2c_pkg": 1,
                "uvm_pkg": 1,
                "std": 1,
                "vcs_paramclassrepository_67wvne": 1,
                "vcs_paramclassrepository": 1,
                "rkv_i2c_pkg": 1,
                "lvc_apb_pkg": 1,
                "_vcs_msglog": 1,
                "vcs_paramclassrepository_UF52ed": 1
            },
            "end_perf": [
                0.83931303024291992,
                0.49340299999999998,
                0.32499600000000001,
                247180,
                247200,
                61991828620511,
                0,
                0
            ],
            "nMops": 0,
            "nRouts": 5
        },
        "std": {
            "start_perf": [
                0.83985090255737305,
                0.493728,
                0.32521,
                247184,
                247200,
                1672489905.227248,
                61991830084675
            ],
            "child_modules": {},
            "end_perf": [
                0.83991694450378418,
                0.49376799999999998,
                0.32523600000000003,
                247184,
                247200,
                61991830224633,
                1,
                0
            ],
            "skipped": 1
        },
        "uvm_pkg": {
            "start_perf": [
                0.83996701240539551,
                0.49379800000000001,
                0.32525599999999999,
                247184,
                247200,
                1672489905.2273641,
                61991830362429
            ],
            "child_modules": {},
            "end_perf": [
                0.84001302719116211,
                0.49382599999999999,
                0.32527499999999998,
                247184,
                247200,
                61991830487022,
                1,
                0
            ],
            "skipped": 1
        },
        "_vcs_msglog": {
            "start_perf": [
                0.84005498886108398,
                0.49385200000000001,
                0.325291,
                247184,
                247200,
                1672489905.227452,
                61991830613869
            ],
            "child_modules": {},
            "end_perf": [
                0.84009885787963867,
                0.49387799999999998,
                0.32530900000000001,
                247184,
                247200,
                61991830726944,
                1,
                0
            ],
            "skipped": 1
        },
        "lvc_apb_pkg": {
            "start_perf": [
                0.84038686752319336,
                0.49405199999999999,
                0.32542300000000002,
                247184,
                247200,
                1672489905.2277839,
                61991831732132
            ],
            "child_modules": {},
            "end_perf": [
                0.84050583839416504,
                0.49405199999999999,
                0.32554100000000002,
                247184,
                247200,
                61991831879684,
                1,
                0
            ],
            "skipped": 1
        },
        "rkv_i2c_tb": {
            "start_perf": [
                0.8407289981842041,
                0.49405199999999999,
                0.32576500000000003,
                247184,
                247200,
                1672489905.228126,
                61991832487902
            ],
            "child_modules": {},
            "end_perf": [
                0.84077095985412598,
                0.49405199999999999,
                0.32580700000000001,
                247184,
                247200,
                61991832607179,
                1,
                0
            ],
            "skipped": 1
        },
        "uvm_custom_install_verdi_recording": {
            "start_perf": [
                0.84030389785766602,
                0.494002,
                0.32539000000000001,
                247184,
                247200,
                1672489905.2277009,
                61991831304461
            ],
            "child_modules": {},
            "end_perf": [
                0.84034585952758789,
                0.49402699999999999,
                0.325407,
                247184,
                247200,
                61991831417463,
                1,
                0
            ],
            "skipped": 1
        },
        "vcs_paramclassrepository_87QqAb": {
            "start_perf": [
                0.84106588363647461,
                0.49405199999999999,
                0.326102,
                247184,
                247200,
                1672489905.2284629,
                61991833425221
            ],
            "child_modules": {},
            "end_perf": [
                0.84110689163208008,
                0.49405199999999999,
                0.32614300000000002,
                247184,
                247200,
                61991833545321,
                1,
                0
            ],
            "skipped": 1
        },
        "_vcs_unit__3820934895": {
            "start_perf": [
                0.84013986587524414,
                0.49390299999999998,
                0.32532499999999998,
                247184,
                247200,
                1672489905.2275369,
                61991830839788
            ],
            "child_modules": {},
            "end_perf": [
                0.8401799201965332,
                0.493927,
                0.32534099999999999,
                247184,
                247200,
                61991830950674,
                1,
                0
            ],
            "skipped": 1
        },