{
    "ObjArchives": [],
    "CompUnits": {
        "SIM_d": {
            "bytes": 12848,
            "out": "objs/SIM_d.o",
            "mod": "...MASTER...",
            "text": 430,
            "mode": 4,
            "checksum": 4294967295
        }
    },
    "Modules": {
        "std": {
            "start_perf": [
                0.25680804252624512,
                0.157558,
                0.066696000000000005,
                247276,
                247292,
                1672911208.0569119,
                19032847720970
            ],
            "child_modules": {},
            "end_perf": [
                0.25685405731201172,
                0.157558,
                0.066742999999999997,
                247276,
                247292,
                19032847814327,
                1,
                0
            ],
            "skipped": 1
        },
        "uvm_custom_install_recording": {
            "start_perf": [
                0.25704121589660645,
                0.157558,
                0.066930000000000003,
                247276,
                247292,
                1672911208.0571451,
                19032848326212
            ],
            "child_modules": {},
            "end_perf": [
                0.25706601142883301,
                0.157558,
                0.066955000000000001,
                247276,
                247292,
                19032848397456,
                1,
                0
            ],
            "skipped": 1
        },
        "...MASTER...": {
            "start_perf": [
                0.25170612335205078,
                0.15423000000000001,
                0.065097000000000002,
                246284,
                246300,
                1672911208.05181,
                19032833464520
            ],
            "child_modules": {
                "rkv_i2c_tb": 1,
                "rkv_i2c_pkg": 1,
                "vcs_paramclassrepository_87QqAb": 1,
                "uvm_custom_install_verdi_recording": 1,
                "uvm_pkg": 1,
                "vcs_paramclassrepository_67wvne": 1,
                "vcs_paramclassrepository": 1,
                "_vcs_unit__3820934895": 1,
                "uvm_custom_install_recording": 1,
                "std": 1,
                "_vcs_msglog": 1,
                "vcs_paramclassrepository_vcsintf": 1,
                "lvc_apb_pkg": 1,
                "vcs_paramclassrepository_UF52ed": 1,
                "lvc_i2c_pkg": 1
            },
            "nMops": 0,
            "end_perf": [
                0.25626015663146973,
                0.157558,
                0.066234000000000001,
                247272,
                247292,
                19032846222725,
                0,
                0
            ],
            "nRouts": 5,
            "nQuads": 0
        },
        "uvm_pkg": {
            "start_perf": [
                0.25688815116882324,
                0.157558,
                0.066776000000000002,
                247276,
                247292,
                1672911208.0569921,
                19032847903890
            ],
            "child_modules": {},
            "end_perf": [
                0.25691413879394531,
                0.157558,
                0.066803000000000001,
                247276,
                247292,
                19032847972652,
                1,
                0
            ],
            "skipped": 1
        },
        "_vcs_msglog": {
            "start_perf": [
                0.25694108009338379,
                0.157558,
                0.066830000000000001,
                247276,
                247292,
                1672911208.057045,
                19032848047562
            ],
            "child_modules": {},
            "end_perf": [
                0.25696516036987305,
                0.157558,
                0.066853999999999997,
                247276,
                247292,
                19032848114901,
                1,
                0
            ],
            "skipped": 1
        },
        "_vcs_unit__3820934895": {
            "start_perf": [
                0.25699019432067871,
                0.157558,
                0.066878999999999994,
                247276,
                247292,
                1672911208.0570941,
                19032848189605
            ],
            "child_modules": {},
            "end_perf": [
                0.25701618194580078,
                0.157558,
                0.066905000000000006,
                247276,
                247292,
                19032848257144,
                1,
                0
            ],
            "skipped": 1
        },
        "vcs_paramclassrepository_vcsintf": {
            "start_perf": [
                0.25740599632263184,
                0.157558,
                0.067294000000000007,
                247276,
                247292,
                1672911208.0575099,
                19032849362351
            ],
            "child_modules": {},
            "end_perf": [
                0.25743818283081055,
                0.157558,
                0.067326999999999998,
                247276,
                247292,
                19032849434258,
                1,
                0
            ],
            "skipped": 1
        },
        "lvc_apb_pkg": {
            "start_perf": [
                0.25714015960693359,
                0.157558,
                0.067029000000000005,
                247276,
                247292,
                1672911208.0572441,
                19032848601774
            ],
            "child_modules": {},
            "end_perf": [
                0.25716519355773926,
                0.157558,
                0.067054000000000002,
                247276,
                247292,
                19032848671823,
                1,
                0
            ],
            "skipped": 1
        },
        "vcs_paramclassrepository_87QqAb": {
            "start_perf": [
                0.25756406784057617,
                0.157558,
                0.067451999999999998,
                247276,
                247292,
                1672911208.057668,
                19032849785387
            ],
            "child_modules": {},
            "end_perf": [
                0.25758814811706543,
                0.157558,
                0.067476999999999995,
                247276,
                247292,
                19032849854410,
                1,
                0
            ],
            "skipped": 1
        },
        "rkv_i2c_pkg": {
            "start_perf": [
                0.25724315643310547,
                0.157558,
                0.067131999999999997,
                247276,
                247292,
                1672911208.0573471,
                19032848891582
            ],
            "child_modules": {},
            "end_perf": [
                0.25727009773254395,
                0.157558,
                0.067158999999999996,
                247276,
                247292,
                19032848965874,
                1,
                0
            ],
            "skipped": 1
        },
        "uvm_custom_install_verdi_recording": {
            "start_perf": [
                0.25709104537963867,
                0.157558,
                0.066979999999999998,
                247276,
                247292,
                1672911208.0571949,
                19032848466663
            ],
            "child_modules": {},
            "end_perf": [
                0.25711607933044434,
                0.157558,
                0.067004999999999995,
                247276,
                247292,
                19032848534114,
                1,
                0
            ],
            "skipped": 1
        },