{
    "CompUnits": {
        "SIM_d": {
            "mod": "...MASTER...",
            "out": "objs/SIM_d.o",
            "text": 430,
            "bytes": 12848,
            "mode": 4,
            "checksum": 4294967295
        }
    },
    "Modules": {
        "lvc_i2c_pkg": {
            "start_perf": [
                0.26602816581726074,
                0.15468799999999999,
                0.102578,
                247212,
                247228,
                1672817377.1957381,
                20328025192301
            ],
            "child_modules": {},
            "end_perf": [
                0.26605319976806641,
                0.15468799999999999,
                0.102602,
                247212,
                247228,
                20328025261290,
                1,
                0
            ],
            "skipped": 1
        },
        "_vcs_unit__3820934895": {
            "start_perf": [
                0.26578617095947266,
                0.154616,
                0.102408,
                247212,
                247228,
                1672817377.1954961,
                20328024513678
            ],
            "child_modules": {},
            "end_perf": [
                0.26581001281738281,
                0.15462999999999999,
                0.10241699999999999,
                247212,
                247228,
                20328024579882,
                1,
                0
            ],
            "skipped": 1
        },
        "...MASTER...": {
            "nRouts": 5,
            "start_perf": [
                0.26006102561950684,
                0.15134800000000001,
                0.10023,
                246220,
                246236,
                1672817377.1897709,
                20328008553223
            ],
            "child_modules": {
                "rkv_i2c_tb": 1,
                "vcs_paramclassrepository_87QqAb": 1,
                "vcs_paramclassrepository_67wvne": 1,
                "_vcs_msglog": 1,
                "vcs_paramclassrepository": 1,
                "uvm_pkg": 1,
                "rkv_i2c_pkg": 1,
                "uvm_custom_install_verdi_recording": 1,
                "lvc_i2c_pkg": 1,
                "_vcs_unit__3820934895": 1,
                "std": 1,
                "uvm_custom_install_recording": 1,
                "lvc_apb_pkg": 1,
                "vcs_paramclassrepository_vcsintf": 1,
                "vcs_paramclassrepository_UF52ed": 1
            },
            "nQuads": 0,
            "end_perf": [
                0.265045166015625,
                0.154249,
                0.10216500000000001,
                247208,
                247228,
                20328022522470,
                0,
                0
            ],
            "nMops": 0
        },
        "uvm_custom_install_recording": {
            "start_perf": [
                0.26583409309387207,
                0.154645,
                0.102427,
                247212,
                247228,
                1672817377.195544,
                20328024648935
            ],
            "child_modules": {},
            "end_perf": [
                0.26585912704467773,
                0.15465899999999999,
                0.102437,
                247212,
                247228,
                20328024714891,
                1,
                0
            ],
            "skipped": 1
        },
        "std": {
            "start_perf": [
                0.26560807228088379,
                0.15450800000000001,
                0.102336,
                247212,
                247228,
                1672817377.195318,
                20328024067171
            ],
            "child_modules": {},
            "end_perf": [
                0.2656550407409668,
                0.15453700000000001,
                0.102355,
                247212,
                247228,
                20328024155999,
                1,
                0
            ],
            "skipped": 1
        },
        "vcs_paramclassrepository": {
            "start_perf": [
                0.26622819900512695,
                0.15468799999999999,
                0.10277699999999999,
                247212,
                247228,
                1672817377.1959381,
                20328025749704
            ],
            "child_modules": {},
            "end_perf": [
                0.26625299453735352,
                0.15468799999999999,
                0.102802,
                247212,
                247228,
                20328025817867,
                1,
                0
            ],
            "skipped": 1
        },
        "_vcs_msglog": {
            "start_perf": [
                0.26573801040649414,
                0.154587,
                0.10238899999999999,
                247212,
                247228,
                1672817377.1954479,
                20328024379990
            ],
            "child_modules": {},
            "end_perf": [
                0.2657620906829834,
                0.15460199999999999,
                0.102398,
                247212,
                247228,
                20328024446581,
                1,
                0
            ],
            "skipped": 1
        },
        "uvm_pkg": {
            "start_perf": [
                0.26568698883056641,
                0.154556,
                0.102368,
                247212,
                247228,
                1672817377.1953969,
                20328024240011
            ],
            "child_modules": {},
            "end_perf": [
                0.26571202278137207,
                0.15457099999999999,
                0.102378,
                247212,
                247228,
                20328024306814,
                1,
                0
            ],
            "skipped": 1
        },
        "rkv_i2c_pkg": {
            "start_perf": [
                0.26607918739318848,
                0.15468799999999999,
                0.102628,
                247212,
                247228,
                1672817377.1957891,
                20328025330358
            ],
            "child_modules": {},
            "end_perf": [
                0.26610207557678223,
                0.15468799999999999,
                0.10265199999999999,
                247212,
                247228,
                20328025398778,
                1,
                0
            ],
            "skipped": 1
        },
        "uvm_custom_install_verdi_recording": {
            "start_perf": [
                0.26588201522827148,
                0.15467400000000001,
                0.102446,
                247212,
                247228,
                1672817377.1955919,
                20328024782018
            ],
            "child_modules": {},
            "end_perf": [
                0.26590609550476074,
                0.15468799999999999,
                0.102455,
                247212,
                247228,
                20328024951353,
                1,
                0
            ],
            "skipped": 1
        },
        "lvc_apb_pkg": {
            "start_perf": [
                0.26597118377685547,
                0.15468799999999999,
                0.10252,
                247212,
                247228,
                1672817377.1956811,
                20328025046017
            ],
            "child_modules": {},
            "end_perf": [
                0.26600217819213867,
                0.15468799999999999,
                0.102551,
                247212,
                247228,
                20328025121272,
                1,
                0
            ],
            "skipped": 1
        },
        "rkv_i2c_tb": {
            "start_perf": [
                0.26612710952758789,
                0.15468799999999999,
                0.102677,
                247212,
                247228,
                1672817377.195837,
                20328025466169
            ],