{
    "Modules": {
        "lvc_apb_pkg": {
            "skipped": 1,
            "child_modules": {},
            "start_perf": [
                0.26983094215393066,
                0.18046100000000001,
                0.078635999999999998,
                247192,
                247208,
                1672497647.091527,
                83619084017726
            ],
            "end_perf": [
                0.26985502243041992,
                0.180478,
                0.078644000000000006,
                247192,
                247208,
                83619084082341,
                1,
                0
            ]
        },
        "...MASTER...": {
            "nQuads": 0,
            "child_modules": {
                "vcs_paramclassrepository_87QqAb": 1,
                "uvm_custom_install_verdi_recording": 1,
                "rkv_i2c_tb": 1,
                "_vcs_msglog": 1,
                "uvm_pkg": 1,
                "vcs_paramclassrepository_67wvne": 1,
                "vcs_paramclassrepository": 1,
                "_vcs_unit__3820934895": 1,
                "std": 1,
                "uvm_custom_install_recording": 1,
                "rkv_i2c_pkg": 1,
                "lvc_apb_pkg": 1,
                "vcs_paramclassrepository_UF52ed": 1,
                "lvc_i2c_pkg": 1,
                "vcs_paramclassrepository_vcsintf": 1
            },
            "start_perf": [
                0.26414799690246582,
                0.17799300000000001,
                0.075421000000000002,
                246200,
                246216,
                1672497647.085844,
                83619068192813
            ],
            "end_perf": [
                0.26915788650512695,
                0.17999100000000001,
                0.078432000000000002,
                247188,
                247208,
                83619082210748,
                0,
                0
            ],
            "nMops": 0,
            "nRouts": 5
        },
        "std": {
            "skipped": 1,
            "child_modules": {},
            "start_perf": [
                0.26951789855957031,
                0.18024299999999999,
                0.078541,
                247192,
                247208,
                1672497647.0912139,
                83619083171351
            ],
            "end_perf": [
                0.26955699920654297,
                0.18027099999999999,
                0.078552999999999998,
                247192,
                247208,
                83619083256017,
                1,
                0
            ]
        },
        "uvm_pkg": {
            "skipped": 1,
            "child_modules": {},
            "start_perf": [
                0.26958799362182617,
                0.18029200000000001,
                0.078562999999999994,
                247192,
                247208,
                1672497647.091284,
                83619083337989
            ],
            "end_perf": [
                0.26961493492126465,
                0.180311,
                0.078571000000000002,
                247192,
                247208,
                83619083411797,
                1,
                0
            ]
        },
        "_vcs_msglog": {
            "skipped": 1,
            "child_modules": {},
            "start_perf": [
                0.26963901519775391,
                0.18032799999999999,
                0.078577999999999995,
                247192,
                247208,
                1672497647.0913351,
                83619083479938
            ],
            "end_perf": [
                0.26966285705566406,
                0.180344,
                0.078585000000000002,
                247192,
                247208,
                83619083545413,
                1,
                0
            ]
        },
        "_vcs_unit__3820934895": {
            "skipped": 1,
            "child_modules": {},
            "start_perf": [
                0.26968693733215332,
                0.18036099999999999,
                0.078592999999999996,
                247192,
                247208,
                1672497647.091383,
                83619083613255
            ],
            "end_perf": [
                0.26971006393432617,
                0.18037700000000001,
                0.078600000000000003,
                247192,
                247208,
                83619083678478,
                1,
                0
            ]
        },
        "rkv_i2c_pkg": {
            "skipped": 1,
            "child_modules": {},
            "start_perf": [
                0.26992988586425781,
                0.18053,
                0.078666,
                247192,
                247208,
                1672497647.0916259,
                83619084290982
            ],
            "end_perf": [
                0.26995301246643066,
                0.18054600000000001,
                0.078673000000000007,
                247192,
                247208,
                83619084358699,
                1,
                0
            ]
        },
        "uvm_custom_install_recording": {
            "skipped": 1,
            "child_modules": {},
            "start_perf": [
                0.26973485946655273,
                0.180395,
                0.078606999999999996,
                247192,
                247208,
                1672497647.0914309,
                83619083748823
            ],
            "end_perf": [
                0.26975893974304199,
                0.18041099999999999,
                0.078615000000000004,
                247192,
                247208,
                83619083813701,
                1,
                0
            ]
        },
        "vcs_paramclassrepository_87QqAb": {
            "skipped": 1,
            "child_modules": {},
            "start_perf": [
                0.27036190032958984,
                0.180924,
                0.078703999999999996,
                247192,
                247208,
                1672497647.0920579,
                83619085528840
            ],
            "end_perf": [
                0.27039885520935059,
                0.18096200000000001,
                0.078703999999999996,
                247192,
                247208,
                83619085628794,
                1,
                0
            ]
        },
        "uvm_custom_install_verdi_recording": {
            "skipped": 1,
            "child_modules": {},
            "start_perf": [
                0.26978397369384766,
                0.18042800000000001,
                0.078621999999999997,
                247192,
                247208,
                1672497647.09148,
                83619083883329
            ],
            "end_perf": [
                0.26980686187744141,
                0.18044499999999999,
                0.078629000000000004,
                247192,
                247208,
                83619083948216,
                1,
                0
            ]
        },
        "vcs_paramclassrepository_UF52ed": {
            "skipped": 1,
            "child_modules": {},
            "start_perf": [
                0.27028203010559082,
                0.180844,
                0.078703999999999996,
                247192,
                247208,
                1672497647.0919781,
                83619085311740
            ],
            "end_perf": [
                0.27032303810119629,
                0.18088599999999999,
                0.078703999999999996,
                247192,
                247208,
                83619085419737,
                1,
                0
            ]
        },
        "lvc_i2c_pkg": {
            "skipped": 1,
            "child_modules": {},