{
    "Modules": {
        "...MASTER...": {
            "nQuads": 0,
            "start_perf": [
                0.28241896629333496,
                0.20066200000000001,
                0.098146999999999998,
                246196,
                246212,
                1672491841.1608191,
                67399949593196
            ],
            "child_modules": {
                "vcs_paramclassrepository": 1,
                "rkv_i2c_tb": 1,
                "uvm_pkg": 1,
                "uvm_custom_install_verdi_recording": 1,
                "vcs_paramclassrepository_87QqAb": 1,
                "vcs_paramclassrepository_67wvne": 1,
                "_vcs_unit__3820934895": 1,
                "std": 1,
                "rkv_i2c_pkg": 1,
                "uvm_custom_install_recording": 1,
                "vcs_paramclassrepository_UF52ed": 1,
                "_vcs_msglog": 1,
                "lvc_apb_pkg": 1,
                "lvc_i2c_pkg": 1,
                "vcs_paramclassrepository_vcsintf": 1
            },
            "end_perf": [
                0.29394793510437012,
                0.20454,
                0.105797,
                247184,
                247204,
                67399981766583,
                0,
                0
            ],
            "nRouts": 5,
            "nMops": 0
        },
        "std": {
            "start_perf": [
                0.29446697235107422,
                0.20505999999999999,
                0.105797,
                247188,
                247204,
                1672491841.1728671,
                67399983230359
            ],
            "child_modules": {},
            "end_perf": [
                0.29453897476196289,
                0.20513200000000001,
                0.105797,
                247188,
                247204,
                67399983417553,
                1,
                0
            ],
            "skipped": 1
        },
        "rkv_i2c_tb": {
            "start_perf": [
                0.2957768440246582,
                0.20624300000000001,
                0.105924,
                247188,
                247204,
                1672491841.1741769,
                67399986858708
            ],
            "child_modules": {},
            "end_perf": [
                0.29583001136779785,
                0.20629600000000001,
                0.105924,
                247188,
                247204,
                67399987006775,
                1,
                0
            ],
            "skipped": 1
        },
        "uvm_pkg": {
            "start_perf": [
                0.29461002349853516,
                0.205203,
                0.105797,
                247188,
                247204,
                1672491841.1730101,
                67399983609491
            ],
            "child_modules": {},
            "end_perf": [
                0.29467582702636719,
                0.20526900000000001,
                0.105797,
                247188,
                247204,
                67399983888783,
                1,
                0
            ],
            "skipped": 1
        },
        "uvm_custom_install_verdi_recording": {
            "start_perf": [
                0.29511594772338867,
                0.205654,
                0.105851,
                247188,
                247204,
                1672491841.173516,
                67399985019986
            ],
            "child_modules": {},
            "end_perf": [
                0.29516887664794922,
                0.20568900000000001,
                0.105869,
                247188,
                247204,
                67399985163839,
                1,
                0
            ],
            "skipped": 1
        },
        "vcs_paramclassrepository_UF52ed": {
            "start_perf": [
                0.29599499702453613,
                0.20646200000000001,
                0.105924,
                247188,
                247204,
                1672491841.1743951,
                67399987417745
            ],
            "child_modules": {},
            "end_perf": [
                0.2960209846496582,
                0.20648900000000001,
                0.105924,
                247188,
                247204,
                67399987482999,
                1,
                0
            ],
            "skipped": 1
        },
        "_vcs_msglog": {
            "start_perf": [
                0.29478001594543457,
                0.205371,
                0.105797,
                247188,
                247204,
                1672491841.1731801,
                67399984098068
            ],
            "child_modules": {},
            "end_perf": [
                0.29484295845031738,
                0.20543600000000001,
                0.105797,
                247188,
                247204,
                67399984246577,
                1,
                0
            ],
            "skipped": 1
        },
        "vcs_paramclassrepository_67wvne": {
            "start_perf": [
                0.2962028980255127,
                0.20666999999999999,
                0.105924,
                247188,
                247204,
                1672491841.174603,
                67399987990622
            ],
            "child_modules": {},
            "end_perf": [
                0.29622888565063477,
                0.20669599999999999,
                0.105924,
                247188,
                247204,
                67399988063704,
                1,
                0
            ],
            "skipped": 1
        },
        "_vcs_unit__3820934895": {
            "start_perf": [
                0.29489398002624512,
                0.205487,
                0.105797,
                247188,
                247204,
                1672491841.1732941,
                67399984394608
            ],
            "child_modules": {},
            "end_perf": [
                0.29494690895080566,
                0.20554,
                0.105797,
                247188,
                247204,
                67399984536585,
                1,
                0
            ],
            "skipped": 1
        },
        "uvm_custom_install_recording": {
            "start_perf": [
                0.29499983787536621,
                0.20557800000000001,
                0.105812,
                247188,
                247204,
                1672491841.1733999,
                67399984691829
            ],
            "child_modules": {},
            "end_perf": [
                0.29505300521850586,
                0.20561299999999999,
                0.10582999999999999,
                247188,
                247204,
                67399984842914,
                1,
                0
            ],
            "skipped": 1
        },
        "lvc_apb_pkg": {
            "start_perf": [
                0.29522299766540527,
                0.20572499999999999,
                0.105888,
                247188,
                247204,
                1672491841.1736231,
                67399985306403
            ],
            "child_modules": {},
            "end_perf": [
                0.29527187347412109,
                0.205757,
                0.105904,
                247188,
                247204,
                67399985443845,
                1,
                0
            ],
            "skipped": 1
        },
        "lvc_i2c_pkg": {
            "start_perf": [
                0.29532885551452637,
                0.20579500000000001,
                0.105924,
                247188,
                247204,
                1672491841.1737289,
                67399985598986
            ],
            "child_modules": {},