{
    "Modules": {
        "vcs_paramclassrepository_vcsintf": {
            "child_modules": {},
            "start_perf": [
                0.26899099349975586,
                0.15027199999999999,
                0.112788,
                247192,
                247208,
                1672756520.5506921,
                84722034712873
            ],
            "end_perf": [
                0.26901602745056152,
                0.15027199999999999,
                0.112813,
                247192,
                247208,
                84722034779036,
                1,
                0
            ],
            "skipped": 1
        },
        "...MASTER...": {
            "child_modules": {
                "lvc_i2c_pkg": 1,
                "_vcs_msglog": 1,
                "rkv_i2c_tb": 1,
                "uvm_custom_install_recording": 1,
                "vcs_paramclassrepository_87QqAb": 1,
                "vcs_paramclassrepository_UF52ed": 1,
                "std": 1,
                "uvm_pkg": 1,
                "vcs_paramclassrepository_67wvne": 1,
                "uvm_custom_install_verdi_recording": 1,
                "vcs_paramclassrepository": 1,
                "lvc_apb_pkg": 1,
                "rkv_i2c_pkg": 1,
                "_vcs_unit__3820934895": 1,
                "vcs_paramclassrepository_vcsintf": 1
            },
            "start_perf": [
                0.26363492012023926,
                0.14732300000000001,
                0.11038000000000001,
                246200,
                246216,
                1672756520.545336,
                84722019786215
            ],
            "nMops": 0,
            "end_perf": [
                0.268096923828125,
                0.15009500000000001,
                0.112071,
                247188,
                247208,
                84722032291077,
                0,
                0
            ],
            "nQuads": 0,
            "nRouts": 5
        },
        "uvm_pkg": {
            "child_modules": {},
            "start_perf": [
                0.2685539722442627,
                0.15027199999999999,
                0.11235100000000001,
                247192,
                247208,
                1672756520.5502551,
                84722033498071
            ],
            "end_perf": [
                0.26858186721801758,
                0.15027199999999999,
                0.11237900000000001,
                247192,
                247208,
                84722033568731,
                1,
                0
            ],
            "skipped": 1
        },
        "vcs_paramclassrepository_UF52ed": {
            "child_modules": {},
            "start_perf": [
                0.26914286613464355,
                0.15027199999999999,
                0.11289399999999999,
                247192,
                247208,
                1672756520.550844,
                84722035243158
            ],
            "end_perf": [
                0.26920890808105469,
                0.15038399999999999,
                0.11289399999999999,
                247192,
                247208,
                84722035336592,
                1,
                0
            ],
            "skipped": 1
        },
        "std": {
            "child_modules": {},
            "start_perf": [
                0.26840591430664062,
                0.15027199999999999,
                0.112203,
                247192,
                247208,
                1672756520.550107,
                84722033279536
            ],
            "end_perf": [
                0.2685089111328125,
                0.15027199999999999,
                0.112306,
                247192,
                247208,
                84722033409043,
                1,
                0
            ],
            "skipped": 1
        },
        "rkv_i2c_tb": {
            "child_modules": {},
            "start_perf": [
                0.26893997192382812,
                0.15027199999999999,
                0.112737,
                247192,
                247208,
                1672756520.5506411,
                84722034571827
            ],
            "end_perf": [
                0.26896500587463379,
                0.15027199999999999,
                0.112762,
                247192,
                247208,
                84722034638249,
                1,
                0
            ],
            "skipped": 1
        },
        "lvc_i2c_pkg": {
            "child_modules": {},
            "start_perf": [
                0.26884293556213379,
                0.15027199999999999,
                0.11264,
                247192,
                247208,
                1672756520.550544,
                84722034303696
            ],
            "end_perf": [
                0.26886796951293945,
                0.15027199999999999,
                0.112665,
                247192,
                247208,
                84722034367996,
                1,
                0
            ],
            "skipped": 1
        },
        "_vcs_msglog": {
            "child_modules": {},
            "start_perf": [
                0.26860594749450684,
                0.15027199999999999,
                0.112403,
                247192,
                247208,
                1672756520.550307,
                84722033635539
            ],
            "end_perf": [
                0.26862883567810059,
                0.15027199999999999,
                0.112426,
                247192,
                247208,
                84722033700806,
                1,
                0
            ],
            "skipped": 1
        },
        "rkv_i2c_pkg": {
            "child_modules": {},
            "start_perf": [
                0.26889181137084961,
                0.15027199999999999,
                0.112689,
                247192,
                247208,
                1672756520.5505929,
                84722034433144
            ],
            "end_perf": [
                0.26891589164733887,
                0.15027199999999999,
                0.11271299999999999,
                247192,
                247208,
                84722034499829,
                1,
                0
            ],
            "skipped": 1
        },
        "_vcs_unit__3820934895": {
            "child_modules": {},
            "start_perf": [
                0.26865291595458984,
                0.15027199999999999,
                0.11244999999999999,
                247192,
                247208,
                1672756520.550354,
                84722033766783
            ],
            "end_perf": [
                0.26867580413818359,
                0.15027199999999999,
                0.112473,
                247192,
                247208,
                84722033831106,
                1,
                0
            ],
            "skipped": 1
        },
        "lvc_apb_pkg": {
            "child_modules": {},
            "start_perf": [
                0.26879382133483887,
                0.15027199999999999,
                0.112592,
                247192,
                247208,
                1672756520.5504949,
                84722034164179
            ],
            "end_perf": [
                0.26881790161132812,
                0.15027199999999999,
                0.11261500000000001,
                247192,
                247208,
                84722034228173,
                1,
                0
            ],
            "skipped": 1
        },
        "vcs_paramclassrepository_87QqAb": {
            "child_modules": {},
            "start_perf": [
                0.2692408561706543,
                0.150417,
                0.11289399999999999,
                247192,
                247208,
                1672756520.5509419,
                84722035414338
            ],