{
    "ObjArchives": [],
    "Modules": {
        "vcs_paramclassrepository_87QqAb": {
            "child_modules": {},
            "start_perf": [
                0.22137093544006348,
                0.153446,
                0.062598000000000001,
                247300,
                247316,
                1672923659.7089419,
                53816959859920
            ],
            "end_perf": [
                0.22139501571655273,
                0.153446,
                0.062621999999999997,
                247300,
                247316,
                53816959927326,
                1,
                0
            ],
            "skipped": 1
        },
        "...MASTER...": {
            "child_modules": {
                "rkv_i2c_tb": 1,
                "_vcs_unit__3820934895": 1,
                "lvc_apb_pkg": 1,
                "vcs_paramclassrepository_87QqAb": 1,
                "uvm_custom_install_recording": 1,
                "std": 1,
                "uvm_pkg": 1,
                "uvm_custom_install_verdi_recording": 1,
                "_vcs_msglog": 1,
                "vcs_paramclassrepository_67wvne": 1,
                "vcs_paramclassrepository": 1,
                "rkv_i2c_pkg": 1,
                "lvc_i2c_pkg": 1,
                "vcs_paramclassrepository_vcsintf": 1,
                "vcs_paramclassrepository_UF52ed": 1
            },
            "start_perf": [
                0.21552395820617676,
                0.15132799999999999,
                0.059128,
                246308,
                246324,
                1672923659.703095,
                53816943550336
            ],
            "end_perf": [
                0.22005510330200195,
                0.152924,
                0.061969000000000003,
                247296,
                247316,
                53816956255109,
                0,
                0
            ],
            "nQuads": 0,
            "nMops": 0,
            "nRouts": 5
        },
        "lvc_apb_pkg": {
            "child_modules": {},
            "start_perf": [
                0.22093009948730469,
                0.15343000000000001,
                0.062174,
                247300,
                247316,
                1672923659.7085011,
                53816958629414
            ],
            "end_perf": [
                0.22095298767089844,
                0.153446,
                0.062181,
                247300,
                247316,
                53816958723001,
                1,
                0
            ],
            "skipped": 1
        },
        "std": {
            "child_modules": {},
            "start_perf": [
                0.22061991691589355,
                0.15320900000000001,
                0.062084,
                247300,
                247316,
                1672923659.7081909,
                53816957798802
            ],
            "end_perf": [
                0.22066092491149902,
                0.15323899999999999,
                0.062095999999999998,
                247300,
                247316,
                53816957884600,
                1,
                0
            ],
            "skipped": 1
        },
        "uvm_custom_install_recording": {
            "child_modules": {},
            "start_perf": [
                0.22083592414855957,
                0.153363,
                0.062147000000000001,
                247300,
                247316,
                1672923659.7084069,
                53816958369675
            ],
            "end_perf": [
                0.22086000442504883,
                0.15337999999999999,
                0.062154000000000001,
                247300,
                247316,
                53816958433812,
                1,
                0
            ],
            "skipped": 1
        },
        "uvm_pkg": {
            "child_modules": {},
            "start_perf": [
                0.22069096565246582,
                0.15326000000000001,
                0.062105,
                247300,
                247316,
                1672923659.708262,
                53816957964226
            ],
            "end_perf": [
                0.22071599960327148,
                0.153277,
                0.062112000000000001,
                247300,
                247316,
                53816958035181,
                1,
                0
            ],
            "skipped": 1
        },
        "vcs_paramclassrepository_67wvne": {
            "child_modules": {},
            "start_perf": [
                0.22141909599304199,
                0.153446,
                0.062646999999999994,
                247300,
                247316,
                1672923659.7089901,
                53816959999357
            ],
            "end_perf": [
                0.22144293785095215,
                0.153446,
                0.062671000000000004,
                247300,
                247316,
                53816960062481,
                1,
                0
            ],
            "skipped": 1
        },
        "_vcs_msglog": {
            "child_modules": {},
            "start_perf": [
                0.22074103355407715,
                0.15329599999999999,
                0.062120000000000002,
                247300,
                247316,
                1672923659.708312,
                53816958101995
            ],
            "end_perf": [
                0.22076511383056641,
                0.153312,
                0.062126000000000001,
                247300,
                247316,
                53816958166990,
                1,
                0
            ],
            "skipped": 1
        },
        "rkv_i2c_tb": {
            "child_modules": {},
            "start_perf": [
                0.22117495536804199,
                0.153446,
                0.062403,
                247300,
                247316,
                1672923659.708746,
                53816959315134
            ],
            "end_perf": [
                0.22119808197021484,
                0.153446,
                0.062426000000000002,
                247300,
                247316,
                53816959378951,
                1,
                0
            ],
            "skipped": 1
        },
        "_vcs_unit__3820934895": {
            "child_modules": {},
            "start_perf": [
                0.22078895568847656,
                0.15332999999999999,
                0.062133000000000001,
                247300,
                247316,
                1672923659.70836,
                53816958236206
            ],
            "end_perf": [
                0.22081303596496582,
                0.15334700000000001,
                0.062140000000000001,
                247300,
                247316,
                53816958301284,
                1,
                0
            ],
            "skipped": 1
        },
        "uvm_custom_install_verdi_recording": {
            "child_modules": {},
            "start_perf": [
                0.22088408470153809,
                0.15339700000000001,
                0.062161000000000001,
                247300,
                247316,
                1672923659.7084551,
                53816958499509
            ],
            "end_perf": [
                0.22090697288513184,
                0.15341399999999999,
                0.062167,
                247300,
                247316,
                53816958563874,
                1,
                0
            ],
            "skipped": 1
        },
        "lvc_i2c_pkg": {
            "child_modules": {},
            "start_perf": [
                0.22102999687194824,
                0.153446,
                0.062254999999999998,
                247300,
                247316,
                1672923659.708601,
                53816958984088
            ],