{
    "Modules": {
        "...MASTER...": {
            "nMops": 0,
            "nQuads": 0,
            "start_perf": [
                0.21829509735107422,
                0.14679800000000001,
                0.062338999999999999,
                246200,
                246216,
                1672757066.1837261,
                86246285763686
            ],
            "child_modules": {
                "rkv_i2c_tb": 1,
                "vcs_paramclassrepository": 1,
                "vcs_paramclassrepository_87QqAb": 1,
                "uvm_pkg": 1,
                "lvc_i2c_pkg": 1,
                "_vcs_msglog": 1,
                "uvm_custom_install_verdi_recording": 1,
                "vcs_paramclassrepository_67wvne": 1,
                "_vcs_unit__3820934895": 1,
                "std": 1,
                "rkv_i2c_pkg": 1,
                "lvc_apb_pkg": 1,
                "uvm_custom_install_recording": 1,
                "vcs_paramclassrepository_vcsintf": 1,
                "vcs_paramclassrepository_UF52ed": 1
            },
            "end_perf": [
                0.2231290340423584,
                0.14855199999999999,
                0.065241999999999994,
                247188,
                247208,
                86246299273147,
                0,
                0
            ],
            "nRouts": 5
        },
        "uvm_custom_install_recording": {
            "start_perf": [
                0.22397208213806152,
                0.14855199999999999,
                0.065921999999999994,
                247192,
                247208,
                1672757066.1894031,
                86246301554230
            ],
            "child_modules": {},
            "end_perf": [
                0.22399592399597168,
                0.14855199999999999,
                0.065946000000000005,
                247192,
                247208,
                86246301622124,
                1,
                0
            ],
            "skipped": 1
        },
        "lvc_apb_pkg": {
            "start_perf": [
                0.22407197952270508,
                0.14855199999999999,
                0.066021999999999997,
                247192,
                247208,
                1672757066.189503,
                86246301837021
            ],
            "child_modules": {},
            "end_perf": [
                0.22409701347351074,
                0.14855199999999999,
                0.066046999999999995,
                247192,
                247208,
                86246301905543,
                1,
                0
            ],
            "skipped": 1
        },
        "vcs_paramclassrepository_67wvne": {
            "start_perf": [
                0.22456192970275879,
                0.148808,
                0.066256999999999996,
                247192,
                247208,
                1672757066.1899929,
                86246303199315
            ],
            "child_modules": {},
            "end_perf": [
                0.22458696365356445,
                0.14883299999999999,
                0.066256999999999996,
                247192,
                247208,
                86246303274588,
                1,
                0
            ],
            "skipped": 1
        },
        "std": {
            "start_perf": [
                0.2237401008605957,
                0.14855199999999999,
                0.065688999999999997,
                247192,
                247208,
                1672757066.1891711,
                86246300947871
            ],
            "child_modules": {},
            "end_perf": [
                0.2237849235534668,
                0.14855199999999999,
                0.065735000000000002,
                247192,
                247208,
                86246301041989,
                1,
                0
            ],
            "skipped": 1
        },
        "_vcs_unit__3820934895": {
            "start_perf": [
                0.22392106056213379,
                0.14855199999999999,
                0.065870999999999999,
                247192,
                247208,
                1672757066.189352,
                86246301412475
            ],
            "child_modules": {},
            "end_perf": [
                0.22394514083862305,
                0.14855199999999999,
                0.065894999999999995,
                247192,
                247208,
                86246301480067,
                1,
                0
            ],
            "skipped": 1
        },
        "uvm_pkg": {
            "start_perf": [
                0.22381806373596191,
                0.14855199999999999,
                0.065767000000000006,
                247192,
                247208,
                1672757066.189249,
                86246301129417
            ],
            "child_modules": {},
            "end_perf": [
                0.22384500503540039,
                0.14855199999999999,
                0.065795000000000006,
                247192,
                247208,
                86246301204165,
                1,
                0
            ],
            "skipped": 1
        },
        "lvc_i2c_pkg": {
            "start_perf": [
                0.22412300109863281,
                0.14855199999999999,
                0.066073000000000007,
                247192,
                247208,
                1672757066.189554,
                86246301984478
            ],
            "child_modules": {},
            "end_perf": [
                0.22414994239807129,
                0.14855199999999999,
                0.066100000000000006,
                247192,
                247208,
                86246302051995,
                1,
                0
            ],
            "skipped": 1
        },
        "_vcs_msglog": {
            "start_perf": [
                0.22387099266052246,
                0.14855199999999999,
                0.065821000000000005,
                247192,
                247208,
                1672757066.189302,
                86246301275151
            ],
            "child_modules": {},
            "end_perf": [
                0.22389602661132812,
                0.14855199999999999,
                0.065846000000000002,
                247192,
                247208,
                86246301343542,
                1,
                0
            ],
            "skipped": 1
        },
        "uvm_custom_install_verdi_recording": {
            "start_perf": [
                0.22402191162109375,
                0.14855199999999999,
                0.065972000000000003,
                247192,
                247208,
                1672757066.1894529,
                86246301696495
            ],
            "child_modules": {},
            "end_perf": [
                0.22404694557189941,
                0.14855199999999999,
                0.065997,
                247192,
                247208,
                86246301765023,
                1,
                0
            ],
            "skipped": 1
        },
        "rkv_i2c_pkg": {
            "start_perf": [
                0.22417497634887695,
                0.14855199999999999,
                0.066125000000000003,
                247192,
                247208,
                1672757066.189606,
                86246302124313
            ],
            "child_modules": {},
            "end_perf": [
                0.22420096397399902,
                0.14855199999999999,
                0.066151000000000001,
                247192,
                247208,
                86246302194668,
                1,
                0
            ],
            "skipped": 1
        },