{
    "Modules": {
        "...MASTER...": {
            "start_perf": [
                0.22748899459838867,
                0.14117299999999999,
                0.066081000000000001,
                246220,
                246236,
                1672817100.0151391,
                19553708030451
            ],
            "nQuads": 0,
            "child_modules": {
                "rkv_i2c_tb": 1,
                "vcs_paramclassrepository_87QqAb": 1,
                "uvm_custom_install_verdi_recording": 1,
                "vcs_paramclassrepository": 1,
                "_vcs_unit__3820934895": 1,
                "uvm_pkg": 1,
                "vcs_paramclassrepository_67wvne": 1,
                "std": 1,
                "uvm_custom_install_recording": 1,
                "rkv_i2c_pkg": 1,
                "_vcs_msglog": 1,
                "lvc_apb_pkg": 1,
                "vcs_paramclassrepository_vcsintf": 1,
                "lvc_i2c_pkg": 1,
                "vcs_paramclassrepository_UF52ed": 1
            },
            "nRouts": 5,
            "end_perf": [
                0.23364996910095215,
                0.14322499999999999,
                0.070110000000000006,
                247208,
                247228,
                19553725208306,
                0,
                0
            ],
            "nMops": 0
        },
        "std": {
            "skipped": 1,
            "start_perf": [
                0.23425197601318359,
                0.14357700000000001,
                0.070281999999999997,
                247212,
                247228,
                1672817100.0219021,
                19553726865440
            ],
            "child_modules": {},
            "end_perf": [
                0.23430180549621582,
                0.14361099999999999,
                0.070299,
                247212,
                247228,
                19553726960897,
                1,
                0
            ]
        },
        "_vcs_unit__3820934895": {
            "skipped": 1,
            "start_perf": [
                0.23443698883056641,
                0.143702,
                0.070344000000000004,
                247212,
                247228,
                1672817100.0220871,
                19553727335558
            ],
            "child_modules": {},
            "end_perf": [
                0.23446488380432129,
                0.14372099999999999,
                0.070352999999999999,
                247212,
                247228,
                19553727408821,
                1,
                0
            ]
        },
        "uvm_pkg": {
            "skipped": 1,
            "start_perf": [
                0.23433494567871094,
                0.14363400000000001,
                0.070309999999999997,
                247212,
                247228,
                1672817100.0219851,
                19553727047422
            ],
            "child_modules": {},
            "end_perf": [
                0.23436093330383301,
                0.143651,
                0.070319000000000007,
                247212,
                247228,
                19553727115660,
                1,
                0
            ]
        },
        "_vcs_msglog": {
            "skipped": 1,
            "start_perf": [
                0.23438787460327148,
                0.14366899999999999,
                0.070327000000000001,
                247212,
                247228,
                1672817100.022038,
                19553727191069
            ],
            "child_modules": {},
            "end_perf": [
                0.23441195487976074,
                0.14368600000000001,
                0.070334999999999995,
                247212,
                247228,
                19553727259189,
                1,
                0
            ]
        },
        "rkv_i2c_pkg": {
            "skipped": 1,
            "start_perf": [
                0.2348029613494873,
                0.14383699999999999,
                0.070574999999999999,
                247212,
                247228,
                1672817100.0224531,
                19553728351456
            ],
            "child_modules": {},
            "end_perf": [
                0.23482799530029297,
                0.14383699999999999,
                0.070599999999999996,
                247212,
                247228,
                19553728422367,
                1,
                0
            ]
        },
        "uvm_custom_install_recording": {
            "skipped": 1,
            "start_perf": [
                0.23449087142944336,
                0.14373900000000001,
                0.070361000000000007,
                247212,
                247228,
                1672817100.022141,
                19553727478358
            ],
            "child_modules": {},
            "end_perf": [
                0.23451495170593262,
                0.14375499999999999,
                0.070369000000000001,
                247212,
                247228,
                19553727544535,
                1,
                0
            ]
        },
        "vcs_paramclassrepository_87QqAb": {
            "skipped": 1,
            "start_perf": [
                0.2350609302520752,
                0.14383699999999999,
                0.070832999999999993,
                247212,
                247228,
                1672817100.022711,
                19553729069606
            ],
            "child_modules": {},
            "end_perf": [
                0.23508381843566895,
                0.14383699999999999,
                0.070856000000000002,
                247212,
                247228,
                19553729137871,
                1,
                0
            ]
        },
        "vcs_paramclassrepository": {
            "skipped": 1,
            "start_perf": [
                0.23495793342590332,
                0.14383699999999999,
                0.070730000000000001,
                247212,
                247228,
                1672817100.022608,
                19553728789639
            ],
            "child_modules": {},
            "end_perf": [
                0.23498392105102539,
                0.14383699999999999,
                0.070755999999999999,
                247212,
                247228,
                19553728855674,
                1,
                0
            ]
        },
        "uvm_custom_install_verdi_recording": {
            "skipped": 1,
            "start_perf": [
                0.23453879356384277,
                0.14377100000000001,
                0.070376999999999995,
                247212,
                247228,
                1672817100.0221889,
                19553727612168
            ],
            "child_modules": {},
            "end_perf": [
                0.23456287384033203,
                0.143787,
                0.070385000000000003,
                247212,
                247228,
                19553727678142,
                1,
                0
            ]
        },
        "lvc_apb_pkg": {
            "skipped": 1,
            "start_perf": [
                0.23458695411682129,
                0.14380299999999999,
                0.070392999999999997,
                247212,
                247228,
                1672817100.0222371,
                19553727750088
            ],
            "child_modules": {},
            "end_perf": [
                0.23461198806762695,
                0.14382,
                0.070401000000000005,
                247212,
                247228,
                19553727818947,
                1,
                0
            ]
        },
        "vcs_paramclassrepository_vcsintf": {
            "skipped": 1,