{
    "CompUnits": {
        "SIM_d": {
            "checksum": 4294967295,
            "text": 430,
            "mod": "...MASTER...",
            "out": "objs/SIM_d.o",
            "bytes": 12848,
            "mode": 4
        }
    },
    "Modules": {
        "...MASTER...": {
            "end_perf": [
                0.23884987831115723,
                0.14707700000000001,
                0.24012500000000001,
                247208,
                247228,
                33178980377050,
                0,
                0
            ],
            "start_perf": [
                0.23389005661010742,
                0.14523900000000001,
                0.23733599999999999,
                246220,
                246236,
                1672821977.4180651,
                33178966476325
            ],
            "child_modules": {
                "uvm_custom_install_recording": 1,
                "rkv_i2c_tb": 1,
                "vcs_paramclassrepository_vcsintf": 1,
                "_vcs_unit__3820934895": 1,
                "lvc_apb_pkg": 1,
                "vcs_paramclassrepository_87QqAb": 1,
                "uvm_pkg": 1,
                "vcs_paramclassrepository": 1,
                "uvm_custom_install_verdi_recording": 1,
                "vcs_paramclassrepository_67wvne": 1,
                "std": 1,
                "rkv_i2c_pkg": 1,
                "_vcs_msglog": 1,
                "lvc_i2c_pkg": 1,
                "vcs_paramclassrepository_UF52ed": 1
            },
            "nQuads": 0,
            "nMops": 0,
            "nRouts": 5
        },
        "std": {
            "end_perf": [
                0.23946094512939453,
                0.14707700000000001,
                0.24063999999999999,
                247212,
                247228,
                33178982018970,
                1,
                0
            ],
            "start_perf": [
                0.23941493034362793,
                0.14707700000000001,
                0.240593,
                247212,
                247228,
                1672821977.4235899,
                33178981932621
            ],
            "child_modules": {},
            "skipped": 1
        },
        "vcs_paramclassrepository": {
            "end_perf": [
                0.24003887176513672,
                0.14711199999999999,
                0.24118300000000001,
                247212,
                247228,
                33178983625448,
                1,
                0
            ],
            "start_perf": [
                0.24001598358154297,
                0.14710300000000001,
                0.24116799999999999,
                247212,
                247228,
                1672821977.424191,
                33178983562189
            ],
            "child_modules": {},
            "skipped": 1
        },
        "uvm_pkg": {
            "end_perf": [
                0.2395179271697998,
                0.14707700000000001,
                0.24069699999999999,
                247212,
                247228,
                33178982169156,
                1,
                0
            ],
            "start_perf": [
                0.23949289321899414,
                0.14707700000000001,
                0.240672,
                247212,
                247228,
                1672821977.4236679,
                33178982103471
            ],
            "child_modules": {},
            "skipped": 1
        },
        "_vcs_msglog": {
            "end_perf": [
                0.23956608772277832,
                0.14707700000000001,
                0.24074499999999999,
                247212,
                247228,
                33178982303309,
                1,
                0
            ],
            "start_perf": [
                0.23954105377197266,
                0.14707700000000001,
                0.24071999999999999,
                247212,
                247228,
                1672821977.4237161,
                33178982234662
            ],
            "child_modules": {},
            "skipped": 1
        },
        "vcs_paramclassrepository_87QqAb": {
            "end_perf": [
                0.24013590812683105,
                0.147148,
                0.24124300000000001,
                247212,
                247228,
                33178983892951,
                1,
                0
            ],
            "start_perf": [
                0.2401130199432373,
                0.14713899999999999,
                0.241229,
                247212,
                247228,
                1672821977.424288,
                33178983829724
            ],
            "child_modules": {},
            "skipped": 1
        },
        "lvc_apb_pkg": {
            "end_perf": [
                0.23980093002319336,
                0.14707700000000001,
                0.240979,
                247212,
                247228,
                33178982958073,
                1,
                0
            ],
            "start_perf": [
                0.2397758960723877,
                0.14707700000000001,
                0.240954,
                247212,
                247228,
                1672821977.4239509,
                33178982888815
            ],
            "child_modules": {},
            "skipped": 1
        },
        "vcs_paramclassrepository_vcsintf": {
            "end_perf": [
                0.23999309539794922,
                0.147094,
                0.24115400000000001,
                247212,
                247228,
                33178983494093,
                1,
                0
            ],
            "start_perf": [
                0.23996901512145996,
                0.14708499999999999,
                0.24113899999999999,
                247212,
                247228,
                1672821977.424144,
                33178983430857
            ],
            "child_modules": {},
            "skipped": 1
        },
        "_vcs_unit__3820934895": {
            "end_perf": [
                0.23961210250854492,
                0.14707700000000001,
                0.24079100000000001,
                247212,
                247228,
                33178982433709,
                1,
                0
            ],
            "start_perf": [
                0.23958992958068848,
                0.14707700000000001,
                0.24076800000000001,
                247212,
                247228,
                1672821977.4237649,
                33178982368325
            ],
            "child_modules": {},
            "skipped": 1
        },
        "rkv_i2c_tb": {
            "end_perf": [
                0.23994302749633789,
                0.14707700000000001,
                0.241122,
                247212,
                247228,
                33178983356265,
                1,
                0
            ],
            "start_perf": [
                0.23992109298706055,
                0.14707700000000001,
                0.24110000000000001,
                247212,
                247228,
                1672821977.4240961,
                33178983293984
            ],
            "child_modules": {},
            "skipped": 1
        },
        "uvm_custom_install_recording": {
            "end_perf": [
                0.23965907096862793,
                0.14707700000000001,
                0.240838,
                247212,
                247228,
                33178982647916,
                1,
                0
            ],
            "start_perf": [
                0.23963594436645508,
                0.14707700000000001,
                0.240815,
                247212,
                247228,
                1672821977.423811,
                33178982499105
            ],
            "child_modules": {},
            "skipped": 1
        },