{
    "ObjArchives": [],
    "CompUnits": {
        "SIM_d": {
            "bytes": 12848,
            "mod": "...MASTER...",
            "out": "objs/SIM_d.o",
            "text": 430,
            "mode": 4,
            "checksum": 4294967295
        }
    },
    "Modules": {
        "vcs_paramclassrepository_87QqAb": {
            "child_modules": {},
            "start_perf": [
                0.25916194915771484,
                0.193855,
                0.071581000000000006,
                247276,
                247292,
                1672918719.8715739,
                40017356660705
            ],
            "end_perf": [
                0.2591860294342041,
                0.193855,
                0.071605000000000002,
                247276,
                247292,
                40017356730602,
                1,
                0
            ],
            "skipped": 1
        },
        "vcs_paramclassrepository_vcsintf": {
            "child_modules": {},
            "start_perf": [
                0.25896000862121582,
                0.193855,
                0.071378999999999998,
                247276,
                247292,
                1672918719.871372,
                40017356101059
            ],
            "end_perf": [
                0.25899505615234375,
                0.193855,
                0.071414000000000005,
                247276,
                247292,
                40017356271580,
                1,
                0
            ],
            "skipped": 1
        },
        "...MASTER...": {
            "child_modules": {
                "rkv_i2c_tb": 1,
                "std": 1,
                "_vcs_unit__3820934895": 1,
                "vcs_paramclassrepository_vcsintf": 1,
                "vcs_paramclassrepository_87QqAb": 1,
                "_vcs_msglog": 1,
                "uvm_pkg": 1,
                "uvm_custom_install_verdi_recording": 1,
                "lvc_i2c_pkg": 1,
                "rkv_i2c_pkg": 1,
                "vcs_paramclassrepository_67wvne": 1,
                "vcs_paramclassrepository": 1,
                "uvm_custom_install_recording": 1,
                "lvc_apb_pkg": 1,
                "vcs_paramclassrepository_UF52ed": 1
            },
            "start_perf": [
                0.25338411331176758,
                0.19056799999999999,
                0.069296999999999997,
                246284,
                246300,
                1672918719.8657961,
                40017340558997
            ],
            "end_perf": [
                0.25790190696716309,
                0.193855,
                0.070400000000000004,
                247272,
                247292,
                40017353212679,
                0,
                0
            ],
            "nQuads": 0,
            "nRouts": 5,
            "nMops": 0
        },
        "_vcs_unit__3820934895": {
            "child_modules": {},
            "start_perf": [
                0.25862908363342285,
                0.193855,
                0.071048,
                247276,
                247292,
                1672918719.8710411,
                40017355171058
            ],
            "end_perf": [
                0.2586519718170166,
                0.193855,
                0.071070999999999995,
                247276,
                247292,
                40017355235856,
                1,
                0
            ],
            "skipped": 1
        },
        "rkv_i2c_tb": {
            "child_modules": {},
            "start_perf": [
                0.25891208648681641,
                0.193855,
                0.071331000000000006,
                247276,
                247292,
                1672918719.8713241,
                40017355962185
            ],
            "end_perf": [
                0.25893497467041016,
                0.193855,
                0.071354000000000001,
                247276,
                247292,
                40017356029379,
                1,
                0
            ],
            "skipped": 1
        },
        "std": {
            "child_modules": {},
            "start_perf": [
                0.25845813751220703,
                0.193855,
                0.070876999999999996,
                247276,
                247292,
                1672918719.8708701,
                40017354733177
            ],
            "end_perf": [
                0.25850105285644531,
                0.193855,
                0.070919999999999997,
                247276,
                247292,
                40017354819638,
                1,
                0
            ],
            "skipped": 1
        },
        "uvm_pkg": {
            "child_modules": {},
            "start_perf": [
                0.25853204727172852,
                0.193855,
                0.070951,
                247276,
                247292,
                1672918719.870944,
                40017354903128
            ],
            "end_perf": [
                0.25855612754821777,
                0.193855,
                0.070974999999999996,
                247276,
                247292,
                40017354969965,
                1,
                0
            ],
            "skipped": 1
        },
        "_vcs_msglog": {
            "child_modules": {},
            "start_perf": [
                0.25858211517333984,
                0.193855,
                0.071000999999999995,
                247276,
                247292,
                1672918719.8709941,
                40017355041091
            ],
            "end_perf": [
                0.25860500335693359,
                0.193855,
                0.071024000000000004,
                247276,
                247292,
                40017355105223,
                1,
                0
            ],
            "skipped": 1
        },
        "uvm_custom_install_recording": {
            "child_modules": {},
            "start_perf": [
                0.25867509841918945,
                0.193855,
                0.071095000000000005,
                247276,
                247292,
                1672918719.8710871,
                40017355301771
            ],
            "end_perf": [
                0.25870013236999512,
                0.193855,
                0.071119000000000002,
                247276,
                247292,
                40017355369478,
                1,
                0
            ],
            "skipped": 1
        },
        "uvm_custom_install_verdi_recording": {
            "child_modules": {},
            "start_perf": [
                0.25872302055358887,
                0.193855,
                0.071141999999999997,
                247276,
                247292,
                1672918719.871135,
                40017355434597
            ],
            "end_perf": [
                0.25874590873718262,
                0.193855,
                0.071165000000000006,
                247276,
                247292,
                40017355497780,
                1,
                0
            ],
            "skipped": 1
        },
        "lvc_apb_pkg": {
            "child_modules": {},
            "start_perf": [
                0.25876903533935547,
                0.193855,
                0.071188000000000001,
                247276,
                247292,
                1672918719.871181,
                40017355562640
            ],
            "end_perf": [
                0.25879192352294922,
                0.193855,
                0.071210999999999997,
                247276,
                247292,
                40017355625719,
                1,
                0
            ],
            "skipped": 1
        },
        "vcs_paramclassrepository_67wvne": {
            "child_modules": {},