{
    "Modules": {
        "vcs_paramclassrepository_87QqAb": {
            "skipped": 1,
            "start_perf": [
                0.24574089050292969,
                0.15393899999999999,
                0.096844,
                247276,
                247292,
                1672917576.2724619,
                36822673761895
            ],
            "child_modules": {},
            "end_perf": [
                0.24576497077941895,
                0.15393899999999999,
                0.096867999999999996,
                247276,
                247292,
                36822673930909,
                1,
                0
            ]
        },
        "vcs_paramclassrepository_UF52ed": {
            "skipped": 1,
            "start_perf": [
                0.24569010734558105,
                0.15393899999999999,
                0.096793000000000004,
                247276,
                247292,
                1672917576.2724111,
                36822673623725
            ],
            "child_modules": {},
            "end_perf": [
                0.24571609497070312,
                0.15393899999999999,
                0.096819000000000002,
                247276,
                247292,
                36822673694253,
                1,
                0
            ]
        },
        "...MASTER...": {
            "start_perf": [
                0.24041104316711426,
                0.150504,
                0.094949000000000006,
                246284,
                246300,
                1672917576.267132,
                36822658911748
            ],
            "nRouts": 5,
            "child_modules": {
                "rkv_i2c_tb": 1,
                "vcs_paramclassrepository_UF52ed": 1,
                "vcs_paramclassrepository_87QqAb": 1,
                "uvm_pkg": 1,
                "uvm_custom_install_verdi_recording": 1,
                "vcs_paramclassrepository": 1,
                "_vcs_unit__3820934895": 1,
                "vcs_paramclassrepository_67wvne": 1,
                "std": 1,
                "rkv_i2c_pkg": 1,
                "lvc_i2c_pkg": 1,
                "uvm_custom_install_recording": 1,
                "_vcs_msglog": 1,
                "lvc_apb_pkg": 1,
                "vcs_paramclassrepository_vcsintf": 1
            },
            "nQuads": 0,
            "end_perf": [
                0.2447049617767334,
                0.15368999999999999,
                0.096056000000000002,
                247272,
                247292,
                36822670938263,
                0,
                0
            ],
            "nMops": 0
        },
        "std": {
            "skipped": 1,
            "start_perf": [
                0.24499201774597168,
                0.153867,
                0.096167000000000002,
                247276,
                247292,
                1672917576.271713,
                36822671695981
            ],
            "child_modules": {},
            "end_perf": [
                0.24502801895141602,
                0.15389,
                0.096181000000000003,
                247276,
                247292,
                36822671776589,
                1,
                0
            ]
        },
        "vcs_paramclassrepository": {
            "skipped": 1,
            "start_perf": [
                0.24564409255981445,
                0.15393899999999999,
                0.096747,
                247276,
                247292,
                1672917576.2723651,
                36822673491329
            ],
            "child_modules": {},
            "end_perf": [
                0.2456669807434082,
                0.15393899999999999,
                0.096769999999999995,
                247276,
                247292,
                36822673554294,
                1,
                0
            ]
        },
        "uvm_pkg": {
            "skipped": 1,
            "start_perf": [
                0.24505901336669922,
                0.15390899999999999,
                0.096193000000000001,
                247276,
                247292,
                1672917576.27178,
                36822671860530
            ],
            "child_modules": {},
            "end_perf": [
                0.24508404731750488,
                0.15392400000000001,
                0.096201999999999996,
                247276,
                247292,
                36822671926274,
                1,
                0
            ]
        },
        "_vcs_unit__3820934895": {
            "skipped": 1,
            "start_perf": [
                0.24525809288024902,
                0.15393899999999999,
                0.096360000000000001,
                247276,
                247292,
                1672917576.2719791,
                36822672414989
            ],
            "child_modules": {},
            "end_perf": [
                0.24528288841247559,
                0.15393899999999999,
                0.096385999999999999,
                247276,
                247292,
                36822672483612,
                1,
                0
            ]
        },
        "uvm_custom_install_verdi_recording": {
            "skipped": 1,
            "start_perf": [
                0.24535703659057617,
                0.15393899999999999,
                0.096460000000000004,
                247276,
                247292,
                1672917576.272078,
                36822672688687
            ],
            "child_modules": {},
            "end_perf": [
                0.24537992477416992,
                0.15393899999999999,
                0.096482999999999999,
                247276,
                247292,
                36822672752215,
                1,
                0
            ]
        },
        "lvc_i2c_pkg": {
            "skipped": 1,
            "start_perf": [
                0.24545097351074219,
                0.15393899999999999,
                0.096554000000000001,
                247276,
                247292,
                1672917576.272172,
                36822672950573
            ],
            "child_modules": {},
            "end_perf": [
                0.24547505378723145,
                0.15393899999999999,
                0.096577999999999997,
                247276,
                247292,
                36822673017799,
                1,
                0
            ]
        },
        "uvm_custom_install_recording": {
            "skipped": 1,
            "start_perf": [
                0.24530696868896484,
                0.15393899999999999,
                0.096409999999999996,
                247276,
                247292,
                1672917576.272028,
                36822672551057
            ],
            "child_modules": {},
            "end_perf": [
                0.24533295631408691,
                0.15393899999999999,
                0.096435999999999994,
                247276,
                247292,
                36822672622861,
                1,
                0
            ]
        },
        "_vcs_msglog": {
            "skipped": 1,
            "start_perf": [
                0.24510908126831055,
                0.15393899999999999,
                0.096212000000000006,
                247276,
                247292,
                1672917576.2718301,
                36822672224836
            ],
            "child_modules": {},
            "end_perf": [
                0.24521994590759277,
                0.15393899999999999,
                0.096322000000000005,
                247276,
                247292,
                36822672336795,
                1,
                0
            ]
        },
        "lvc_apb_pkg": {
            "skipped": 1,