{
    "Modules": {
        "uvm_custom_install_recording": {
            "end_perf": [
                0.23282098770141602,
                0.14319200000000001,
                0.064981999999999998,
                247044,
                247060,
                8727827998205,
                1,
                0
            ],
            "start_perf": [
                0.23278999328613281,
                0.14319200000000001,
                0.064950999999999995,
                247044,
                247060,
                1672045948.1403511,
                8727827919937
            ],
            "child_modules": {},
            "skipped": 1
        },
        "vcs_paramclassrepository_87QqAb": {
            "end_perf": [
                0.23335099220275879,
                0.14319200000000001,
                0.065512000000000001,
                247044,
                247060,
                8727829586977,
                1,
                0
            ],
            "start_perf": [
                0.2333228588104248,
                0.14319200000000001,
                0.065484000000000001,
                247044,
                247060,
                1672045948.1408839,
                8727829401701
            ],
            "child_modules": {},
            "skipped": 1
        },
        "lvc_i2c_pkg": {
            "end_perf": [
                0.2330009937286377,
                0.14319200000000001,
                0.065160999999999997,
                247044,
                247060,
                8727828500225,
                1,
                0
            ],
            "start_perf": [
                0.23296904563903809,
                0.14319200000000001,
                0.065129999999999993,
                247044,
                247060,
                1672045948.1405301,
                8727828413505
            ],
            "child_modules": {},
            "skipped": 1
        },
        "...MASTER...": {
            "end_perf": [
                0.23111796379089355,
                0.14319200000000001,
                0.064086000000000004,
                247040,
                247060,
                8727823317539,
                0,
                0
            ],
            "start_perf": [
                0.22581100463867188,
                0.14034199999999999,
                0.062150999999999998,
                246052,
                246068,
                1672045948.1333721,
                8727808440253
            ],
            "child_modules": {
                "rkv_i2c_tb": 1,
                "lvc_i2c_pkg": 1,
                "vcs_paramclassrepository_87QqAb": 1,
                "uvm_pkg": 1,
                "uvm_custom_install_verdi_recording": 1,
                "vcs_paramclassrepository": 1,
                "vcs_paramclassrepository_67wvne": 1,
                "std": 1,
                "_vcs_unit__3820934895": 1,
                "rkv_i2c_pkg": 1,
                "uvm_custom_install_recording": 1,
                "vcs_paramclassrepository_UF52ed": 1,
                "vcs_paramclassrepository_vcsintf": 1,
                "_vcs_msglog": 1,
                "lvc_apb_pkg": 1
            },
            "nRouts": 5,
            "nQuads": 0,
            "nMops": 0
        },
        "uvm_pkg": {
            "end_perf": [
                0.23259186744689941,
                0.14319200000000001,
                0.064753000000000005,
                247044,
                247060,
                8727827362133,
                1,
                0
            ],
            "start_perf": [
                0.23256301879882812,
                0.14319200000000001,
                0.064724000000000004,
                247044,
                247060,
                1672045948.1401241,
                8727827280849
            ],
            "child_modules": {},
            "skipped": 1
        },
        "vcs_paramclassrepository_67wvne": {
            "end_perf": [
                0.23345685005187988,
                0.14319200000000001,
                0.065617999999999996,
                247044,
                247060,
                8727829779901,
                1,
                0
            ],
            "start_perf": [
                0.23342299461364746,
                0.14319200000000001,
                0.065583000000000002,
                247044,
                247060,
                1672045948.1409841,
                8727829693781
            ],
            "child_modules": {},
            "skipped": 1
        },
        "std": {
            "end_perf": [
                0.23251700401306152,
                0.14319200000000001,
                0.064677999999999999,
                247044,
                247060,
                8727827178105,
                1,
                0
            ],
            "start_perf": [
                0.23246192932128906,
                0.14319200000000001,
                0.064621999999999999,
                247044,
                247060,
                1672045948.140023,
                8727827052465
            ],
            "child_modules": {},
            "skipped": 1
        },
        "vcs_paramclassrepository_UF52ed": {
            "end_perf": [
                0.23329496383666992,
                0.14319200000000001,
                0.065456,
                247044,
                247060,
                8727829322817,
                1,
                0
            ],
            "start_perf": [
                0.23326802253723145,
                0.14319200000000001,
                0.065429000000000001,
                247044,
                247060,
                1672045948.1408291,
                8727829246981
            ],
            "child_modules": {},
            "skipped": 1
        },
        "vcs_paramclassrepository_vcsintf": {
            "end_perf": [
                0.23317694664001465,
                0.14319200000000001,
                0.065337999999999993,
                247044,
                247060,
                8727828994269,
                1,
                0
            ],
            "start_perf": [
                0.23314690589904785,
                0.14319200000000001,
                0.065308000000000005,
                247044,
                247060,
                1672045948.140708,
                8727828908717
            ],
            "child_modules": {},
            "skipped": 1
        },
        "_vcs_msglog": {
            "end_perf": [
                0.23265290260314941,
                0.14319200000000001,
                0.064813999999999997,
                247044,
                247060,
                8727827530121,
                1,
                0
            ],
            "start_perf": [
                0.23262190818786621,
                0.14319200000000001,
                0.064782999999999993,
                247044,
                247060,
                1672045948.140183,
                8727827450329
            ],
            "child_modules": {},
            "skipped": 1
        },
        "_vcs_unit__3820934895": {
            "end_perf": [
                0.23275303840637207,
                0.14319200000000001,
                0.064912999999999998,
                247044,
                247060,
                8727827825729,
                1,
                0
            ],
            "start_perf": [
                0.2326819896697998,
                0.14319200000000001,
                0.064842999999999998,
                247044,
                247060,
                1672045948.1402431,
                8727827719717
            ],
            "child_modules": {},
            "skipped": 1
        },