{
    "Modules": {
        "...MASTER...": {
            "start_perf": [
                0.23164916038513184,
                0.14968300000000001,
                0.084955000000000003,
                246312,
                246328,
                1672925429.649435,
                58761348676512
            ],
            "nRouts": 5,
            "child_modules": {
                "rkv_i2c_tb": 1,
                "vcs_paramclassrepository_87QqAb": 1,
                "_vcs_msglog": 1,
                "uvm_pkg": 1,
                "rkv_i2c_pkg": 1,
                "uvm_custom_install_verdi_recording": 1,
                "vcs_paramclassrepository_67wvne": 1,
                "std": 1,
                "vcs_paramclassrepository_vcsintf": 1,
                "uvm_custom_install_recording": 1,
                "vcs_paramclassrepository": 1,
                "lvc_apb_pkg": 1,
                "_vcs_unit__3820934895": 1,
                "lvc_i2c_pkg": 1,
                "vcs_paramclassrepository_UF52ed": 1
            },
            "end_perf": [
                0.23696303367614746,
                0.151229,
                0.088720999999999994,
                247300,
                247320,
                58761363613788,
                0,
                0
            ],
            "nQuads": 0,
            "nMops": 0
        },
        "_vcs_unit__3820934895": {
            "start_perf": [
                0.23782610893249512,
                0.15177399999999999,
                0.089039999999999994,
                247304,
                247320,
                1672925429.655612,
                58761365944602
            ],
            "child_modules": {},
            "end_perf": [
                0.23786711692810059,
                0.15179999999999999,
                0.089055999999999996,
                247304,
                247320,
                58761366078224,
                1,
                0
            ],
            "skipped": 1
        },
        "lvc_apb_pkg": {
            "start_perf": [
                0.23815321922302246,
                0.15189,
                0.089251999999999998,
                247304,
                247320,
                1672925429.6559391,
                58761366912805
            ],
            "child_modules": {},
            "end_perf": [
                0.23821401596069336,
                0.15189,
                0.089312000000000002,
                247304,
                247320,
                58761367036819,
                1,
                0
            ],
            "skipped": 1
        },
        "vcs_paramclassrepository_67wvne": {
            "start_perf": [
                0.2389671802520752,
                0.15189,
                0.090065000000000006,
                247304,
                247320,
                1672925429.6567531,
                58761369142173
            ],
            "child_modules": {},
            "end_perf": [
                0.23901104927062988,
                0.15189,
                0.090108999999999995,
                247304,
                247320,
                58761369248411,
                1,
                0
            ],
            "skipped": 1
        },
        "rkv_i2c_pkg": {
            "start_perf": [
                0.2383420467376709,
                0.15189,
                0.089441000000000007,
                247304,
                247320,
                1672925429.6561279,
                58761367388051
            ],
            "child_modules": {},
            "end_perf": [
                0.23838210105895996,
                0.15189,
                0.089481000000000005,
                247304,
                247320,
                58761367558040,
                1,
                0
            ],
            "skipped": 1
        },
        "std": {
            "start_perf": [
                0.23749017715454102,
                0.151562,
                0.088915999999999995,
                247304,
                247320,
                1672925429.6552761,
                58761365048974
            ],
            "child_modules": {},
            "end_perf": [
                0.23755002021789551,
                0.15160000000000001,
                0.088939000000000004,
                247304,
                247320,
                58761365187659,
                1,
                0
            ],
            "skipped": 1
        },
        "uvm_custom_install_verdi_recording": {
            "start_perf": [
                0.23801016807556152,
                0.15189,
                0.089108999999999994,
                247304,
                247320,
                1672925429.6557961,
                58761366587932
            ],
            "child_modules": {},
            "end_perf": [
                0.23809814453125,
                0.15189,
                0.089196999999999999,
                247304,
                247320,
                58761366739323,
                1,
                0
            ],
            "skipped": 1
        },
        "uvm_pkg": {
            "start_perf": [
                0.23760509490966797,
                0.15163399999999999,
                0.088958999999999996,
                247304,
                247320,
                1672925429.655391,
                58761365455065
            ],
            "child_modules": {},
            "end_perf": [
                0.23769307136535645,
                0.15168999999999999,
                0.088991000000000001,
                247304,
                247320,
                58761365589073,
                1,
                0
            ],
            "skipped": 1
        },
        "_vcs_msglog": {
            "start_perf": [
                0.23774409294128418,
                0.151722,
                0.089010000000000006,
                247304,
                247320,
                1672925429.65553,
                58761365715580
            ],
            "child_modules": {},
            "end_perf": [
                0.23778414726257324,
                0.15174799999999999,
                0.089025000000000007,
                247304,
                247320,
                58761365824532,
                1,
                0
            ],
            "skipped": 1
        },
        "vcs_paramclassrepository": {
            "start_perf": [
                0.23862218856811523,
                0.15189,
                0.089720999999999995,
                247304,
                247320,
                1672925429.6564081,
                58761368170368
            ],
            "child_modules": {},
            "end_perf": [
                0.23866701126098633,
                0.15189,
                0.089765999999999999,
                247304,
                247320,
                58761368439244,
                1,
                0
            ],
            "skipped": 1
        },
        "vcs_paramclassrepository_vcsintf": {
            "start_perf": [
                0.23853516578674316,
                0.15189,
                0.089634000000000005,
                247304,
                247320,
                1672925429.656321,
                58761367926945
            ],
            "child_modules": {},
            "end_perf": [
                0.23857617378234863,
                0.15189,
                0.089675000000000005,
                247304,
                247320,
                58761368050269,
                1,
                0
            ],
            "skipped": 1
        },
        "uvm_custom_install_recording": {
            "start_perf": [
                0.23792004585266113,
                0.151833,
                0.089075000000000001,
                247304,
                247320,
                1672925429.6557059,
                58761366224679
            ],
            "child_modules": {},