{
    "stat": {
        "ru_childs_end": {
            "ru_majflt": 0,
            "ru_utime_sec": 0.020167000000000001,
            "ru_stime_sec": 0.038467000000000001,
            "ru_nivcsw": 23,
            "ru_maxrss_kb": 28532,
            "ru_minflt": 10624,
            "ru_nvcsw": 26
        },
        "ru_self_end": {
            "ru_majflt": 5,
            "ru_utime_sec": 0.16778199999999999,
            "ru_stime_sec": 0.063176999999999997,
            "ru_nivcsw": 6,
            "ru_maxrss_kb": 72984,
            "ru_minflt": 29221,
            "ru_nvcsw": 37
        },
        "peak_mem_kb": 247240,
        "cpu_cycles_end": 16571768204212
    },
    "ObjArchives": [],
    "Modules": {
        "...MASTER...": {
            "nRouts": 5,
            "start_perf": [
                0.21845817565917969,
                0.159388,
                0.056242,
                246220,
                246236,
                1672816032.5606561,
                16571722761705
            ],
            "child_modules": {
                "rkv_i2c_tb": 1,
                "vcs_paramclassrepository_87QqAb": 1,
                "uvm_pkg": 1,
                "uvm_custom_install_recording": 1,
                "rkv_i2c_pkg": 1,
                "vcs_paramclassrepository_67wvne": 1,
                "uvm_custom_install_verdi_recording": 1,
                "vcs_paramclassrepository": 1,
                "std": 1,
                "lvc_i2c_pkg": 1,
                "_vcs_unit__3820934895": 1,
                "_vcs_msglog": 1,
                "lvc_apb_pkg": 1,
                "vcs_paramclassrepository_vcsintf": 1,
                "vcs_paramclassrepository_UF52ed": 1
            },
            "end_perf": [
                0.22303605079650879,
                0.16254299999999999,
                0.057610000000000001,
                247208,
                247228,
                16571735586002,
                0,
                0
            ],
            "nQuads": 0,
            "nMops": 0
        },
        "lvc_apb_pkg": {
            "start_perf": [
                0.2238461971282959,
                0.16308300000000001,
                0.057800999999999998,
                247212,
                247228,
                1672816032.5660441,
                16571737780238
            ],
            "skipped": 1,
            "child_modules": {},
            "end_perf": [
                0.22387099266052246,
                0.163102,
                0.057807999999999998,
                247212,
                247228,
                16571737851739,
                1,
                0
            ]
        },
        "_vcs_msglog": {
            "start_perf": [
                0.22365522384643555,
                0.162942,
                0.057750999999999997,
                247212,
                247228,
                1672816032.5658531,
                16571737244091
            ],
            "skipped": 1,
            "child_modules": {},
            "end_perf": [
                0.2236790657043457,
                0.16295999999999999,
                0.057757999999999997,
                247212,
                247228,
                16571737310113,
                1,
                0
            ]
        },
        "vcs_paramclassrepository": {
            "start_perf": [
                0.22414898872375488,
                0.16312099999999999,
                0.058067000000000001,
                247212,
                247228,
                1672816032.5663469,
                16571738632577
            ],
            "skipped": 1,
            "child_modules": {},
            "end_perf": [
                0.22417616844177246,
                0.16312099999999999,
                0.058094,
                247212,
                247228,
                16571738701469,
                1,
                0
            ]
        },
        "std": {
            "start_perf": [
                0.22352409362792969,
                0.16284499999999999,
                0.057716999999999997,
                247212,
                247228,
                1672816032.565722,
                16571736928390
            ],
            "skipped": 1,
            "child_modules": {},
            "end_perf": [
                0.2235710620880127,
                0.16288,
                0.057729000000000003,
                247212,
                247228,
                16571737018647,
                1,
                0
            ]
        },
        "vcs_paramclassrepository_87QqAb": {
            "start_perf": [
                0.22425508499145508,
                0.16312099999999999,
                0.058173000000000002,
                247212,
                247228,
                1672816032.566453,
                16571738923586
            ],
            "skipped": 1,
            "child_modules": {},
            "end_perf": [
                0.22428011894226074,
                0.16312099999999999,
                0.058198,
                247212,
                247228,
                16571738995823,
                1,
                0
            ]
        },
        "rkv_i2c_tb": {
            "start_perf": [
                0.2240440845489502,
                0.16312099999999999,
                0.057962,
                247212,
                247228,
                1672816032.566242,
                16571738334466
            ],
            "skipped": 1,
            "child_modules": {},
            "end_perf": [
                0.22407102584838867,
                0.16312099999999999,
                0.057988999999999999,
                247212,
                247228,
                16571738408459,
                1,
                0
            ]
        },
        "uvm_pkg": {
            "start_perf": [
                0.2236030101776123,
                0.16290399999999999,
                0.057737999999999998,
                247212,
                247228,
                1672816032.5658009,
                16571737104354
            ],
            "skipped": 1,
            "child_modules": {},
            "end_perf": [
                0.22362899780273438,
                0.16292300000000001,
                0.057744999999999998,
                247212,
                247228,
                16571737171660,
                1,
                0
            ]
        },
        "lvc_i2c_pkg": {
            "start_perf": [
                0.22389721870422363,
                0.16312099999999999,
                0.057814999999999998,
                247212,
                247228,
                1672816032.5660951,
                16571737996425
            ],
            "skipped": 1,
            "child_modules": {},
            "end_perf": [
                0.22395110130310059,
                0.16312099999999999,
                0.057868999999999997,
                247212,
                247228,
                16571738084460,
                1,
                0
            ]
        },
        "_vcs_unit__3820934895": {
            "start_perf": [
                0.22370314598083496,
                0.16297800000000001,
                0.057764000000000003,
                247212,
                247228,
                1672816032.565901,
                16571737377958
            ],
            "skipped": 1,
            "child_modules": {},
            "end_perf": [
                0.22372698783874512,
                0.162995,
                0.057770000000000002,
                247212,
                247228,
                16571737443968,
                1,
                0
            ]
        },
        "uvm_custom_install_verdi_recording": {
            "start_perf": [
                0.22379803657531738,
                0.163048,
                0.057789,
                247212,
                247228,
                1672816032.5659959,
                16571737643664
            ],
            "skipped": 1,