{
    "Modules": {
        "vcs_paramclassrepository_UF52ed": {
            "end_perf": [
                0.39707207679748535,
                0.22734199999999999,
                0.13557,
                247192,
                247208,
                86133586769451,
                1,
                0
            ],
            "start_perf": [
                0.39702892303466797,
                0.227299,
                0.13557,
                247192,
                247208,
                1672498547.2029259,
                86133586650250
            ],
            "skipped": 1,
            "child_modules": {}
        },
        "...MASTER...": {
            "end_perf": [
                0.39420604705810547,
                0.22569400000000001,
                0.134413,
                247188,
                247208,
                86133579164220,
                0,
                0
            ],
            "start_perf": [
                0.38753199577331543,
                0.22190599999999999,
                0.13153699999999999,
                246200,
                246216,
                1672498547.193429,
                86133560157965
            ],
            "nMops": 0,
            "child_modules": {
                "_vcs_unit__3820934895": 1,
                "rkv_i2c_tb": 1,
                "vcs_paramclassrepository_vcsintf": 1,
                "vcs_paramclassrepository_87QqAb": 1,
                "vcs_paramclassrepository_67wvne": 1,
                "uvm_pkg": 1,
                "uvm_custom_install_verdi_recording": 1,
                "vcs_paramclassrepository": 1,
                "std": 1,
                "rkv_i2c_pkg": 1,
                "vcs_paramclassrepository_UF52ed": 1,
                "lvc_apb_pkg": 1,
                "uvm_custom_install_recording": 1,
                "_vcs_msglog": 1,
                "lvc_i2c_pkg": 1
            },
            "nQuads": 0,
            "nRouts": 5
        },
        "uvm_custom_install_recording": {
            "end_perf": [
                0.39627504348754883,
                0.226545,
                0.13557,
                247192,
                247208,
                86133584559855,
                1,
                0
            ],
            "start_perf": [
                0.39623308181762695,
                0.22650300000000001,
                0.13557,
                247192,
                247208,
                1672498547.2021301,
                86133584435792
            ],
            "skipped": 1,
            "child_modules": {}
        },
        "lvc_apb_pkg": {
            "end_perf": [
                0.39646506309509277,
                0.22673499999999999,
                0.13557,
                247192,
                247208,
                86133585089609,
                1,
                0
            ],
            "start_perf": [
                0.39641904830932617,
                0.226689,
                0.13557,
                247192,
                247208,
                1672498547.202316,
                86133584967099
            ],
            "skipped": 1,
            "child_modules": {}
        },
        "std": {
            "end_perf": [
                0.39554905891418457,
                0.225913,
                0.135547,
                247192,
                247208,
                86133582539590,
                1,
                0
            ],
            "start_perf": [
                0.39545702934265137,
                0.225854,
                0.13551199999999999,
                247192,
                247208,
                1672498547.201354,
                86133582363965
            ],
            "skipped": 1,
            "child_modules": {}
        },
        "_vcs_msglog": {
            "end_perf": [
                0.39608407020568848,
                0.226353,
                0.13557,
                247192,
                247208,
                86133584037329,
                1,
                0
            ],
            "start_perf": [
                0.39600110054016113,
                0.226271,
                0.13557,
                247192,
                247208,
                1672498547.2018981,
                86133583877390
            ],
            "skipped": 1,
            "child_modules": {}
        },
        "uvm_pkg": {
            "end_perf": [
                0.39591097831726074,
                0.22617899999999999,
                0.13557,
                247192,
                247208,
                86133583632649,
                1,
                0
            ],
            "start_perf": [
                0.39560794830322266,
                0.22595000000000001,
                0.13557,
                247192,
                247208,
                1672498547.2015049,
                86133583358394
            ],
            "skipped": 1,
            "child_modules": {}
        },
        "_vcs_unit__3820934895": {
            "end_perf": [
                0.39618492126464844,
                0.22645499999999999,
                0.13557,
                247192,
                247208,
                86133584302818,
                1,
                0
            ],
            "start_perf": [
                0.39614009857177734,
                0.22641,
                0.13557,
                247192,
                247208,
                1672498547.2020371,
                86133584180768
            ],
            "skipped": 1,
            "child_modules": {}
        },
        "uvm_custom_install_verdi_recording": {
            "end_perf": [
                0.39636993408203125,
                0.22664000000000001,
                0.13557,
                247192,
                247208,
                86133584826257,
                1,
                0
            ],
            "start_perf": [
                0.39632606506347656,
                0.22659599999999999,
                0.13557,
                247192,
                247208,
                1672498547.2022231,
                86133584699504
            ],
            "skipped": 1,
            "child_modules": {}
        },
        "lvc_i2c_pkg": {
            "end_perf": [
                0.3965609073638916,
                0.226831,
                0.13557,
                247192,
                247208,
                86133585354946,
                1,
                0
            ],
            "start_perf": [
                0.39651203155517578,
                0.22678200000000001,
                0.13557,
                247192,
                247208,
                1672498547.202409,
                86133585221024
            ],
            "skipped": 1,
            "child_modules": {}
        },
        "rkv_i2c_pkg": {
            "end_perf": [
                0.3966529369354248,
                0.22692300000000001,
                0.13557,
                247192,
                247208,
                86133585620059,
                1,
                0
            ],
            "start_perf": [
                0.39660811424255371,
                0.226879,
                0.13557,
                247192,
                247208,
                1672498547.2025051,
                86133585491628
            ],
            "skipped": 1,
            "child_modules": {}
        },
        "rkv_i2c_tb": {
            "end_perf": [
                0.39682507514953613,
                0.22709499999999999,
                0.13557,
                247192,
                247208,
                86133586093362,
                1,
                0
            ],
            "start_perf": [
                0.39676094055175781,
                0.22703000000000001,
                0.13557,
                247192,
                247208,
                1672498547.2026579,
                86133585959846
            ],
            "skipped": 1,
            "child_modules": {}
        },