{
    "ObjArchives": [],
    "Modules": {
        "...MASTER...": {
            "start_perf": [
                0.21943497657775879,
                0.14299899999999999,
                0.067294000000000007,
                246304,
                246320,
                1672923033.16471,
                52066687355246
            ],
            "child_modules": {
                "rkv_i2c_pkg": 1,
                "rkv_i2c_tb": 1,
                "uvm_pkg": 1,
                "vcs_paramclassrepository": 1,
                "vcs_paramclassrepository_67wvne": 1,
                "vcs_paramclassrepository_87QqAb": 1,
                "_vcs_unit__3820934895": 1,
                "lvc_i2c_pkg": 1,
                "uvm_custom_install_verdi_recording": 1,
                "uvm_custom_install_recording": 1,
                "std": 1,
                "vcs_paramclassrepository_UF52ed": 1,
                "_vcs_msglog": 1,
                "lvc_apb_pkg": 1,
                "vcs_paramclassrepository_vcsintf": 1
            },
            "nQuads": 0,
            "significant_routs": [
                [
                    1,
                    "SIM",
                    3419325,
                    201,
                    0
                ]
            ],
            "end_perf": [
                0.22788882255554199,
                0.14476600000000001,
                0.073880000000000001,
                247292,
                247312,
                52066711060441,
                0,
                0
            ],
            "nMops": 0,
            "nRouts": 5
        },
        "std": {
            "start_perf": [
                0.22856998443603516,
                0.14476600000000001,
                0.074484999999999996,
                247296,
                247312,
                1672923033.1738451,
                52066712900193
            ],
            "child_modules": {},
            "end_perf": [
                0.22862696647644043,
                0.14476600000000001,
                0.074543999999999999,
                247296,
                247312,
                52066712987129,
                1,
                0
            ],
            "skipped": 1
        },
        "uvm_custom_install_recording": {
            "start_perf": [
                0.22880387306213379,
                0.14476600000000001,
                0.074720999999999996,
                247296,
                247312,
                1672923033.1740789,
                52066713475584
            ],
            "child_modules": {},
            "end_perf": [
                0.22882795333862305,
                0.14476600000000001,
                0.074745000000000006,
                247296,
                247312,
                52066713541143,
                1,
                0
            ],
            "skipped": 1
        },
        "vcs_paramclassrepository_UF52ed": {
            "start_perf": [
                0.2292938232421875,
                0.14488400000000001,
                0.075092000000000006,
                247296,
                247312,
                1672923033.1745689,
                52066714851236
            ],
            "child_modules": {},
            "end_perf": [
                0.22932100296020508,
                0.14488400000000001,
                0.075120000000000006,
                247296,
                247312,
                52066714921661,
                1,
                0
            ],
            "skipped": 1
        },
        "_vcs_msglog": {
            "start_perf": [
                0.22870802879333496,
                0.14476600000000001,
                0.074624999999999997,
                247296,
                247312,
                1672923033.1739831,
                52066713208429
            ],
            "child_modules": {},
            "end_perf": [
                0.22873282432556152,
                0.14476600000000001,
                0.074648999999999993,
                247296,
                247312,
                52066713276180,
                1,
                0
            ],
            "skipped": 1
        },
        "vcs_paramclassrepository": {
            "start_perf": [
                0.2291419506072998,
                0.14488400000000001,
                0.074940000000000007,
                247296,
                247312,
                1672923033.174417,
                52066714634972
            ],
            "child_modules": {},
            "end_perf": [
                0.22925591468811035,
                0.14488400000000001,
                0.075053999999999996,
                247296,
                247312,
                52066714759093,
                1,
                0
            ],
            "skipped": 1
        },
        "rkv_i2c_tb": {
            "start_perf": [
                0.22904300689697266,
                0.144819,
                0.074906,
                247296,
                247312,
                1672923033.1743181,
                52066714145710
            ],
            "child_modules": {},
            "end_perf": [
                0.22906684875488281,
                0.14483499999999999,
                0.074913999999999994,
                247296,
                247312,
                52066714208760,
                1,
                0
            ],
            "skipped": 1
        },
        "rkv_i2c_pkg": {
            "start_perf": [
                0.22899389266967773,
                0.144787,
                0.074889999999999998,
                247296,
                247312,
                1672923033.174269,
                52066714007396
            ],
            "child_modules": {},
            "end_perf": [
                0.22901701927185059,
                0.14480199999999999,
                0.074898000000000006,
                247296,
                247312,
                52066714073078,
                1,
                0
            ],
            "skipped": 1
        },
        "uvm_pkg": {
            "start_perf": [
                0.22865986824035645,
                0.14476600000000001,
                0.074577000000000004,
                247296,
                247312,
                1672923033.1739349,
                52066713076758
            ],
            "child_modules": {},
            "end_perf": [
                0.22868490219116211,
                0.14476600000000001,
                0.074601000000000001,
                247296,
                247312,
                52066713142022,
                1,
                0
            ],
            "skipped": 1
        },
        "vcs_paramclassrepository_87QqAb": {
            "start_perf": [
                0.22934699058532715,
                0.14488400000000001,
                0.075145000000000003,
                247296,
                247312,
                1672923033.1746221,
                52066714992934
            ],
            "child_modules": {},
            "end_perf": [
                0.2293708324432373,
                0.14488400000000001,
                0.075170000000000001,
                247296,
                247312,
                52066715063606,
                1,
                0
            ],
            "skipped": 1
        },
        "_vcs_unit__3820934895": {
            "start_perf": [
                0.22875595092773438,
                0.14476600000000001,
                0.074673000000000003,
                247296,
                247312,
                1672923033.174031,
                52066713341700
            ],
            "child_modules": {},
            "end_perf": [
                0.22878003120422363,
                0.14476600000000001,
                0.074695999999999999,
                247296,
                247312,
                52066713409811,
                1,
                0
            ],
            "skipped": 1
        },