{
    "Modules": {
        "uvm_pkg": {
            "start_perf": [
                0.2189328670501709,
                0.14797299999999999,
                0.065311999999999995,
                247300,
                247316,
                1672925614.1447239,
                59276742500078
            ],
            "child_modules": {},
            "end_perf": [
                0.21895790100097656,
                0.14799100000000001,
                0.065320000000000003,
                247300,
                247316,
                59276742565504,
                1,
                0
            ],
            "skipped": 1
        },
        "...MASTER...": {
            "start_perf": [
                0.21393394470214844,
                0.14685200000000001,
                0.061433000000000001,
                246308,
                246324,
                1672925614.139725,
                59276728568800
            ],
            "nRouts": 5,
            "child_modules": {
                "rkv_i2c_tb": 1,
                "vcs_paramclassrepository": 1,
                "vcs_paramclassrepository_87QqAb": 1,
                "uvm_pkg": 1,
                "uvm_custom_install_verdi_recording": 1,
                "uvm_custom_install_recording": 1,
                "vcs_paramclassrepository_67wvne": 1,
                "vcs_paramclassrepository_vcsintf": 1,
                "_vcs_unit__3820934895": 1,
                "std": 1,
                "rkv_i2c_pkg": 1,
                "lvc_apb_pkg": 1,
                "_vcs_msglog": 1,
                "lvc_i2c_pkg": 1,
                "vcs_paramclassrepository_UF52ed": 1
            },
            "nQuads": 0,
            "end_perf": [
                0.21857595443725586,
                0.147725,
                0.065201999999999996,
                247296,
                247316,
                59276741565326,
                0,
                0
            ],
            "nMops": 0
        },
        "vcs_paramclassrepository_vcsintf": {
            "start_perf": [
                0.21953606605529785,
                0.148031,
                0.065801999999999999,
                247300,
                247316,
                1672925614.1453271,
                59276744199198
            ],
            "child_modules": {},
            "end_perf": [
                0.21956801414489746,
                0.148031,
                0.065834000000000004,
                247300,
                247316,
                59276744279386,
                1,
                0
            ],
            "skipped": 1
        },
        "std": {
            "start_perf": [
                0.21886587142944336,
                0.147926,
                0.065291000000000002,
                247300,
                247316,
                1672925614.1446569,
                59276742334875
            ],
            "child_modules": {},
            "end_perf": [
                0.2189030647277832,
                0.147952,
                0.065303,
                247300,
                247316,
                59276742416679,
                1,
                0
            ],
            "skipped": 1
        },
        "_vcs_unit__3820934895": {
            "start_perf": [
                0.21916508674621582,
                0.148031,
                0.065431000000000003,
                247300,
                247316,
                1672925614.1449561,
                59276743152149
            ],
            "child_modules": {},
            "end_perf": [
                0.21919703483581543,
                0.148031,
                0.065462999999999993,
                247300,
                247316,
                59276743236218,
                1,
                0
            ],
            "skipped": 1
        },
        "_vcs_msglog": {
            "start_perf": [
                0.21898198127746582,
                0.148007,
                0.065326999999999996,
                247300,
                247316,
                1672925614.144773,
                59276742661933
            ],
            "child_modules": {},
            "end_perf": [
                0.21911406517028809,
                0.148031,
                0.065337000000000006,
                247300,
                247316,
                59276743057524,
                1,
                0
            ],
            "skipped": 1
        },
        "lvc_apb_pkg": {
            "start_perf": [
                0.21932291984558105,
                0.148031,
                0.065588999999999995,
                247300,
                247316,
                1672925614.1451139,
                59276743587111
            ],
            "child_modules": {},
            "end_perf": [
                0.21934700012207031,
                0.148031,
                0.065613000000000005,
                247300,
                247316,
                59276743652858,
                1,
                0
            ],
            "skipped": 1
        },
        "vcs_paramclassrepository_67wvne": {
            "start_perf": [
                0.21982598304748535,
                0.148031,
                0.066091999999999998,
                247300,
                247316,
                1672925614.145617,
                59276745001026
            ],
            "child_modules": {},
            "end_perf": [
                0.21985507011413574,
                0.148031,
                0.066120999999999999,
                247300,
                247316,
                59276745082582,
                1,
                0
            ],
            "skipped": 1
        },
        "uvm_custom_install_recording": {
            "start_perf": [
                0.21922397613525391,
                0.148031,
                0.065490000000000007,
                247300,
                247316,
                1672925614.145015,
                59276743309227
            ],
            "child_modules": {},
            "end_perf": [
                0.21924805641174316,
                0.148031,
                0.065515000000000004,
                247300,
                247316,
                59276743378062,
                1,
                0
            ],
            "skipped": 1
        },
        "uvm_custom_install_verdi_recording": {
            "start_perf": [
                0.21927309036254883,
                0.148031,
                0.065539,
                247300,
                247316,
                1672925614.1450641,
                59276743448973
            ],
            "child_modules": {},
            "end_perf": [
                0.2192990779876709,
                0.148031,
                0.065564999999999998,
                247300,
                247316,
                59276743519257,
                1,
                0
            ],
            "skipped": 1
        },
        "lvc_i2c_pkg": {
            "start_perf": [
                0.21937108039855957,
                0.148031,
                0.065637000000000001,
                247300,
                247316,
                1672925614.1451621,
                59276743720119
            ],
            "child_modules": {},
            "end_perf": [
                0.21939587593078613,
                0.148031,
                0.065662999999999999,
                247300,
                247316,
                59276743790709,
                1,
                0
            ],
            "skipped": 1
        },
        "rkv_i2c_pkg": {
            "start_perf": [
                0.2194218635559082,
                0.148031,
                0.065687999999999996,
                247300,
                247316,
                1672925614.1452129,
                59276743866715
            ],
            "child_modules": {},