{
    "Modules": {
        "...MASTER...": {
            "nRouts": 5,
            "start_perf": [
                0.37941193580627441,
                0.23953099999999999,
                0.16067300000000001,
                246192,
                246208,
                1672490239.7896609,
                62926445521245
            ],
            "child_modules": {
                "vcs_paramclassrepository_UF52ed": 1,
                "rkv_i2c_tb": 1,
                "uvm_custom_install_verdi_recording": 1,
                "vcs_paramclassrepository_67wvne": 1,
                "_vcs_unit__3820934895": 1,
                "vcs_paramclassrepository_87QqAb": 1,
                "vcs_paramclassrepository_vcsintf": 1,
                "uvm_pkg": 1,
                "uvm_custom_install_recording": 1,
                "vcs_paramclassrepository": 1,
                "std": 1,
                "rkv_i2c_pkg": 1,
                "lvc_apb_pkg": 1,
                "_vcs_msglog": 1,
                "lvc_i2c_pkg": 1
            },
            "nMops": 0,
            "end_perf": [
                0.3838350772857666,
                0.24124599999999999,
                0.163355,
                247180,
                247200,
                62926457908335,
                0,
                0
            ],
            "nQuads": 0
        },
        "std": {
            "start_perf": [
                0.38415002822875977,
                0.24143500000000001,
                0.16348299999999999,
                247184,
                247200,
                1672490239.794399,
                62926458746367
            ],
            "child_modules": {},
            "end_perf": [
                0.38418698310852051,
                0.241457,
                0.163497,
                247184,
                247200,
                62926458827840,
                1,
                0
            ],
            "skipped": 1
        },
        "vcs_paramclassrepository_vcsintf": {
            "start_perf": [
                0.38483309745788574,
                0.24169299999999999,
                0.163907,
                247184,
                247200,
                1672490239.7950821,
                62926460632517
            ],
            "child_modules": {},
            "end_perf": [
                0.38486194610595703,
                0.24169299999999999,
                0.163937,
                247184,
                247200,
                62926460711453,
                1,
                0
            ],
            "skipped": 1
        },
        "uvm_pkg": {
            "start_perf": [
                0.3842160701751709,
                0.24147399999999999,
                0.16350899999999999,
                247184,
                247200,
                1672490239.7944651,
                62926458906800
            ],
            "child_modules": {},
            "end_perf": [
                0.38424301147460938,
                0.24149000000000001,
                0.16352,
                247184,
                247200,
                62926458980665,
                1,
                0
            ],
            "skipped": 1
        },
        "_vcs_msglog": {
            "start_perf": [
                0.38426709175109863,
                0.241505,
                0.16353000000000001,
                247184,
                247200,
                1672490239.7945161,
                62926459051464
            ],
            "child_modules": {},
            "end_perf": [
                0.3842918872833252,
                0.24152000000000001,
                0.16353999999999999,
                247184,
                247200,
                62926459117441,
                1,
                0
            ],
            "skipped": 1
        },
        "lvc_apb_pkg": {
            "start_perf": [
                0.3844609260559082,
                0.24162,
                0.163608,
                247184,
                247200,
                1672490239.7947099,
                62926459587551
            ],
            "child_modules": {},
            "end_perf": [
                0.38448405265808105,
                0.24163399999999999,
                0.16361700000000001,
                247184,
                247200,
                62926459651857,
                1,
                0
            ],
            "skipped": 1
        },
        "vcs_paramclassrepository_67wvne": {
            "start_perf": [
                0.38503503799438477,
                0.24169299999999999,
                0.16411000000000001,
                247184,
                247200,
                1672490239.795284,
                62926461192968
            ],
            "child_modules": {},
            "end_perf": [
                0.38506007194519043,
                0.24169299999999999,
                0.164134,
                247184,
                247200,
                62926461261146,
                1,
                0
            ],
            "skipped": 1
        },
        "_vcs_unit__3820934895": {
            "start_perf": [
                0.38431596755981445,
                0.241534,
                0.16355,
                247184,
                247200,
                1672490239.794565,
                62926459183306
            ],
            "child_modules": {},
            "end_perf": [
                0.3843390941619873,
                0.24154800000000001,
                0.16355900000000001,
                247184,
                247200,
                62926459248681,
                1,
                0
            ],
            "skipped": 1
        },
        "vcs_paramclassrepository": {
            "start_perf": [
                0.38488888740539551,
                0.24169299999999999,
                0.163963,
                247184,
                247200,
                1672490239.7951379,
                62926460784410
            ],
            "child_modules": {},
            "end_perf": [
                0.38491201400756836,
                0.24169299999999999,
                0.16398699999999999,
                247184,
                247200,
                62926460850045,
                1,
                0
            ],
            "skipped": 1
        },
        "uvm_custom_install_recording": {
            "start_perf": [
                0.38436388969421387,
                0.241563,
                0.16356899999999999,
                247184,
                247200,
                1672490239.7946129,
                62926459318826
            ],
            "child_modules": {},
            "end_perf": [
                0.38438796997070312,
                0.24157699999999999,
                0.163579,
                247184,
                247200,
                62926459383444,
                1,
                0
            ],
            "skipped": 1
        },
        "vcs_paramclassrepository_UF52ed": {
            "start_perf": [
                0.38493609428405762,
                0.24169299999999999,
                0.16401099999999999,
                247184,
                247200,
                1672490239.7951851,
                62926460920293
            ],
            "child_modules": {},
            "end_perf": [
                0.38496088981628418,
                0.24169299999999999,
                0.16403599999999999,
                247184,
                247200,
                62926460984772,
                1,
                0
            ],
            "skipped": 1
        },
        "rkv_i2c_tb": {
            "start_perf": [
                0.38470196723937988,
                0.24169299999999999,
                0.163776,
                247184,
                247200,
                1672490239.794951,
                62926460428789
            ],
            "child_modules": {},