{
    "Modules": {
        "_vcs_msglog": {
            "start_perf": [
                0.30006885528564453,
                0.18474399999999999,
                0.079635999999999998,
                247192,
                247208,
                1672753615.085295,
                76605483463141
            ],
            "child_modules": {},
            "end_perf": [
                0.30009293556213379,
                0.18474399999999999,
                0.079659999999999995,
                247192,
                247208,
                76605483528888,
                1,
                0
            ],
            "skipped": 1
        },
        "uvm_custom_install_recording": {
            "start_perf": [
                0.30016589164733887,
                0.18474399999999999,
                0.079732999999999998,
                247192,
                247208,
                1672753615.085392,
                76605483822150
            ],
            "child_modules": {},
            "end_perf": [
                0.30022478103637695,
                0.18477099999999999,
                0.079764000000000002,
                247192,
                247208,
                76605483905372,
                1,
                0
            ],
            "skipped": 1
        },
        "uvm_custom_install_verdi_recording": {
            "start_perf": [
                0.30025577545166016,
                0.18479300000000001,
                0.079773999999999998,
                247192,
                247208,
                1672753615.0854819,
                76605483988742
            ],
            "child_modules": {},
            "end_perf": [
                0.30035686492919922,
                0.184862,
                0.079804,
                247192,
                247208,
                76605484463213,
                1,
                0
            ],
            "skipped": 1
        },
        "vcs_paramclassrepository_UF52ed": {
            "start_perf": [
                0.30113983154296875,
                0.18512100000000001,
                0.080329999999999999,
                247192,
                247208,
                1672753615.0863659,
                76605486455161
            ],
            "child_modules": {},
            "end_perf": [
                0.30116891860961914,
                0.18512100000000001,
                0.080359,
                247192,
                247208,
                76605486534079,
                1,
                0
            ],
            "skipped": 1
        },
        "...MASTER...": {
            "start_perf": [
                0.29513883590698242,
                0.18474399999999999,
                0.074704999999999994,
                246200,
                246216,
                1672753615.0803649,
                76605469751277
            ],
            "nQuads": 0,
            "child_modules": {
                "rkv_i2c_tb": 1,
                "vcs_paramclassrepository_87QqAb": 1,
                "lvc_i2c_pkg": 1,
                "vcs_paramclassrepository_67wvne": 1,
                "lvc_apb_pkg": 1,
                "uvm_pkg": 1,
                "_vcs_msglog": 1,
                "uvm_custom_install_recording": 1,
                "uvm_custom_install_verdi_recording": 1,
                "vcs_paramclassrepository": 1,
                "std": 1,
                "rkv_i2c_pkg": 1,
                "_vcs_unit__3820934895": 1,
                "vcs_paramclassrepository_vcsintf": 1,
                "vcs_paramclassrepository_UF52ed": 1
            },
            "nMops": 0,
            "end_perf": [
                0.29965090751647949,
                0.18474399999999999,
                0.079215999999999995,
                247188,
                247208,
                76605482370312,
                0,
                0
            ],
            "nRouts": 5
        },
        "vcs_paramclassrepository": {
            "start_perf": [
                0.30107688903808594,
                0.18512100000000001,
                0.080266000000000004,
                247192,
                247208,
                1672753615.086303,
                76605486299657
            ],
            "child_modules": {},
            "end_perf": [
                0.30111289024353027,
                0.18512100000000001,
                0.080302999999999999,
                247192,
                247208,
                76605486380660,
                1,
                0
            ],
            "skipped": 1
        },
        "std": {
            "start_perf": [
                0.29995083808898926,
                0.18474399999999999,
                0.079518000000000005,
                247192,
                247208,
                1672753615.0851769,
                76605483158398
            ],
            "child_modules": {},
            "end_perf": [
                0.29998779296875,
                0.18474399999999999,
                0.079555000000000001,
                247192,
                247208,
                76605483240264,
                1,
                0
            ],
            "skipped": 1
        },
        "uvm_pkg": {
            "start_perf": [
                0.3000178337097168,
                0.18474399999999999,
                0.079585000000000003,
                247192,
                247208,
                1672753615.0852439,
                76605483320241
            ],
            "child_modules": {},
            "end_perf": [
                0.30004477500915527,
                0.18474399999999999,
                0.079612000000000002,
                247192,
                247208,
                76605483394655,
                1,
                0
            ],
            "skipped": 1
        },
        "lvc_apb_pkg": {
            "start_perf": [
                0.30045890808105469,
                0.18493399999999999,
                0.079835000000000003,
                247192,
                247208,
                1672753615.085685,
                76605484588911
            ],
            "child_modules": {},
            "end_perf": [
                0.30049991607666016,
                0.18496299999999999,
                0.079847000000000001,
                247192,
                247208,
                76605484689117,
                1,
                0
            ],
            "skipped": 1
        },
        "rkv_i2c_pkg": {
            "start_perf": [
                0.3006129264831543,
                0.18504300000000001,
                0.079880999999999994,
                247192,
                247208,
                1672753615.085839,
                76605485011450
            ],
            "child_modules": {},
            "end_perf": [
                0.30064892768859863,
                0.18506800000000001,
                0.079892000000000005,
                247192,
                247208,
                76605485113195,
                1,
                0
            ],
            "skipped": 1
        },
        "_vcs_unit__3820934895": {
            "start_perf": [
                0.30011677742004395,
                0.18474399999999999,
                0.079684000000000005,
                247192,
                247208,
                1672753615.0853429,
                76605483596212
            ],
            "child_modules": {},
            "end_perf": [
                0.3001408576965332,
                0.18474399999999999,
                0.079708000000000001,
                247192,
                247208,
                76605483662265,
                1,
                0
            ],
            "skipped": 1
        },