{
    "Modules": {
        "...MASTER...": {
            "nMops": 0,
            "nQuads": 0,
            "start_perf": [
                0.21041107177734375,
                0.15210399999999999,
                0.051971000000000003,
                246308,
                246324,
                1672925737.590544,
                59621592619486
            ],
            "child_modules": {
                "rkv_i2c_tb": 1,
                "uvm_pkg": 1,
                "std": 1,
                "vcs_paramclassrepository": 1,
                "rkv_i2c_pkg": 1,
                "vcs_paramclassrepository_87QqAb": 1,
                "vcs_paramclassrepository_vcsintf": 1,
                "uvm_custom_install_verdi_recording": 1,
                "_vcs_msglog": 1,
                "vcs_paramclassrepository_67wvne": 1,
                "vcs_paramclassrepository_UF52ed": 1,
                "_vcs_unit__3820934895": 1,
                "uvm_custom_install_recording": 1,
                "lvc_apb_pkg": 1,
                "lvc_i2c_pkg": 1
            },
            "end_perf": [
                0.21500110626220703,
                0.15295400000000001,
                0.055710999999999997,
                247296,
                247316,
                59621605467048,
                0,
                0
            ],
            "nRouts": 5
        },
        "rkv_i2c_tb": {
            "start_perf": [
                0.21583700180053711,
                0.15366299999999999,
                0.055839,
                247300,
                247316,
                1672925737.5959699,
                59621607741911
            ],
            "child_modules": {},
            "skipped": 1,
            "end_perf": [
                0.21586298942565918,
                0.15368899999999999,
                0.055839,
                247300,
                247316,
                59621607811263,
                1,
                0
            ]
        },
        "std": {
            "start_perf": [
                0.21528816223144531,
                0.15316399999999999,
                0.055787999999999997,
                247300,
                247316,
                1672925737.5954211,
                59621606229366
            ],
            "child_modules": {},
            "skipped": 1,
            "end_perf": [
                0.21532511711120605,
                0.15319099999999999,
                0.055798,
                247300,
                247316,
                59621606311928,
                1,
                0
            ]
        },
        "uvm_pkg": {
            "start_perf": [
                0.21535515785217285,
                0.15321399999999999,
                0.055806000000000001,
                247300,
                247316,
                1672925737.5954881,
                59621606398776
            ],
            "child_modules": {},
            "skipped": 1,
            "end_perf": [
                0.21538209915161133,
                0.15323300000000001,
                0.055813000000000001,
                247300,
                247316,
                59621606465976,
                1,
                0
            ]
        },
        "uvm_custom_install_recording": {
            "start_perf": [
                0.21557211875915527,
                0.153396,
                0.055839,
                247300,
                247316,
                1672925737.595705,
                59621607034567
            ],
            "child_modules": {},
            "skipped": 1,
            "end_perf": [
                0.21561217308044434,
                0.15343699999999999,
                0.055839,
                247300,
                247316,
                59621607112907,
                1,
                0
            ]
        },
        "vcs_paramclassrepository_67wvne": {
            "start_perf": [
                0.21608805656433105,
                0.15391299999999999,
                0.055839,
                247300,
                247316,
                1672925737.596221,
                59621608438094
            ],
            "child_modules": {},
            "skipped": 1,
            "end_perf": [
                0.21611213684082031,
                0.15393799999999999,
                0.055839,
                247300,
                247316,
                59621608508039,
                1,
                0
            ]
        },
        "_vcs_msglog": {
            "start_perf": [
                0.21540617942810059,
                0.153251,
                0.055820000000000002,
                247300,
                247316,
                1672925737.5955391,
                59621606534508
            ],
            "child_modules": {},
            "skipped": 1,
            "end_perf": [
                0.21543002128601074,
                0.15326899999999999,
                0.055826000000000001,
                247300,
                247316,
                59621606601642,
                1,
                0
            ]
        },
        "vcs_paramclassrepository_UF52ed": {
            "start_perf": [
                0.21598720550537109,
                0.15381300000000001,
                0.055839,
                247300,
                247316,
                1672925737.5961201,
                59621608161675
            ],
            "child_modules": {},
            "skipped": 1,
            "end_perf": [
                0.21601200103759766,
                0.153838,
                0.055839,
                247300,
                247316,
                59621608231075,
                1,
                0
            ]
        },
        "_vcs_unit__3820934895": {
            "start_perf": [
                0.2154541015625,
                0.15328600000000001,
                0.055832,
                247300,
                247316,
                1672925737.595587,
                59621606668869
            ],
            "child_modules": {},
            "skipped": 1,
            "end_perf": [
                0.21547913551330566,
                0.153305,
                0.055839,
                247300,
                247316,
                59621606740900,
                1,
                0
            ]
        },
        "vcs_paramclassrepository_vcsintf": {
            "start_perf": [
                0.21588706970214844,
                0.15371299999999999,
                0.055839,
                247300,
                247316,
                1672925737.59602,
                59621607884520
            ],
            "child_modules": {},
            "skipped": 1,
            "end_perf": [
                0.21591401100158691,
                0.15373999999999999,
                0.055839,
                247300,
                247316,
                59621607953258,
                1,
                0
            ]
        },
        "uvm_custom_install_verdi_recording": {
            "start_perf": [
                0.21563816070556641,
                0.15346399999999999,
                0.055839,
                247300,
                247316,
                1672925737.5957711,
                59621607184977
            ],
            "child_modules": {},
            "skipped": 1,
            "end_perf": [
                0.21566319465637207,
                0.15348800000000001,
                0.055839,
                247300,
                247316,
                59621607251974,
                1,
                0
            ]
        },
        "lvc_apb_pkg": {
            "start_perf": [
                0.21568703651428223,
                0.15351300000000001,
                0.055839,
                247300,
                247316,
                1672925737.59582,
                59621607319771
            ],
            "child_modules": {},
            "skipped": 1,