{
    "ObjArchives": [],
    "Modules": {
        "vcs_paramclassrepository_67wvne": {
            "start_perf": [
                0.26668691635131836,
                0.15427399999999999,
                0.104172,
                247192,
                247208,
                1672754972.119457,
                80396420822760
            ],
            "child_modules": {},
            "end_perf": [
                0.26671290397644043,
                0.15427399999999999,
                0.104198,
                247192,
                247208,
                80396420938765,
                1,
                0
            ],
            "skipped": 1
        },
        "rkv_i2c_pkg": {
            "start_perf": [
                0.26632499694824219,
                0.15427399999999999,
                0.10381,
                247192,
                247208,
                1672754972.1190951,
                80396419812305
            ],
            "child_modules": {},
            "end_perf": [
                0.26634883880615234,
                0.15427399999999999,
                0.103834,
                247192,
                247208,
                80396419938696,
                1,
                0
            ],
            "skipped": 1
        },
        "_vcs_msglog": {
            "start_perf": [
                0.26596879959106445,
                0.15423100000000001,
                0.10349700000000001,
                247192,
                247208,
                1672754972.1187389,
                80396418818139
            ],
            "child_modules": {},
            "end_perf": [
                0.26599287986755371,
                0.15424599999999999,
                0.103507,
                247192,
                247208,
                80396418884758,
                1,
                0
            ],
            "skipped": 1
        },
        "rkv_i2c_tb": {
            "start_perf": [
                0.26639986038208008,
                0.15427399999999999,
                0.103884,
                247192,
                247208,
                1672754972.11917,
                80396420034244
            ],
            "child_modules": {},
            "end_perf": [
                0.26642990112304688,
                0.15427399999999999,
                0.10391499999999999,
                247192,
                247208,
                80396420105903,
                1,
                0
            ],
            "skipped": 1
        },
        "...MASTER...": {
            "nMops": 0,
            "start_perf": [
                0.25975489616394043,
                0.15026800000000001,
                0.101341,
                246200,
                246216,
                1672754972.112525,
                80396401504302
            ],
            "child_modules": {
                "_vcs_msglog": 1,
                "rkv_i2c_pkg": 1,
                "vcs_paramclassrepository_67wvne": 1,
                "rkv_i2c_tb": 1,
                "vcs_paramclassrepository_87QqAb": 1,
                "uvm_pkg": 1,
                "uvm_custom_install_verdi_recording": 1,
                "std": 1,
                "vcs_paramclassrepository_vcsintf": 1,
                "lvc_i2c_pkg": 1,
                "vcs_paramclassrepository": 1,
                "_vcs_unit__3820934895": 1,
                "lvc_apb_pkg": 1,
                "uvm_custom_install_recording": 1,
                "vcs_paramclassrepository_UF52ed": 1
            },
            "end_perf": [
                0.26525092124938965,
                0.153835,
                0.103231,
                247188,
                247208,
                80396416895713,
                0,
                0
            ],
            "nRouts": 5,
            "nQuads": 0
        },
        "std": {
            "start_perf": [
                0.26583480834960938,
                0.15415000000000001,
                0.10344299999999999,
                247192,
                247208,
                1672754972.1186049,
                80396418492146
            ],
            "child_modules": {},
            "end_perf": [
                0.2658839225769043,
                0.15418000000000001,
                0.103463,
                247192,
                247208,
                80396418586356,
                1,
                0
            ],
            "skipped": 1
        },
        "uvm_pkg": {
            "start_perf": [
                0.26591587066650391,
                0.1542,
                0.103476,
                247192,
                247208,
                1672754972.118686,
                80396418673762
            ],
            "child_modules": {},
            "end_perf": [
                0.26594400405883789,
                0.15421599999999999,
                0.103487,
                247192,
                247208,
                80396418748977,
                1,
                0
            ],
            "skipped": 1
        },
        "_vcs_unit__3820934895": {
            "start_perf": [
                0.26601696014404297,
                0.15426000000000001,
                0.103516,
                247192,
                247208,
                1672754972.1187871,
                80396418952288
            ],
            "child_modules": {},
            "end_perf": [
                0.26604080200195312,
                0.15427399999999999,
                0.10352600000000001,
                247192,
                247208,
                80396419139854,
                1,
                0
            ],
            "skipped": 1
        },
        "uvm_custom_install_recording": {
            "start_perf": [
                0.26611781120300293,
                0.15427399999999999,
                0.103602,
                247192,
                247208,
                1672754972.1188879,
                80396419249430
            ],
            "child_modules": {},
            "end_perf": [
                0.26614999771118164,
                0.15427399999999999,
                0.103635,
                247192,
                247208,
                80396419322420,
                1,
                0
            ],
            "skipped": 1
        },
        "lvc_apb_pkg": {
            "start_perf": [
                0.26622390747070312,
                0.15427399999999999,
                0.103709,
                247192,
                247208,
                1672754972.118994,
                80396419533628
            ],
            "child_modules": {},
            "end_perf": [
                0.26624894142150879,
                0.15427399999999999,
                0.10373400000000001,
                247192,
                247208,
                80396419599799,
                1,
                0
            ],
            "skipped": 1
        },
        "uvm_custom_install_verdi_recording": {
            "start_perf": [
                0.26617598533630371,
                0.15427399999999999,
                0.103661,
                247192,
                247208,
                1672754972.1189461,
                80396419396089
            ],
            "child_modules": {},
            "end_perf": [
                0.26619982719421387,
                0.15427399999999999,
                0.103685,
                247192,
                247208,
                80396419461882,
                1,
                0
            ],
            "skipped": 1
        },
        "vcs_paramclassrepository": {
            "start_perf": [
                0.26650691032409668,
                0.15427399999999999,
                0.103992,
                247192,
                247208,
                1672754972.119277,
                80396420318688
            ],
            "child_modules": {},