{
    "stat": {
        "ru_self_end": {
            "ru_maxrss_kb": 74440,
            "ru_stime_sec": 0.12679699999999999,
            "ru_utime_sec": 0.14759900000000001,
            "ru_minflt": 28956,
            "ru_majflt": 16,
            "ru_nvcsw": 50,
            "ru_nivcsw": 6
        },
        "ru_childs_end": {
            "ru_maxrss_kb": 30028,
            "ru_stime_sec": 0.041202000000000003,
            "ru_utime_sec": 0.017541000000000001,
            "ru_minflt": 10624,
            "ru_majflt": 0,
            "ru_nvcsw": 25,
            "ru_nivcsw": 23
        },
        "cpu_cycles_end": 63785668863305,
        "peak_mem_kb": 247104
    },
    "reusePaths": {},
    "CompUnits": {
        "SIM_d": {
            "mod": "...MASTER...",
            "checksum": 4294967295,
            "out": "objs/SIM_d.o",
            "mode": 4,
            "bytes": 12848,
            "text": 430
        }
    },
    "Modules": {
        "vcs_paramclassrepository_67wvne": {
            "start_perf": [
                0.27280092239379883,
                0.14640600000000001,
                0.118448,
                247076,
                247092,
                1672065657.073755,
                63785640077385
            ],
            "skipped": 1,
            "end_perf": [
                0.27282881736755371,
                0.14640600000000001,
                0.118476,
                247076,
                247092,
                63785640153941,
                1,
                0
            ],
            "child_modules": {}
        },
        "...MASTER...": {
            "nQuads": 0,
            "start_perf": [
                0.2664039134979248,
                0.14272799999999999,
                0.115978,
                246084,
                246100,
                1672065657.067358,
                63785622273303
            ],
            "end_perf": [
                0.27132582664489746,
                0.14616999999999999,
                0.11733300000000001,
                247072,
                247092,
                63785636022096,
                0,
                0
            ],
            "child_modules": {
                "rkv_i2c_tb": 1,
                "vcs_paramclassrepository_87QqAb": 1,
                "_vcs_msglog": 1,
                "uvm_pkg": 1,
                "_vcs_unit__3820934895": 1,
                "lvc_i2c_pkg": 1,
                "vcs_paramclassrepository": 1,
                "uvm_custom_install_verdi_recording": 1,
                "std": 1,
                "vcs_paramclassrepository_67wvne": 1,
                "vcs_paramclassrepository_UF52ed": 1,
                "rkv_i2c_pkg": 1,
                "uvm_custom_install_recording": 1,
                "lvc_apb_pkg": 1,
                "vcs_paramclassrepository_vcsintf": 1
            },
            "nMops": 0,
            "nRouts": 5
        },
        "lvc_apb_pkg": {
            "start_perf": [
                0.27229881286621094,
                0.14640600000000001,
                0.117946,
                247076,
                247092,
                1672065657.0732529,
                63785638672701
            ],
            "skipped": 1,
            "end_perf": [
                0.27232789993286133,
                0.14640600000000001,
                0.117975,
                247076,
                247092,
                63785638757325,
                1,
                0
            ],
            "child_modules": {}
        },
        "std": {
            "start_perf": [
                0.27187681198120117,
                0.14640600000000001,
                0.117523,
                247076,
                247092,
                1672065657.0728309,
                63785637646088
            ],
            "skipped": 1,
            "end_perf": [
                0.27196693420410156,
                0.14640600000000001,
                0.117613,
                247076,
                247092,
                63785637752760,
                1,
                0
            ],
            "child_modules": {}
        },
        "uvm_custom_install_verdi_recording": {
            "start_perf": [
                0.27223992347717285,
                0.14640600000000001,
                0.11788700000000001,
                247076,
                247092,
                1672065657.073194,
                63785638512993
            ],
            "skipped": 1,
            "end_perf": [
                0.27226996421813965,
                0.14640600000000001,
                0.11791600000000001,
                247076,
                247092,
                63785638589801,
                1,
                0
            ],
            "child_modules": {}
        },
        "uvm_pkg": {
            "start_perf": [
                0.27200484275817871,
                0.14640600000000001,
                0.11765100000000001,
                247076,
                247092,
                1672065657.0729589,
                63785637869909
            ],
            "skipped": 1,
            "end_perf": [
                0.27204179763793945,
                0.14640600000000001,
                0.117689,
                247076,
                247092,
                63785637944195,
                1,
                0
            ],
            "child_modules": {}
        },
        "_vcs_msglog": {
            "start_perf": [
                0.27206683158874512,
                0.14640600000000001,
                0.117713,
                247076,
                247092,
                1672065657.0730209,
                63785638012096
            ],
            "skipped": 1,
            "end_perf": [
                0.27209091186523438,
                0.14640600000000001,
                0.117738,
                247076,
                247092,
                63785638080900,
                1,
                0
            ],
            "child_modules": {}
        },
        "_vcs_unit__3820934895": {
            "start_perf": [
                0.27211594581604004,
                0.14640600000000001,
                0.11776300000000001,
                247076,
                247092,
                1672065657.07307,
                63785638185541
            ],
            "skipped": 1,
            "end_perf": [
                0.27215290069580078,
                0.14640600000000001,
                0.117799,
                247076,
                247092,
                63785638263653,
                1,
                0
            ],
            "child_modules": {}
        },
        "uvm_custom_install_recording": {
            "start_perf": [
                0.27218079566955566,
                0.14640600000000001,
                0.117827,
                247076,
                247092,
                1672065657.0731349,
                63785638342953
            ],
            "skipped": 1,
            "end_perf": [
                0.27221083641052246,
                0.14640600000000001,
                0.117857,
                247076,
                247092,
                63785638424637,
                1,
                0
            ],
            "child_modules": {}
        },
        "vcs_paramclassrepository": {
            "start_perf": [
                0.2726287841796875,
                0.14640600000000001,
                0.11827500000000001,
                247076,
                247092,
                1672065657.0735829,
                63785639595121
            ],
            "skipped": 1,
            "end_perf": [
                0.2726588249206543,
                0.14640600000000001,
                0.11830499999999999,
                247076,
                247092,
                63785639677633,
                1,
                0
            ],
            "child_modules": {}
        },