{
    "Modules": {
        "uvm_custom_install_recording": {
            "end_perf": [
                0.21815991401672363,
                0.155225,
                0.066525000000000001,
                247192,
                247208,
                82848998438012,
                1,
                0
            ],
            "child_modules": {},
            "start_perf": [
                0.21813797950744629,
                0.15520900000000001,
                0.066517999999999994,
                247192,
                247208,
                1672497371.425478,
                82848998222991
            ],
            "skipped": 1
        },
        "vcs_paramclassrepository_vcsintf": {
            "end_perf": [
                0.21853208541870117,
                0.155225,
                0.066896999999999998,
                247192,
                247208,
                82848999329056,
                1,
                0
            ],
            "child_modules": {},
            "start_perf": [
                0.2185060977935791,
                0.155225,
                0.066869999999999999,
                247192,
                247208,
                1672497371.4258461,
                82848999259251
            ],
            "skipped": 1
        },
        "...MASTER...": {
            "nMops": 0,
            "end_perf": [
                0.21763110160827637,
                0.15485299999999999,
                0.066364999999999993,
                247188,
                247208,
                82848996886719,
                0,
                0
            ],
            "child_modules": {
                "_vcs_msglog": 1,
                "rkv_i2c_tb": 1,
                "_vcs_unit__3820934895": 1,
                "lvc_apb_pkg": 1,
                "vcs_paramclassrepository_87QqAb": 1,
                "uvm_pkg": 1,
                "uvm_custom_install_verdi_recording": 1,
                "vcs_paramclassrepository_67wvne": 1,
                "std": 1,
                "vcs_paramclassrepository": 1,
                "rkv_i2c_pkg": 1,
                "uvm_custom_install_recording": 1,
                "vcs_paramclassrepository_UF52ed": 1,
                "lvc_i2c_pkg": 1,
                "vcs_paramclassrepository_vcsintf": 1
            },
            "start_perf": [
                0.21317505836486816,
                0.15324599999999999,
                0.063516000000000003,
                246200,
                246216,
                1672497371.4205151,
                82848984379556
            ],
            "nQuads": 0,
            "nRouts": 5
        },
        "vcs_paramclassrepository_67wvne": {
            "end_perf": [
                0.21872591972351074,
                0.155225,
                0.067090999999999998,
                247192,
                247208,
                82848999867614,
                1,
                0
            ],
            "child_modules": {},
            "start_perf": [
                0.21870088577270508,
                0.155225,
                0.067065,
                247192,
                247208,
                1672497371.4260409,
                82848999797847
            ],
            "skipped": 1
        },
        "std": {
            "end_perf": [
                0.21796488761901855,
                0.155088,
                0.066465999999999997,
                247192,
                247208,
                82848997746084,
                1,
                0
            ],
            "child_modules": {},
            "start_perf": [
                0.21793007850646973,
                0.15506300000000001,
                0.066455,
                247192,
                247208,
                1672497371.4252701,
                82848997667710
            ],
            "skipped": 1
        },
        "uvm_pkg": {
            "end_perf": [
                0.21801996231079102,
                0.15512599999999999,
                0.066481999999999999,
                247192,
                247208,
                82848997895097,
                1,
                0
            ],
            "child_modules": {},
            "start_perf": [
                0.21799397468566895,
                0.155108,
                0.066474000000000005,
                247192,
                247208,
                1672497371.425334,
                82848997822969
            ],
            "skipped": 1
        },
        "rkv_i2c_tb": {
            "end_perf": [
                0.21848392486572266,
                0.155225,
                0.066848000000000005,
                247192,
                247208,
                82848999189336,
                1,
                0
            ],
            "child_modules": {},
            "start_perf": [
                0.21845889091491699,
                0.155225,
                0.066822999999999994,
                247192,
                247208,
                1672497371.4257989,
                82848999124335
            ],
            "skipped": 1
        },
        "_vcs_msglog": {
            "end_perf": [
                0.21806693077087402,
                0.15515899999999999,
                0.066497000000000001,
                247192,
                247208,
                82848998025765,
                1,
                0
            ],
            "child_modules": {},
            "start_perf": [
                0.21804404258728027,
                0.155143,
                0.066489999999999994,
                247192,
                247208,
                1672497371.425384,
                82848997961734
            ],
            "skipped": 1
        },
        "_vcs_unit__3820934895": {
            "end_perf": [
                0.21811294555664062,
                0.155191,
                0.06651,
                247192,
                247208,
                82848998154344,
                1,
                0
            ],
            "child_modules": {},
            "start_perf": [
                0.21809005737304688,
                0.15517500000000001,
                0.066503000000000007,
                247192,
                247208,
                1672497371.4254301,
                82848998090663
            ],
            "skipped": 1
        },
        "uvm_custom_install_verdi_recording": {
            "end_perf": [
                0.21829009056091309,
                0.155225,
                0.066654000000000005,
                247192,
                247208,
                82848998648945,
                1,
                0
            ],
            "child_modules": {},
            "start_perf": [
                0.21824908256530762,
                0.155225,
                0.066612000000000005,
                247192,
                247208,
                1672497371.4255891,
                82848998579700
            ],
            "skipped": 1
        },
        "vcs_paramclassrepository_87QqAb": {
            "end_perf": [
                0.21867704391479492,
                0.155225,
                0.067041000000000003,
                247192,
                247208,
                82848999728799,
                1,
                0
            ],
            "child_modules": {},
            "start_perf": [
                0.21865296363830566,
                0.155225,
                0.067016999999999993,
                247192,
                247208,
                1672497371.425993,
                82848999666433
            ],
            "skipped": 1
        },
        "lvc_apb_pkg": {
            "end_perf": [
                0.2183380126953125,
                0.155225,
                0.066701999999999997,
                247192,
                247208,
                82848998782128,
                1,
                0
            ],
            "child_modules": {},