{
    "CompUnits": {
        "SIM_d": {
            "bytes": 12848,
            "mod": "...MASTER...",
            "out": "objs/SIM_d.o",
            "mode": 4,
            "text": 430,
            "checksum": 4294967295
        }
    },
    "Modules": {
        "uvm_custom_install_verdi_recording": {
            "start_perf": [
                0.26335787773132324,
                0.18143999999999999,
                0.066159999999999997,
                247216,
                247232,
                1672812092.424228,
                5564763019406
            ],
            "child_modules": {},
            "end_perf": [
                0.26338100433349609,
                0.18145800000000001,
                0.066167000000000004,
                247216,
                247232,
                5564763084033,
                1,
                0
            ],
            "skipped": 1
        },
        "...MASTER...": {
            "start_perf": [
                0.25813794136047363,
                0.18069399999999999,
                0.061685999999999998,
                246224,
                246240,
                1672812092.419008,
                5564748471643
            ],
            "child_modules": {
                "rkv_i2c_tb": 1,
                "std": 1,
                "vcs_paramclassrepository_vcsintf": 1,
                "vcs_paramclassrepository_87QqAb": 1,
                "uvm_custom_install_verdi_recording": 1,
                "uvm_pkg": 1,
                "vcs_paramclassrepository_67wvne": 1,
                "rkv_i2c_pkg": 1,
                "vcs_paramclassrepository": 1,
                "lvc_i2c_pkg": 1,
                "_vcs_unit__3820934895": 1,
                "_vcs_msglog": 1,
                "uvm_custom_install_recording": 1,
                "lvc_apb_pkg": 1,
                "vcs_paramclassrepository_UF52ed": 1
            },
            "nMops": 0,
            "end_perf": [
                0.26272296905517578,
                0.180974,
                0.065989999999999993,
                247212,
                247232,
                5564761345071,
                0,
                0
            ],
            "nQuads": 0,
            "nRouts": 5
        },
        "uvm_pkg": {
            "start_perf": [
                0.2631678581237793,
                0.18130099999999999,
                0.066110000000000002,
                247216,
                247232,
                1672812092.4240379,
                5564762491509
            ],
            "child_modules": {},
            "end_perf": [
                0.26319289207458496,
                0.18131900000000001,
                0.066115999999999994,
                247216,
                247232,
                5564762556383,
                1,
                0
            ],
            "skipped": 1
        },
        "rkv_i2c_tb": {
            "start_perf": [
                0.26355099678039551,
                0.18158199999999999,
                0.066211999999999993,
                247216,
                247232,
                1672812092.4244211,
                5564763557327
            ],
            "child_modules": {},
            "end_perf": [
                0.26357388496398926,
                0.18159900000000001,
                0.066217999999999999,
                247216,
                247232,
                5564763626060,
                1,
                0
            ],
            "skipped": 1
        },
        "std": {
            "start_perf": [
                0.26304793357849121,
                0.18121300000000001,
                0.066076999999999997,
                247216,
                247232,
                1672812092.423918,
                5564762272895
            ],
            "child_modules": {},
            "end_perf": [
                0.26313090324401855,
                0.18127399999999999,
                0.066100000000000006,
                247216,
                247232,
                5564762407868,
                1,
                0
            ],
            "skipped": 1
        },
        "_vcs_msglog": {
            "start_perf": [
                0.26321792602539062,
                0.181338,
                0.066123000000000001,
                247216,
                247232,
                1672812092.424088,
                5564762628352
            ],
            "child_modules": {},
            "end_perf": [
                0.26324081420898438,
                0.18135499999999999,
                0.066128999999999993,
                247216,
                247232,
                5564762693386,
                1,
                0
            ],
            "skipped": 1
        },
        "uvm_custom_install_recording": {
            "start_perf": [
                0.26331186294555664,
                0.18140600000000001,
                0.066147999999999998,
                247216,
                247232,
                1672812092.4241819,
                5564762887644
            ],
            "child_modules": {},
            "end_perf": [
                0.26333403587341309,
                0.181423,
                0.066154000000000004,
                247216,
                247232,
                5564762951581,
                1,
                0
            ],
            "skipped": 1
        },
        "lvc_i2c_pkg": {
            "start_perf": [
                0.26345586776733398,
                0.18151200000000001,
                0.066185999999999995,
                247216,
                247232,
                1672812092.4243259,
                5564763290729
            ],
            "child_modules": {},
            "end_perf": [
                0.26347899436950684,
                0.181529,
                0.066193000000000002,
                247216,
                247232,
                5564763356812,
                1,
                0
            ],
            "skipped": 1
        },
        "_vcs_unit__3820934895": {
            "start_perf": [
                0.26326489448547363,
                0.18137200000000001,
                0.066134999999999999,
                247216,
                247232,
                1672812092.424135,
                5564762758352
            ],
            "child_modules": {},
            "end_perf": [
                0.26328802108764648,
                0.18138899999999999,
                0.066142000000000006,
                247216,
                247232,
                5564762822195,
                1,
                0
            ],
            "skipped": 1
        },
        "lvc_apb_pkg": {
            "start_perf": [
                0.26340484619140625,
                0.181475,
                0.066172999999999996,
                247216,
                247232,
                1672812092.4242749,
                5564763149750
            ],
            "child_modules": {},
            "end_perf": [
                0.26342892646789551,
                0.18149299999999999,
                0.066179000000000002,
                247216,
                247232,
                5564763218291,
                1,
                0
            ],
            "skipped": 1
        },
        "vcs_paramclassrepository": {
            "start_perf": [
                0.26364803314208984,
                0.18165300000000001,
                0.066238000000000005,
                247216,
                247232,
                1672812092.4245181,
                5564763830492
            ],
            "child_modules": {},
            "end_perf": [
                0.263671875,
                0.18167,
                0.066243999999999997,
                247216,
                247232,
                5564763893864,
                1,
                0
            ],
            "skipped": 1
        },