{
    "ObjArchives": [],
    "Modules": {
        "vcs_paramclassrepository_87QqAb": {
            "child_modules": {},
            "start_perf": [
                0.37325096130371094,
                0.21438299999999999,
                0.14124500000000001,
                247276,
                247292,
                1672915328.782865,
                30544235359602
            ],
            "end_perf": [
                0.3732759952545166,
                0.21438299999999999,
                0.14127000000000001,
                247276,
                247292,
                30544235428882,
                1,
                0
            ],
            "skipped": 1
        },
        "...MASTER...": {
            "nQuads": 0,
            "child_modules": {
                "rkv_i2c_tb": 1,
                "vcs_paramclassrepository_87QqAb": 1,
                "_vcs_msglog": 1,
                "uvm_pkg": 1,
                "uvm_custom_install_verdi_recording": 1,
                "vcs_paramclassrepository_67wvne": 1,
                "vcs_paramclassrepository": 1,
                "_vcs_unit__3820934895": 1,
                "std": 1,
                "rkv_i2c_pkg": 1,
                "vcs_paramclassrepository_UF52ed": 1,
                "uvm_custom_install_recording": 1,
                "lvc_apb_pkg": 1,
                "lvc_i2c_pkg": 1,
                "vcs_paramclassrepository_vcsintf": 1
            },
            "start_perf": [
                0.36508893966674805,
                0.21202099999999999,
                0.135571,
                246284,
                246300,
                1672915328.774703,
                30544212617627
            ],
            "end_perf": [
                0.37180995941162109,
                0.21438299999999999,
                0.13985900000000001,
                247272,
                247292,
                30544231476172,
                0,
                0
            ],
            "nMops": 0,
            "nRouts": 5
        },
        "std": {
            "child_modules": {},
            "start_perf": [
                0.37242484092712402,
                0.21438299999999999,
                0.14041799999999999,
                247276,
                247292,
                1672915328.7820389,
                30544233095298
            ],
            "end_perf": [
                0.37247085571289062,
                0.21438299999999999,
                0.14046500000000001,
                247276,
                247292,
                30544233186542,
                1,
                0
            ],
            "skipped": 1
        },
        "vcs_paramclassrepository_67wvne": {
            "child_modules": {},
            "start_perf": [
                0.37330102920532227,
                0.21438299999999999,
                0.141295,
                247276,
                247292,
                1672915328.7829151,
                30544235501064
            ],
            "end_perf": [
                0.37332487106323242,
                0.21438299999999999,
                0.141319,
                247276,
                247292,
                30544235652812,
                1,
                0
            ],
            "skipped": 1
        },
        "vcs_paramclassrepository": {
            "child_modules": {},
            "start_perf": [
                0.37314987182617188,
                0.21438299999999999,
                0.14114399999999999,
                247276,
                247292,
                1672915328.782764,
                30544235079635
            ],
            "end_perf": [
                0.37317395210266113,
                0.21438299999999999,
                0.14116799999999999,
                247276,
                247292,
                30544235145706,
                1,
                0
            ],
            "skipped": 1
        },
        "uvm_pkg": {
            "child_modules": {},
            "start_perf": [
                0.37250494956970215,
                0.21438299999999999,
                0.14049900000000001,
                247276,
                247292,
                1672915328.782119,
                30544233279717
            ],
            "end_perf": [
                0.37252998352050781,
                0.21438299999999999,
                0.14052500000000001,
                247276,
                247292,
                30544233348503,
                1,
                0
            ],
            "skipped": 1
        },
        "_vcs_msglog": {
            "child_modules": {},
            "start_perf": [
                0.37255597114562988,
                0.21438299999999999,
                0.14055000000000001,
                247276,
                247292,
                1672915328.7821701,
                30544233420607
            ],
            "end_perf": [
                0.37257981300354004,
                0.21438299999999999,
                0.140574,
                247276,
                247292,
                30544233486432,
                1,
                0
            ],
            "skipped": 1
        },
        "uvm_custom_install_verdi_recording": {
            "child_modules": {},
            "start_perf": [
                0.37279486656188965,
                0.21438299999999999,
                0.140789,
                247276,
                247292,
                1672915328.782409,
                30544234121584
            ],
            "end_perf": [
                0.37283492088317871,
                0.21438299999999999,
                0.14082800000000001,
                247276,
                247292,
                30544234222923,
                1,
                0
            ],
            "skipped": 1
        },
        "_vcs_unit__3820934895": {
            "child_modules": {},
            "start_perf": [
                0.3726048469543457,
                0.21438299999999999,
                0.140599,
                247276,
                247292,
                1672915328.7822189,
                30544233554453
            ],
            "end_perf": [
                0.37262892723083496,
                0.21438299999999999,
                0.140623,
                247276,
                247292,
                30544233621011,
                1,
                0
            ],
            "skipped": 1
        },
        "lvc_apb_pkg": {
            "child_modules": {},
            "start_perf": [
                0.37286996841430664,
                0.21438299999999999,
                0.14086399999999999,
                247276,
                247292,
                1672915328.7824841,
                30544234302655
            ],
            "end_perf": [
                0.37289690971374512,
                0.21438299999999999,
                0.14089099999999999,
                247276,
                247292,
                30544234371350,
                1,
                0
            ],
            "skipped": 1
        },
        "vcs_paramclassrepository_UF52ed": {
            "child_modules": {},
            "start_perf": [
                0.37319803237915039,
                0.21438299999999999,
                0.14119300000000001,
                247276,
                247292,
                1672915328.7828121,
                30544235217283
            ],
            "end_perf": [
                0.37322402000427246,
                0.21438299999999999,
                0.14121900000000001,
                247276,
                247292,
                30544235289336,
                1,
                0
            ],
            "skipped": 1
        },
        "uvm_custom_install_recording": {
            "child_modules": {},