{
    "Modules": {
        "vcs_paramclassrepository_67wvne": {
            "end_perf": [
                0.27783489227294922,
                0.20394699999999999,
                0.069012000000000004,
                247216,
                247232,
                29488329910570,
                1,
                0
            ],
            "start_perf": [
                0.27780699729919434,
                0.203926,
                0.069004999999999997,
                247216,
                247232,
                1672820656.2892361,
                29488329839640
            ],
            "child_modules": {},
            "skipped": 1
        },
        "...MASTER...": {
            "end_perf": [
                0.27659893035888672,
                0.203791,
                0.067930000000000004,
                247212,
                247232,
                29488326527295,
                0,
                0
            ],
            "start_perf": [
                0.27192997932434082,
                0.20005300000000001,
                0.067028000000000004,
                246224,
                246240,
                1672820656.2833591,
                29488313447885
            ],
            "nMops": 0,
            "nQuads": 0,
            "child_modules": {
                "_vcs_msglog": 1,
                "rkv_i2c_tb": 1,
                "vcs_paramclassrepository_87QqAb": 1,
                "uvm_pkg": 1,
                "vcs_paramclassrepository_67wvne": 1,
                "uvm_custom_install_recording": 1,
                "uvm_custom_install_verdi_recording": 1,
                "_vcs_unit__3820934895": 1,
                "std": 1,
                "vcs_paramclassrepository": 1,
                "rkv_i2c_pkg": 1,
                "lvc_apb_pkg": 1,
                "lvc_i2c_pkg": 1,
                "vcs_paramclassrepository_vcsintf": 1,
                "vcs_paramclassrepository_UF52ed": 1
            },
            "nRouts": 5
        },
        "uvm_pkg": {
            "end_perf": [
                0.27710795402526855,
                0.203791,
                0.068440000000000001,
                247216,
                247232,
                29488327876038,
                1,
                0
            ],
            "start_perf": [
                0.27708196640014648,
                0.203791,
                0.068415000000000004,
                247216,
                247232,
                1672820656.288511,
                29488327808445
            ],
            "child_modules": {},
            "skipped": 1
        },
        "std": {
            "end_perf": [
                0.27705097198486328,
                0.203791,
                0.068382999999999999,
                247216,
                247232,
                29488327723107,
                1,
                0
            ],
            "start_perf": [
                0.27700591087341309,
                0.203791,
                0.068337999999999996,
                247216,
                247232,
                1672820656.288435,
                29488327637088
            ],
            "child_modules": {},
            "skipped": 1
        },
        "_vcs_unit__3820934895": {
            "end_perf": [
                0.27720403671264648,
                0.203791,
                0.068536,
                247216,
                247232,
                29488328143936,
                1,
                0
            ],
            "start_perf": [
                0.27717995643615723,
                0.203791,
                0.068513000000000004,
                247216,
                247232,
                1672820656.288609,
                29488328078371
            ],
            "child_modules": {},
            "skipped": 1
        },
        "uvm_custom_install_recording": {
            "end_perf": [
                0.27725100517272949,
                0.203791,
                0.068584000000000006,
                247216,
                247232,
                29488328276045,
                1,
                0
            ],
            "start_perf": [
                0.27722787857055664,
                0.203791,
                0.068559999999999996,
                247216,
                247232,
                1672820656.2886569,
                29488328211203
            ],
            "child_modules": {},
            "skipped": 1
        },
        "uvm_custom_install_verdi_recording": {
            "end_perf": [
                0.2772979736328125,
                0.203791,
                0.068630999999999998,
                247216,
                247232,
                29488328407294,
                1,
                0
            ],
            "start_perf": [
                0.27727484703063965,
                0.203791,
                0.068608000000000002,
                247216,
                247232,
                1672820656.2887039,
                29488328342951
            ],
            "child_modules": {},
            "skipped": 1
        },
        "lvc_apb_pkg": {
            "end_perf": [
                0.27734684944152832,
                0.203791,
                0.068679000000000004,
                247216,
                247232,
                29488328542856,
                1,
                0
            ],
            "start_perf": [
                0.27732181549072266,
                0.203791,
                0.068654999999999994,
                247216,
                247232,
                1672820656.2887509,
                29488328474018
            ],
            "child_modules": {},
            "skipped": 1
        },
        "rkv_i2c_tb": {
            "end_perf": [
                0.27749490737915039,
                0.203791,
                0.068826999999999999,
                247216,
                247232,
                29488328955037,
                1,
                0
            ],
            "start_perf": [
                0.27747082710266113,
                0.203791,
                0.068803000000000003,
                247216,
                247232,
                1672820656.2888999,
                29488328889581
            ],
            "child_modules": {},
            "skipped": 1
        },
        "_vcs_msglog": {
            "end_perf": [
                0.27715587615966797,
                0.203791,
                0.068487999999999993,
                247216,
                247232,
                29488328011797,
                1,
                0
            ],
            "start_perf": [
                0.27713203430175781,
                0.203791,
                0.068463999999999997,
                247216,
                247232,
                1672820656.2885611,
                29488327943765
            ],
            "child_modules": {},
            "skipped": 1
        },
        "lvc_i2c_pkg": {
            "end_perf": [
                0.27739691734313965,
                0.203791,
                0.068728999999999998,
                247216,
                247232,
                29488328682120,
                1,
                0
            ],
            "start_perf": [
                0.27737188339233398,
                0.203791,
                0.068704000000000001,
                247216,
                247232,
                1672820656.288801,
                29488328614264
            ],
            "child_modules": {},
            "skipped": 1
        },
        "rkv_i2c_pkg": {
            "end_perf": [
                0.27744603157043457,
                0.203791,
                0.068778000000000006,
                247216,
                247232,
                29488328818936,
                1,
                0
            ],