{
    "Modules": {
        "_vcs_msglog": {
            "start_perf": [
                0.26520991325378418,
                0.182537,
                0.107128,
                247212,
                247228,
                1672820444.4667959,
                28896593745859
            ],
            "child_modules": {},
            "end_perf": [
                0.26524996757507324,
                0.18257699999999999,
                0.107128,
                247212,
                247228,
                28896593814300,
                1,
                0
            ],
            "skipped": 1
        },
        "...MASTER...": {
            "nMops": 0,
            "start_perf": [
                0.25956606864929199,
                0.18022299999999999,
                0.104147,
                246220,
                246236,
                1672820444.4611521,
                28896577973410
            ],
            "child_modules": {
                "rkv_i2c_tb": 1,
                "uvm_custom_install_verdi_recording": 1,
                "vcs_paramclassrepository_vcsintf": 1,
                "vcs_paramclassrepository_87QqAb": 1,
                "uvm_pkg": 1,
                "vcs_paramclassrepository_67wvne": 1,
                "lvc_apb_pkg": 1,
                "vcs_paramclassrepository": 1,
                "vcs_paramclassrepository_UF52ed": 1,
                "_vcs_unit__3820934895": 1,
                "uvm_custom_install_recording": 1,
                "std": 1,
                "lvc_i2c_pkg": 1,
                "rkv_i2c_pkg": 1,
                "_vcs_msglog": 1
            },
            "nQuads": 0,
            "end_perf": [
                0.26441788673400879,
                0.18191499999999999,
                0.107128,
                247208,
                247228,
                28896591564612,
                0,
                0
            ],
            "nRouts": 5
        },
        "uvm_pkg": {
            "start_perf": [
                0.26513004302978516,
                0.18245800000000001,
                0.107128,
                247212,
                247228,
                1672820444.4667161,
                28896593482662
            ],
            "child_modules": {},
            "end_perf": [
                0.26515507698059082,
                0.18248200000000001,
                0.107128,
                247212,
                247228,
                28896593549284,
                1,
                0
            ],
            "skipped": 1
        },
        "std": {
            "start_perf": [
                0.26505208015441895,
                0.18237900000000001,
                0.107128,
                247212,
                247228,
                1672820444.4666381,
                28896593308947
            ],
            "child_modules": {},
            "end_perf": [
                0.26509809494018555,
                0.182425,
                0.107128,
                247212,
                247228,
                28896593394161,
                1,
                0
            ],
            "skipped": 1
        },
        "uvm_custom_install_recording": {
            "start_perf": [
                0.26532101631164551,
                0.18264900000000001,
                0.107128,
                247212,
                247228,
                1672820444.466907,
                28896594011187
            ],
            "child_modules": {},
            "end_perf": [
                0.26534390449523926,
                0.182672,
                0.107128,
                247212,
                247228,
                28896594075849,
                1,
                0
            ],
            "skipped": 1
        },
        "vcs_paramclassrepository_UF52ed": {
            "start_perf": [
                0.26570010185241699,
                0.18299000000000001,
                0.107165,
                247212,
                247228,
                1672820444.4672861,
                28896595073920
            ],
            "child_modules": {},
            "end_perf": [
                0.26572394371032715,
                0.183005,
                0.10717400000000001,
                247212,
                247228,
                28896595136510,
                1,
                0
            ],
            "skipped": 1
        },
        "_vcs_unit__3820934895": {
            "start_perf": [
                0.2652740478515625,
                0.18260199999999999,
                0.107128,
                247212,
                247228,
                1672820444.4668601,
                28896593881355
            ],
            "child_modules": {},
            "end_perf": [
                0.26529693603515625,
                0.18262500000000001,
                0.107128,
                247212,
                247228,
                28896593946371,
                1,
                0
            ],
            "skipped": 1
        },
        "uvm_custom_install_verdi_recording": {
            "start_perf": [
                0.26536893844604492,
                0.182697,
                0.107128,
                247212,
                247228,
                1672820444.4669549,
                28896594146433
            ],
            "child_modules": {},
            "end_perf": [
                0.26539206504821777,
                0.18271999999999999,
                0.107128,
                247212,
                247228,
                28896594211322,
                1,
                0
            ],
            "skipped": 1
        },
        "vcs_paramclassrepository": {
            "start_perf": [
                0.26565289497375488,
                0.18296100000000001,
                0.10714799999999999,
                247212,
                247228,
                1672820444.4672389,
                28896594940501
            ],
            "child_modules": {},
            "end_perf": [
                0.26567697525024414,
                0.182976,
                0.107157,
                247212,
                247228,
                28896595006425,
                1,
                0
            ],
            "skipped": 1
        },
        "lvc_apb_pkg": {
            "start_perf": [
                0.26541495323181152,
                0.18274299999999999,
                0.107128,
                247212,
                247228,
                1672820444.467001,
                28896594275675
            ],
            "child_modules": {},
            "end_perf": [
                0.26543807983398438,
                0.18276600000000001,
                0.107128,
                247212,
                247228,
                28896594338802,
                1,
                0
            ],
            "skipped": 1
        },
        "rkv_i2c_pkg": {
            "start_perf": [
                0.26551103591918945,
                0.182839,
                0.107128,
                247212,
                247228,
                1672820444.467097,
                28896594544419
            ],
            "child_modules": {},
            "end_perf": [
                0.2655339241027832,
                0.182862,
                0.107128,
                247212,
                247228,
                28896594606470,
                1,
                0
            ],
            "skipped": 1
        },
        "lvc_i2c_pkg": {
            "start_perf": [
                0.26546287536621094,
                0.18279000000000001,
                0.107128,
                247212,
                247228,
                1672820444.4670489,
                28896594407440
            ],
            "child_modules": {},
            "end_perf": [
                0.26548600196838379,
                0.182814,
                0.107128,
                247212,
                247228,
                28896594475038,
                1,
                0
            ],