{
    "Modules": {
        "vcs_paramclassrepository_67wvne": {
            "skipped": 1,
            "start_perf": [
                0.28475809097290039,
                0.15332799999999999,
                0.13617899999999999,
                247276,
                247292,
                1672921921.943295,
                48962452596648
            ],
            "child_modules": {},
            "end_perf": [
                0.28478002548217773,
                0.15334,
                0.13619000000000001,
                247276,
                247292,
                48962452660671,
                1,
                0
            ]
        },
        "...MASTER...": {
            "start_perf": [
                0.27885699272155762,
                0.14996200000000001,
                0.13385900000000001,
                246284,
                246300,
                1672921921.9373939,
                48962436174546
            ],
            "child_modules": {
                "rkv_i2c_tb": 1,
                "vcs_paramclassrepository_87QqAb": 1,
                "uvm_pkg": 1,
                "lvc_apb_pkg": 1,
                "uvm_custom_install_verdi_recording": 1,
                "vcs_paramclassrepository_67wvne": 1,
                "vcs_paramclassrepository": 1,
                "_vcs_msglog": 1,
                "_vcs_unit__3820934895": 1,
                "std": 1,
                "rkv_i2c_pkg": 1,
                "uvm_custom_install_recording": 1,
                "lvc_i2c_pkg": 1,
                "vcs_paramclassrepository_vcsintf": 1,
                "vcs_paramclassrepository_UF52ed": 1
            },
            "nMops": 0,
            "end_perf": [
                0.28348612785339355,
                0.15271799999999999,
                0.13563800000000001,
                247272,
                247292,
                48962449119846,
                0,
                0
            ],
            "nQuads": 0,
            "nRouts": 5
        },
        "uvm_custom_install_verdi_recording": {
            "skipped": 1,
            "start_perf": [
                0.28427219390869141,
                0.15307100000000001,
                0.13595099999999999,
                247276,
                247292,
                1672921921.9428091,
                48962451323109
            ],
            "child_modules": {},
            "end_perf": [
                0.28432917594909668,
                0.15310000000000001,
                0.13597699999999999,
                247276,
                247292,
                48962451402777,
                1,
                0
            ]
        },
        "lvc_apb_pkg": {
            "skipped": 1,
            "start_perf": [
                0.28435611724853516,
                0.153115,
                0.13599,
                247276,
                247292,
                1672921921.942893,
                48962451502376
            ],
            "child_modules": {},
            "end_perf": [
                0.28438901901245117,
                0.15313299999999999,
                0.13600599999999999,
                247276,
                247292,
                48962451566593,
                1,
                0
            ]
        },
        "uvm_custom_install_recording": {
            "skipped": 1,
            "start_perf": [
                0.28421497344970703,
                0.15304000000000001,
                0.13592399999999999,
                247276,
                247292,
                1672921921.9427519,
                48962451080540
            ],
            "child_modules": {},
            "end_perf": [
                0.28423810005187988,
                0.15305299999999999,
                0.135935,
                247276,
                247292,
                48962451174079,
                1,
                0
            ]
        },
        "std": {
            "skipped": 1,
            "start_perf": [
                0.28399920463562012,
                0.15292600000000001,
                0.135822,
                247276,
                247292,
                1672921921.9425361,
                48962450513994
            ],
            "child_modules": {},
            "end_perf": [
                0.28403997421264648,
                0.152948,
                0.13584199999999999,
                247276,
                247292,
                48962450598642,
                1,
                0
            ]
        },
        "uvm_pkg": {
            "skipped": 1,
            "start_perf": [
                0.28407120704650879,
                0.15296399999999999,
                0.135856,
                247276,
                247292,
                1672921921.9426081,
                48962450682919
            ],
            "child_modules": {},
            "end_perf": [
                0.28409600257873535,
                0.152977,
                0.13586799999999999,
                247276,
                247292,
                48962450748881,
                1,
                0
            ]
        },
        "_vcs_msglog": {
            "skipped": 1,
            "start_perf": [
                0.28412199020385742,
                0.15299099999999999,
                0.13588,
                247276,
                247292,
                1672921921.9426589,
                48962450821168
            ],
            "child_modules": {},
            "end_perf": [
                0.28414511680603027,
                0.153003,
                0.13589100000000001,
                247276,
                247292,
                48962450885669,
                1,
                0
            ]
        },
        "_vcs_unit__3820934895": {
            "skipped": 1,
            "start_perf": [
                0.28416919708251953,
                0.15301600000000001,
                0.135902,
                247276,
                247292,
                1672921921.9427061,
                48962450951265
            ],
            "child_modules": {},
            "end_perf": [
                0.28419208526611328,
                0.153028,
                0.13591300000000001,
                247276,
                247292,
                48962451015689,
                1,
                0
            ]
        },
        "lvc_i2c_pkg": {
            "skipped": 1,
            "start_perf": [
                0.28441500663757324,
                0.153146,
                0.136018,
                247276,
                247292,
                1672921921.9429519,
                48962451642108
            ],
            "child_modules": {},
            "end_perf": [
                0.2844390869140625,
                0.15315899999999999,
                0.13602900000000001,
                247276,
                247292,
                48962451709629,
                1,
                0
            ]
        },
        "rkv_i2c_pkg": {
            "skipped": 1,
            "start_perf": [
                0.28446507453918457,
                0.153173,
                0.136042,
                247276,
                247292,
                1672921921.943002,
                48962451783201
            ],
            "child_modules": {},
            "end_perf": [
                0.28448915481567383,
                0.15318599999999999,
                0.13605300000000001,
                247276,
                247292,
                48962451846729,
                1,
                0
            ]
        },
        "vcs_paramclassrepository_87QqAb": {
            "skipped": 1,
            "start_perf": [
                0.28470802307128906,
                0.15330099999999999,
                0.136156,
                247276,
                247292,
                1672921921.9432449,
                48962452460023
            ],
            "child_modules": {},