{
    "reusePaths": {},
    "Modules": {
        "...MASTER...": {
            "end_perf": [
                0.31795191764831543,
                0.17490900000000001,
                0.102533,
                247232,
                247252,
                64465787111610,
                0,
                0
            ],
            "start_perf": [
                0.31301093101501465,
                0.17460300000000001,
                0.097899,
                246244,
                246260,
                1672833177.085402,
                64465773276079
            ],
            "nQuads": 0,
            "child_modules": {
                "rkv_i2c_tb": 1,
                "uvm_pkg": 1,
                "rkv_i2c_pkg": 1,
                "vcs_paramclassrepository_87QqAb": 1,
                "uvm_custom_install_recording": 1,
                "uvm_custom_install_verdi_recording": 1,
                "vcs_paramclassrepository_67wvne": 1,
                "vcs_paramclassrepository": 1,
                "_vcs_unit__3820934895": 1,
                "std": 1,
                "_vcs_msglog": 1,
                "lvc_apb_pkg": 1,
                "lvc_i2c_pkg": 1,
                "vcs_paramclassrepository_vcsintf": 1,
                "vcs_paramclassrepository_UF52ed": 1
            },
            "nMops": 0,
            "nRouts": 5
        },
        "std": {
            "end_perf": [
                0.31832790374755859,
                0.175147,
                0.102672,
                247236,
                247252,
                64465788084349,
                1,
                0
            ],
            "start_perf": [
                0.31828689575195312,
                0.175121,
                0.102657,
                247236,
                247252,
                1672833177.090678,
                64465788000685
            ],
            "child_modules": {},
            "skipped": 1
        },
        "_vcs_unit__3820934895": {
            "end_perf": [
                0.3184819221496582,
                0.17524500000000001,
                0.10273,
                247236,
                247252,
                64465788512528,
                1,
                0
            ],
            "start_perf": [
                0.31845784187316895,
                0.17523,
                0.10272100000000001,
                247236,
                247252,
                1672833177.0908489,
                64465788444429
            ],
            "child_modules": {},
            "skipped": 1
        },
        "rkv_i2c_tb": {
            "end_perf": [
                0.31882190704345703,
                0.175459,
                0.102855,
                247236,
                247252,
                64465789459264,
                1,
                0
            ],
            "start_perf": [
                0.31879782676696777,
                0.17544399999999999,
                0.10284600000000001,
                247236,
                247252,
                1672833177.0911889,
                64465789394250
            ],
            "child_modules": {},
            "skipped": 1
        },
        "uvm_pkg": {
            "end_perf": [
                0.31838488578796387,
                0.17518300000000001,
                0.10269399999999999,
                247236,
                247252,
                64465788239848,
                1,
                0
            ],
            "start_perf": [
                0.3183598518371582,
                0.17516799999999999,
                0.102684,
                247236,
                247252,
                1672833177.0907509,
                64465788172315
            ],
            "child_modules": {},
            "skipped": 1
        },
        "_vcs_msglog": {
            "end_perf": [
                0.31843280792236328,
                0.17521400000000001,
                0.102711,
                247236,
                247252,
                64465788372725,
                1,
                0
            ],
            "start_perf": [
                0.31840896606445312,
                0.17519899999999999,
                0.102703,
                247236,
                247252,
                1672833177.0908,
                64465788307341
            ],
            "child_modules": {},
            "skipped": 1
        },
        "uvm_custom_install_recording": {
            "end_perf": [
                0.31853485107421875,
                0.17527799999999999,
                0.10274899999999999,
                247236,
                247252,
                64465788657217,
                1,
                0
            ],
            "start_perf": [
                0.31850790977478027,
                0.175261,
                0.102739,
                247236,
                247252,
                1672833177.090899,
                64465788584002
            ],
            "child_modules": {},
            "skipped": 1
        },
        "uvm_custom_install_verdi_recording": {
            "end_perf": [
                0.31858181953430176,
                0.17530799999999999,
                0.102767,
                247236,
                247252,
                64465788867950,
                1,
                0
            ],
            "start_perf": [
                0.31855893135070801,
                0.175293,
                0.102758,
                247236,
                247252,
                1672833177.09095,
                64465788725195
            ],
            "child_modules": {},
            "skipped": 1
        },
        "lvc_apb_pkg": {
            "end_perf": [
                0.31867194175720215,
                0.17536499999999999,
                0.1028,
                247236,
                247252,
                64465789042458,
                1,
                0
            ],
            "start_perf": [
                0.31863999366760254,
                0.175344,
                0.102788,
                247236,
                247252,
                1672833177.0910311,
                64465788970045
            ],
            "child_modules": {},
            "skipped": 1
        },
        "lvc_i2c_pkg": {
            "end_perf": [
                0.3187248706817627,
                0.175398,
                0.10281899999999999,
                247236,
                247252,
                64465789187716,
                1,
                0
            ],
            "start_perf": [
                0.31869983673095703,
                0.17538200000000001,
                0.10281,
                247236,
                247252,
                1672833177.0910909,
                64465789117949
            ],
            "child_modules": {},
            "skipped": 1
        },
        "vcs_paramclassrepository_87QqAb": {
            "end_perf": [
                0.31901884078979492,
                0.17558299999999999,
                0.10292800000000001,
                247236,
                247252,
                64465790011639,
                1,
                0
            ],
            "start_perf": [
                0.31899595260620117,
                0.175569,
                0.102919,
                247236,
                247252,
                1672833177.091387,
                64465789946056
            ],
            "child_modules": {},
            "skipped": 1
        },
        "rkv_i2c_pkg": {
            "end_perf": [
                0.31877493858337402,
                0.175429,
                0.102838,
                247236,
                247252,
                64465789328215,
                1,
                0
            ],
            "start_perf": [
                0.31874990463256836,
                0.17541300000000001,
                0.102828,
                247236,
                247252,
                1672833177.091141,
                64465789260821
            ],