{
    "Modules": {
        "vcs_paramclassrepository": {
            "end_perf": [
                0.2282569408416748,
                0.150562,
                0.078848000000000001,
                247304,
                247320,
                56836717402848,
                1,
                0
            ],
            "start_perf": [
                0.22823405265808105,
                0.150562,
                0.078825000000000006,
                247304,
                247320,
                1672924740.690083,
                56836717336025
            ],
            "child_modules": {},
            "skipped": 1
        },
        "rkv_i2c_pkg": {
            "end_perf": [
                0.22811102867126465,
                0.150562,
                0.078701999999999994,
                247304,
                247320,
                56836716992415,
                1,
                0
            ],
            "start_perf": [
                0.22808694839477539,
                0.150562,
                0.078677999999999998,
                247304,
                247320,
                1672924740.6899359,
                56836716928502
            ],
            "child_modules": {},
            "skipped": 1
        },
        "std": {
            "end_perf": [
                0.22757506370544434,
                0.150479,
                0.078248999999999999,
                247304,
                247320,
                56836715499868,
                1,
                0
            ],
            "start_perf": [
                0.22753810882568359,
                0.150454,
                0.078236,
                247304,
                247320,
                1672924740.6893871,
                56836715415591
            ],
            "child_modules": {},
            "skipped": 1
        },
        "uvm_custom_install_recording": {
            "end_perf": [
                0.22791910171508789,
                0.150562,
                0.078509999999999996,
                247304,
                247320,
                56836716457176,
                1,
                0
            ],
            "start_perf": [
                0.22787809371948242,
                0.150562,
                0.078467999999999996,
                247304,
                247320,
                1672924740.6897271,
                56836716382770
            ],
            "child_modules": {},
            "skipped": 1
        },
        "vcs_paramclassrepository_vcsintf": {
            "end_perf": [
                0.2282109260559082,
                0.150562,
                0.078800999999999996,
                247304,
                247320,
                56836717270573,
                1,
                0
            ],
            "start_perf": [
                0.22818398475646973,
                0.150562,
                0.078774999999999998,
                247304,
                247320,
                1672924740.690033,
                56836717203574
            ],
            "child_modules": {},
            "skipped": 1
        },
        "...MASTER...": {
            "end_perf": [
                0.22725391387939453,
                0.15026700000000001,
                0.078137999999999999,
                247300,
                247320,
                56836714664557,
                0,
                0
            ],
            "start_perf": [
                0.22298312187194824,
                0.148089,
                0.076045000000000001,
                246312,
                246328,
                1672924740.6848321,
                56836702734235
            ],
            "nRouts": 5,
            "child_modules": {
                "rkv_i2c_tb": 1,
                "vcs_paramclassrepository_87QqAb": 1,
                "vcs_paramclassrepository_67wvne": 1,
                "uvm_pkg": 1,
                "uvm_custom_install_verdi_recording": 1,
                "uvm_custom_install_recording": 1,
                "rkv_i2c_pkg": 1,
                "vcs_paramclassrepository": 1,
                "std": 1,
                "_vcs_unit__3820934895": 1,
                "lvc_i2c_pkg": 1,
                "_vcs_msglog": 1,
                "vcs_paramclassrepository_UF52ed": 1,
                "lvc_apb_pkg": 1,
                "vcs_paramclassrepository_vcsintf": 1
            },
            "nQuads": 0,
            "nMops": 0
        },
        "uvm_pkg": {
            "end_perf": [
                0.22762799263000488,
                0.15051400000000001,
                0.078267000000000003,
                247304,
                247320,
                56836715643965,
                1,
                0
            ],
            "start_perf": [
                0.22760391235351562,
                0.15049799999999999,
                0.078258999999999995,
                247304,
                247320,
                1672924740.6894529,
                56836715577941
            ],
            "child_modules": {},
            "skipped": 1
        },
        "_vcs_unit__3820934895": {
            "end_perf": [
                0.2277989387512207,
                0.150562,
                0.078387999999999999,
                247304,
                247320,
                56836716263798,
                1,
                0
            ],
            "start_perf": [
                0.22770094871520996,
                0.150562,
                0.078292,
                247304,
                247320,
                1672924740.6895499,
                56836716039208
            ],
            "child_modules": {},
            "skipped": 1
        },
        "lvc_i2c_pkg": {
            "end_perf": [
                0.22806310653686523,
                0.150562,
                0.078654000000000002,
                247304,
                247320,
                56836716857785,
                1,
                0
            ],
            "start_perf": [
                0.22803807258605957,
                0.150562,
                0.078629000000000004,
                247304,
                247320,
                1672924740.689887,
                56836716788917
            ],
            "child_modules": {},
            "skipped": 1
        },
        "_vcs_msglog": {
            "end_perf": [
                0.22767806053161621,
                0.15054699999999999,
                0.078284000000000006,
                247304,
                247320,
                56836715782025,
                1,
                0
            ],
            "start_perf": [
                0.22765302658081055,
                0.15053,
                0.078275999999999998,
                247304,
                247320,
                1672924740.689502,
                56836715714389
            ],
            "child_modules": {},
            "skipped": 1
        },
        "vcs_paramclassrepository_UF52ed": {
            "end_perf": [
                0.22830390930175781,
                0.150562,
                0.078895000000000007,
                247304,
                247320,
                56836717534419,
                1,
                0
            ],
            "start_perf": [
                0.22828102111816406,
                0.150562,
                0.078871999999999998,
                247304,
                247320,
                1672924740.69013,
                56836717467908
            ],
            "child_modules": {},
            "skipped": 1
        },
        "lvc_apb_pkg": {
            "end_perf": [
                0.22801494598388672,
                0.150562,
                0.078604999999999994,
                247304,
                247320,
                56836716722041,
                1,
                0
            ],