{
    "Modules": {
        "lvc_i2c_pkg": {
            "start_perf": [
                0.2628638744354248,
                0.15165500000000001,
                0.099430000000000004,
                247212,
                247228,
                1672820327.3808579,
                28569508541089
            ],
            "child_modules": {},
            "end_perf": [
                0.2628929615020752,
                0.151673,
                0.099441000000000002,
                247212,
                247228,
                28569508640643,
                1,
                0
            ],
            "skipped": 1
        },
        "...MASTER...": {
            "start_perf": [
                0.25700092315673828,
                0.148288,
                0.097162999999999999,
                246220,
                246236,
                1672820327.374995,
                28569492219487
            ],
            "child_modules": {
                "rkv_i2c_tb": 1,
                "_vcs_unit__3820934895": 1,
                "vcs_paramclassrepository_87QqAb": 1,
                "lvc_apb_pkg": 1,
                "uvm_pkg": 1,
                "vcs_paramclassrepository": 1,
                "vcs_paramclassrepository_vcsintf": 1,
                "uvm_custom_install_verdi_recording": 1,
                "rkv_i2c_pkg": 1,
                "vcs_paramclassrepository_67wvne": 1,
                "std": 1,
                "lvc_i2c_pkg": 1,
                "uvm_custom_install_recording": 1,
                "_vcs_msglog": 1,
                "vcs_paramclassrepository_UF52ed": 1
            },
            "end_perf": [
                0.26173782348632812,
                0.15104500000000001,
                0.099029000000000006,
                247208,
                247228,
                28569505460765,
                0,
                0
            ],
            "nRouts": 5,
            "nQuads": 0,
            "nMops": 0
        },
        "uvm_custom_install_recording": {
            "start_perf": [
                0.26265692710876465,
                0.151531,
                0.099348000000000006,
                247212,
                247228,
                1672820327.380651,
                28569507964537
            ],
            "child_modules": {},
            "end_perf": [
                0.26268482208251953,
                0.15154799999999999,
                0.099359000000000003,
                247212,
                247228,
                28569508041633,
                1,
                0
            ],
            "skipped": 1
        },
        "std": {
            "start_perf": [
                0.26239204406738281,
                0.15137,
                0.099241999999999997,
                247212,
                247228,
                1672820327.3803861,
                28569507275649
            ],
            "child_modules": {},
            "end_perf": [
                0.26244497299194336,
                0.15140200000000001,
                0.099264000000000005,
                247212,
                247228,
                28569507382037,
                1,
                0
            ],
            "skipped": 1
        },
        "vcs_paramclassrepository": {
            "start_perf": [
                0.2630770206451416,
                0.151785,
                0.099514000000000005,
                247212,
                247228,
                1672820327.3810711,
                28569509127858
            ],
            "child_modules": {},
            "end_perf": [
                0.26310181617736816,
                0.15179899999999999,
                0.099524000000000001,
                247212,
                247228,
                28569509195763,
                1,
                0
            ],
            "skipped": 1
        },
        "uvm_pkg": {
            "start_perf": [
                0.26248598098754883,
                0.15142700000000001,
                0.099279999999999993,
                247212,
                247228,
                1672820327.3804801,
                28569507489869
            ],
            "child_modules": {},
            "end_perf": [
                0.26251602172851562,
                0.151445,
                0.099292000000000005,
                247212,
                247228,
                28569507570597,
                1,
                0
            ],
            "skipped": 1
        },
        "lvc_apb_pkg": {
            "start_perf": [
                0.2628018856048584,
                0.151618,
                0.099404999999999993,
                247212,
                247228,
                1672820327.380796,
                28569508375021
            ],
            "child_modules": {},
            "end_perf": [
                0.2628328800201416,
                0.15163699999999999,
                0.099417000000000005,
                247212,
                247228,
                28569508455289,
                1,
                0
            ],
            "skipped": 1
        },
        "vcs_paramclassrepository_vcsintf": {
            "start_perf": [
                0.26302504539489746,
                0.151753,
                0.099493999999999999,
                247212,
                247228,
                1672820327.3810191,
                28569508992162
            ],
            "child_modules": {},
            "end_perf": [
                0.26305389404296875,
                0.15176999999999999,
                0.099504999999999996,
                247212,
                247228,
                28569509061493,
                1,
                0
            ],
            "skipped": 1
        },
        "uvm_custom_install_verdi_recording": {
            "start_perf": [
                0.26271486282348633,
                0.15156600000000001,
                0.099371000000000001,
                247212,
                247228,
                1672820327.3807089,
                28569508128585
            ],
            "child_modules": {},
            "end_perf": [
                0.26276183128356934,
                0.15159300000000001,
                0.099389000000000005,
                247212,
                247228,
                28569508280033,
                1,
                0
            ],
            "skipped": 1
        },
        "_vcs_msglog": {
            "start_perf": [
                0.26254487037658691,
                0.15146299999999999,
                0.099303000000000002,
                247212,
                247228,
                1672820327.3805389,
                28569507650217
            ],
            "child_modules": {},
            "end_perf": [
                0.2625730037689209,
                0.15148,
                0.099314,
                247212,
                247228,
                28569507728769,
                1,
                0
            ],
            "skipped": 1
        },
        "rkv_i2c_tb": {
            "start_perf": [
                0.26297688484191895,
                0.151724,
                0.099474000000000007,
                247212,
                247228,
                1672820327.380971,
                28569508848300
            ],
            "child_modules": {},
            "end_perf": [
                0.2630009651184082,
                0.15173800000000001,
                0.099484000000000003,
                247212,
                247228,
                28569508914840,
                1,
                0
            ],
            "skipped": 1
        },
        "_vcs_unit__3820934895": {
            "start_perf": [
                0.26260089874267578,
                0.15149699999999999,
                0.099325999999999998,
                247212,
                247228,
                1672820327.380595,
                28569507808689
            ],
            "child_modules": {},