{
    "Modules": {
        "...MASTER...": {
            "child_modules": {
                "rkv_i2c_tb": 1,
                "_vcs_msglog": 1,
                "vcs_paramclassrepository_87QqAb": 1,
                "vcs_paramclassrepository": 1,
                "uvm_pkg": 1,
                "uvm_custom_install_verdi_recording": 1,
                "vcs_paramclassrepository_UF52ed": 1,
                "vcs_paramclassrepository_67wvne": 1,
                "_vcs_unit__3820934895": 1,
                "std": 1,
                "rkv_i2c_pkg": 1,
                "uvm_custom_install_recording": 1,
                "lvc_apb_pkg": 1,
                "vcs_paramclassrepository_vcsintf": 1,
                "lvc_i2c_pkg": 1
            },
            "start_perf": [
                0.21401000022888184,
                0.14516699999999999,
                0.061924,
                246220,
                246236,
                1672820133.9772069,
                28029226214830
            ],
            "end_perf": [
                0.21840906143188477,
                0.14571500000000001,
                0.065773999999999999,
                247208,
                247228,
                28029238530510,
                0,
                0
            ],
            "nRouts": 5,
            "nQuads": 0,
            "nMops": 0
        },
        "_vcs_unit__3820934895": {
            "child_modules": {},
            "start_perf": [
                0.21892213821411133,
                0.14607000000000001,
                0.065934000000000006,
                247212,
                247228,
                1672820133.9821191,
                28029239896047
            ],
            "end_perf": [
                0.21894502639770508,
                0.14608599999999999,
                0.065941,
                247212,
                247228,
                28029239960709,
                1,
                0
            ],
            "skipped": 1
        },
        "std": {
            "child_modules": {},
            "start_perf": [
                0.21871113777160645,
                0.145923,
                0.065867999999999996,
                247212,
                247228,
                1672820133.9819081,
                28029239340665
            ],
            "end_perf": [
                0.21875095367431641,
                0.145951,
                0.065880999999999995,
                247212,
                247228,
                28029239422319,
                1,
                0
            ],
            "skipped": 1
        },
        "uvm_pkg": {
            "child_modules": {},
            "start_perf": [
                0.21878314018249512,
                0.14597399999999999,
                0.065891000000000005,
                247212,
                247228,
                1672820133.9819801,
                28029239508995
            ],
            "end_perf": [
                0.21880698204040527,
                0.14599000000000001,
                0.065897999999999998,
                247212,
                247228,
                28029239573543,
                1,
                0
            ],
            "skipped": 1
        },
        "uvm_custom_install_verdi_recording": {
            "child_modules": {},
            "start_perf": [
                0.21901702880859375,
                0.14613499999999999,
                0.065962999999999994,
                247212,
                247228,
                1672820133.982214,
                28029240160149
            ],
            "end_perf": [
                0.2190401554107666,
                0.146151,
                0.065971000000000002,
                247212,
                247228,
                28029240222671,
                1,
                0
            ],
            "skipped": 1
        },
        "vcs_paramclassrepository_87QqAb": {
            "child_modules": {},
            "start_perf": [
                0.21939802169799805,
                0.146398,
                0.066082000000000002,
                247212,
                247228,
                1672820133.982595,
                28029241226011
            ],
            "end_perf": [
                0.2194211483001709,
                0.14641299999999999,
                0.066088999999999995,
                247212,
                247228,
                28029241287788,
                1,
                0
            ],
            "skipped": 1
        },
        "vcs_paramclassrepository": {
            "child_modules": {},
            "start_perf": [
                0.21930098533630371,
                0.14633099999999999,
                0.066052,
                247212,
                247228,
                1672820133.9824979,
                28029240953884
            ],
            "end_perf": [
                0.21932506561279297,
                0.146347,
                0.066059000000000007,
                247212,
                247228,
                28029241019651,
                1,
                0
            ],
            "skipped": 1
        },
        "_vcs_msglog": {
            "child_modules": {},
            "start_perf": [
                0.21884012222290039,
                0.146013,
                0.065907999999999994,
                247212,
                247228,
                1672820133.9820371,
                28029239719545
            ],
            "end_perf": [
                0.21889400482177734,
                0.14605000000000001,
                0.065924999999999997,
                247212,
                247228,
                28029239826981,
                1,
                0
            ],
            "skipped": 1
        },
        "uvm_custom_install_recording": {
            "child_modules": {},
            "start_perf": [
                0.21896910667419434,
                0.14610200000000001,
                0.065948000000000007,
                247212,
                247228,
                1672820133.9821661,
                28029240025902
            ],
            "end_perf": [
                0.21899199485778809,
                0.146118,
                0.065956000000000001,
                247212,
                247228,
                28029240089468,
                1,
                0
            ],
            "skipped": 1
        },
        "lvc_apb_pkg": {
            "child_modules": {},
            "start_perf": [
                0.21906208992004395,
                0.14616599999999999,
                0.065977999999999995,
                247212,
                247228,
                1672820133.982259,
                28029240286025
            ],
            "end_perf": [
                0.21908402442932129,
                0.14618200000000001,
                0.065984000000000001,
                247212,
                247228,
                28029240348223,
                1,
                0
            ],
            "skipped": 1
        },
        "vcs_paramclassrepository_vcsintf": {
            "child_modules": {},
            "start_perf": [
                0.21925210952758789,
                0.14629700000000001,
                0.066035999999999997,
                247212,
                247228,
                1672820133.9824491,
                28029240822832
            ],
            "end_perf": [
                0.21927809715270996,
                0.146315,
                0.066045000000000006,
                247212,
                247228,
                28029240890374,
                1,
                0
            ],
            "skipped": 1
        },
        "lvc_i2c_pkg": {
            "child_modules": {},
            "start_perf": [
                0.21910810470581055,
                0.14619799999999999,
                0.065991999999999995,
                247212,
                247228,
                1672820133.982305,
                28029240415718
            ],