{
    "Modules": {
        "uvm_custom_install_verdi_recording": {
            "start_perf": [
                0.27981114387512207,
                0.15840199999999999,
                0.130605,
                247192,
                247208,
                1672757610.46404,
                87766757890117
            ],
            "child_modules": {},
            "end_perf": [
                0.27987313270568848,
                0.15840199999999999,
                0.13066700000000001,
                247192,
                247208,
                87766758012645,
                1,
                0
            ],
            "skipped": 1
        },
        "vcs_paramclassrepository_UF52ed": {
            "start_perf": [
                0.2802281379699707,
                0.15840199999999999,
                0.131023,
                247192,
                247208,
                1672757610.464457,
                87766759069274
            ],
            "child_modules": {},
            "end_perf": [
                0.28029704093933105,
                0.15840199999999999,
                0.13109100000000001,
                247192,
                247208,
                87766759192634,
                1,
                0
            ],
            "skipped": 1
        },
        "...MASTER...": {
            "start_perf": [
                0.27396512031555176,
                0.155088,
                0.12807299999999999,
                246200,
                246216,
                1672757610.458194,
                87766741495836
            ],
            "child_modules": {
                "vcs_paramclassrepository_vcsintf": 1,
                "rkv_i2c_tb": 1,
                "uvm_custom_install_recording": 1,
                "vcs_paramclassrepository_87QqAb": 1,
                "vcs_paramclassrepository_67wvne": 1,
                "_vcs_msglog": 1,
                "uvm_pkg": 1,
                "uvm_custom_install_verdi_recording": 1,
                "rkv_i2c_pkg": 1,
                "vcs_paramclassrepository": 1,
                "_vcs_unit__3820934895": 1,
                "std": 1,
                "lvc_apb_pkg": 1,
                "lvc_i2c_pkg": 1,
                "vcs_paramclassrepository_UF52ed": 1
            },
            "nRouts": 5,
            "end_perf": [
                0.27872204780578613,
                0.15795500000000001,
                0.129963,
                247188,
                247208,
                87766754821484,
                0,
                0
            ],
            "nQuads": 0,
            "nMops": 0
        },
        "std": {
            "start_perf": [
                0.27917218208312988,
                0.15820200000000001,
                0.130166,
                247192,
                247208,
                1672757610.4634011,
                87766756155409
            ],
            "child_modules": {},
            "end_perf": [
                0.27925920486450195,
                0.15825,
                0.13020599999999999,
                247192,
                247208,
                87766756363269,
                1,
                0
            ],
            "skipped": 1
        },
        "uvm_pkg": {
            "start_perf": [
                0.27933621406555176,
                0.15829199999999999,
                0.13023999999999999,
                247192,
                247208,
                1672757610.4635651,
                87766756576641
            ],
            "child_modules": {},
            "end_perf": [
                0.27940511703491211,
                0.15833,
                0.130272,
                247192,
                247208,
                87766756761352,
                1,
                0
            ],
            "skipped": 1
        },
        "_vcs_msglog": {
            "start_perf": [
                0.27947020530700684,
                0.15836600000000001,
                0.130301,
                247192,
                247208,
                1672757610.4636991,
                87766756944917
            ],
            "child_modules": {},
            "end_perf": [
                0.27953720092773438,
                0.15840199999999999,
                0.130331,
                247192,
                247208,
                87766757218890,
                1,
                0
            ],
            "skipped": 1
        },
        "_vcs_unit__3820934895": {
            "start_perf": [
                0.27963900566101074,
                0.15840199999999999,
                0.13043299999999999,
                247192,
                247208,
                1672757610.4638679,
                87766757364222
            ],
            "child_modules": {},
            "end_perf": [
                0.27968406677246094,
                0.15840199999999999,
                0.13047900000000001,
                247192,
                247208,
                87766757474993,
                1,
                0
            ],
            "skipped": 1
        },
        "lvc_apb_pkg": {
            "start_perf": [
                0.27992010116577148,
                0.15840199999999999,
                0.130714,
                247192,
                247208,
                1672757610.464149,
                87766758132110
            ],
            "child_modules": {},
            "end_perf": [
                0.27995800971984863,
                0.15840199999999999,
                0.13075300000000001,
                247192,
                247208,
                87766758199690,
                1,
                0
            ],
            "skipped": 1
        },
        "vcs_paramclassrepository_87QqAb": {
            "start_perf": [
                0.28034114837646484,
                0.15840199999999999,
                0.131136,
                247192,
                247208,
                1672757610.46457,
                87766759274143
            ],
            "child_modules": {},
            "end_perf": [
                0.28036618232727051,
                0.15840199999999999,
                0.131161,
                247192,
                247208,
                87766759338649,
                1,
                0
            ],
            "skipped": 1
        },
        "uvm_custom_install_recording": {
            "start_perf": [
                0.27972602844238281,
                0.15840199999999999,
                0.130521,
                247192,
                247208,
                1672757610.4639549,
                87766757585372
            ],
            "child_modules": {},
            "end_perf": [
                0.27976417541503906,
                0.15840199999999999,
                0.13055900000000001,
                247192,
                247208,
                87766757703137,
                1,
                0
            ],
            "skipped": 1
        },
        "lvc_i2c_pkg": {
            "start_perf": [
                0.2799830436706543,
                0.15840199999999999,
                0.13077800000000001,
                247192,
                247208,
                1672757610.4642119,
                87766758276369
            ],
            "child_modules": {},
            "end_perf": [
                0.28000807762145996,
                0.15840199999999999,
                0.130803,
                247192,
                247208,
                87766758340616,
                1,
                0
            ],
            "skipped": 1
        },
        "vcs_paramclassrepository": {
            "start_perf": [
                0.28018021583557129,
                0.15840199999999999,
                0.13097500000000001,
                247192,
                247208,
                1672757610.4644091,
                87766758819457
            ],
            "child_modules": {},