{
    "stat": {
        "ru_self_end": {
            "ru_nvcsw": 22,
            "ru_minflt": 29220,
            "ru_utime_sec": 0.25773499999999999,
            "ru_stime_sec": 0.13258,
            "ru_maxrss_kb": 73028,
            "ru_majflt": 10,
            "ru_nivcsw": 14
        },
        "ru_childs_end": {
            "ru_nvcsw": 24,
            "ru_minflt": 10630,
            "ru_utime_sec": 0.025877000000000001,
            "ru_stime_sec": 0.043822,
            "ru_maxrss_kb": 28576,
            "ru_majflt": 0,
            "ru_nivcsw": 22
        },
        "peak_mem_kb": 247284,
        "cpu_cycles_end": 77840112498428
    },
    "Modules": {
        "vcs_paramclassrepository": {
            "skipped": 1,
            "start_perf": [
                0.34896492958068848,
                0.25460199999999999,
                0.121765,
                247256,
                247272,
                1672837964.652956,
                77840072345394
            ],
            "child_modules": {},
            "end_perf": [
                0.34898996353149414,
                0.25460199999999999,
                0.12179,
                247256,
                247272,
                77840072418851,
                1,
                0
            ]
        },
        "...MASTER...": {
            "start_perf": [
                0.34336590766906738,
                0.25126300000000001,
                0.119504,
                246264,
                246280,
                1672837964.647357,
                77840056758260
            ],
            "nRouts": 5,
            "child_modules": {
                "vcs_paramclassrepository_67wvne": 1,
                "rkv_i2c_tb": 1,
                "vcs_paramclassrepository_87QqAb": 1,
                "uvm_custom_install_verdi_recording": 1,
                "uvm_pkg": 1,
                "vcs_paramclassrepository": 1,
                "_vcs_unit__3820934895": 1,
                "lvc_apb_pkg": 1,
                "std": 1,
                "vcs_paramclassrepository_vcsintf": 1,
                "_vcs_msglog": 1,
                "rkv_i2c_pkg": 1,
                "uvm_custom_install_recording": 1,
                "lvc_i2c_pkg": 1,
                "vcs_paramclassrepository_UF52ed": 1
            },
            "end_perf": [
                0.34796500205993652,
                0.25414300000000001,
                0.121223,
                247252,
                247272,
                77840069706931,
                0,
                0
            ],
            "nQuads": 0,
            "nMops": 0
        },
        "uvm_pkg": {
            "skipped": 1,
            "start_perf": [
                0.34839391708374023,
                0.25443500000000002,
                0.121362,
                247256,
                247272,
                1672837964.652385,
                77840070756020
            ],
            "child_modules": {},
            "end_perf": [
                0.34842085838317871,
                0.25445299999999998,
                0.12137000000000001,
                247256,
                247272,
                77840070826498,
                1,
                0
            ]
        },
        "std": {
            "skipped": 1,
            "start_perf": [
                0.34832000732421875,
                0.254384,
                0.121338,
                247256,
                247272,
                1672837964.6523111,
                77840070586455
            ],
            "child_modules": {},
            "end_perf": [
                0.34836387634277344,
                0.25441399999999997,
                0.121352,
                247256,
                247272,
                77840070672477,
                1,
                0
            ]
        },
        "lvc_apb_pkg": {
            "skipped": 1,
            "start_perf": [
                0.34864091873168945,
                0.25460199999999999,
                0.12144199999999999,
                247256,
                247272,
                1672837964.652632,
                77840071550360
            ],
            "child_modules": {},
            "end_perf": [
                0.3487098217010498,
                0.25460199999999999,
                0.12151000000000001,
                247256,
                247272,
                77840071696251,
                1,
                0
            ]
        },
        "uvm_custom_install_recording": {
            "skipped": 1,
            "start_perf": [
                0.34854483604431152,
                0.25453700000000001,
                0.12141100000000001,
                247256,
                247272,
                1672837964.6525359,
                77840071173529
            ],
            "child_modules": {},
            "end_perf": [
                0.34856891632080078,
                0.25455299999999997,
                0.121418,
                247256,
                247272,
                77840071238440,
                1,
                0
            ]
        },
        "vcs_paramclassrepository_vcsintf": {
            "skipped": 1,
            "start_perf": [
                0.34891486167907715,
                0.25460199999999999,
                0.121716,
                247256,
                247272,
                1672837964.6529059,
                77840072206481
            ],
            "child_modules": {},
            "end_perf": [
                0.34894084930419922,
                0.25460199999999999,
                0.121741,
                247256,
                247272,
                77840072276932,
                1,
                0
            ]
        },
        "rkv_i2c_pkg": {
            "skipped": 1,
            "start_perf": [
                0.34881687164306641,
                0.25460199999999999,
                0.121617,
                247256,
                247272,
                1672837964.652808,
                77840071931263
            ],
            "child_modules": {},
            "end_perf": [
                0.34884095191955566,
                0.25460199999999999,
                0.121641,
                247256,
                247272,
                77840071999553,
                1,
                0
            ]
        },
        "_vcs_msglog": {
            "skipped": 1,
            "start_perf": [
                0.34844493865966797,
                0.254469,
                0.121378,
                247256,
                247272,
                1672837964.652436,
                77840070895109
            ],
            "child_modules": {},
            "end_perf": [
                0.34846901893615723,
                0.25448500000000002,
                0.12138599999999999,
                247256,
                247272,
                77840070962170,
                1,
                0
            ]
        },
        "_vcs_unit__3820934895": {
            "skipped": 1,
            "start_perf": [
                0.34849381446838379,
                0.25450200000000001,
                0.121394,
                247256,
                247272,
                1672837964.6524849,
                77840071036744
            ],
            "child_modules": {},
            "end_perf": [
                0.34852099418640137,
                0.254521,
                0.121403,
                247256,
                247272,
                77840071106477,
                1,
                0
            ]
        },
        "vcs_paramclassrepository_87QqAb": {
            "skipped": 1,
            "start_perf": [
                0.34906697273254395,
                0.25460199999999999,
                0.121867,
                247256,
                247272,
                1672837964.6530581,
                77840072632338
            ],
            "child_modules": {},