{
    "ObjArchives": [],
    "Modules": {
        "vcs_paramclassrepository_67wvne": {
            "start_perf": [
                0.23705792427062988,
                0.14555999999999999,
                0.071274000000000004,
                247164,
                247180,
                1672471110.4043839,
                9487627709963
            ],
            "child_modules": {},
            "end_perf": [
                0.23709392547607422,
                0.14558399999999999,
                0.071286000000000002,
                247164,
                247180,
                9487627803267,
                1,
                0
            ],
            "skipped": 1
        },
        "...MASTER...": {
            "nQuads": 0,
            "start_perf": [
                0.22495198249816895,
                0.142128,
                0.068060999999999997,
                246172,
                246188,
                1672471110.392278,
                9487593885141
            ],
            "child_modules": {
                "lvc_apb_pkg": 1,
                "rkv_i2c_tb": 1,
                "uvm_pkg": 1,
                "std": 1,
                "lvc_i2c_pkg": 1,
                "vcs_paramclassrepository_87QqAb": 1,
                "uvm_custom_install_verdi_recording": 1,
                "vcs_paramclassrepository_67wvne": 1,
                "vcs_paramclassrepository": 1,
                "_vcs_unit__3820934895": 1,
                "rkv_i2c_pkg": 1,
                "_vcs_msglog": 1,
                "uvm_custom_install_recording": 1,
                "vcs_paramclassrepository_vcsintf": 1,
                "vcs_paramclassrepository_UF52ed": 1
            },
            "nMops": 0,
            "end_perf": [
                0.23256897926330566,
                0.145147,
                0.070070999999999994,
                247160,
                247180,
                9487615247879,
                0,
                0
            ],
            "nRouts": 5
        },
        "rkv_i2c_tb": {
            "start_perf": [
                0.23672604560852051,
                0.14533699999999999,
                0.071165000000000006,
                247164,
                247180,
                1672471110.404052,
                9487626763799
            ],
            "child_modules": {},
            "end_perf": [
                0.23675704002380371,
                0.14535799999999999,
                0.071175000000000002,
                247164,
                247180,
                9487626848059,
                1,
                0
            ],
            "skipped": 1
        },
        "std": {
            "start_perf": [
                0.23612499237060547,
                0.145147,
                0.070751999999999995,
                247164,
                247180,
                1672471110.403451,
                9487625154943
            ],
            "child_modules": {},
            "end_perf": [
                0.23618912696838379,
                0.145147,
                0.070817000000000005,
                247164,
                247180,
                9487625267071,
                1,
                0
            ],
            "skipped": 1
        },
        "uvm_pkg": {
            "start_perf": [
                0.23622894287109375,
                0.145147,
                0.070857000000000003,
                247164,
                247180,
                1672471110.4035549,
                9487625427643
            ],
            "child_modules": {},
            "end_perf": [
                0.2362821102142334,
                0.145147,
                0.070910000000000001,
                247164,
                247180,
                9487625525479,
                1,
                0
            ],
            "skipped": 1
        },
        "lvc_apb_pkg": {
            "start_perf": [
                0.23654794692993164,
                0.14521800000000001,
                0.071106000000000003,
                247164,
                247180,
                1672471110.4038739,
                9487626265803
            ],
            "child_modules": {},
            "end_perf": [
                0.23657703399658203,
                0.145237,
                0.071115999999999999,
                247164,
                247180,
                9487626343523,
                1,
                0
            ],
            "skipped": 1
        },
        "_vcs_msglog": {
            "start_perf": [
                0.23631501197814941,
                0.145147,
                0.070943999999999993,
                247164,
                247180,
                1672471110.403641,
                9487625618311
            ],
            "child_modules": {},
            "end_perf": [
                0.23634505271911621,
                0.145147,
                0.070973999999999995,
                247164,
                247180,
                9487625696639,
                1,
                0
            ],
            "skipped": 1
        },
        "uvm_custom_install_recording": {
            "start_perf": [
                0.23643302917480469,
                0.145147,
                0.071062,
                247164,
                247180,
                1672471110.403759,
                9487625941803
            ],
            "child_modules": {},
            "end_perf": [
                0.23646092414855957,
                0.14515900000000001,
                0.071078000000000002,
                247164,
                247180,
                9487626018063,
                1,
                0
            ],
            "skipped": 1
        },
        "vcs_paramclassrepository": {
            "start_perf": [
                0.23684191703796387,
                0.14541499999999999,
                0.071203000000000002,
                247164,
                247180,
                1672471110.4041679,
                9487627084299
            ],
            "child_modules": {},
            "end_perf": [
                0.23687195777893066,
                0.14543500000000001,
                0.071212999999999999,
                247164,
                247180,
                9487627224099,
                1,
                0
            ],
            "skipped": 1
        },
        "_vcs_unit__3820934895": {
            "start_perf": [
                0.2363741397857666,
                0.145147,
                0.071001999999999996,
                247164,
                247180,
                1672471110.4037001,
                9487625775439
            ],
            "child_modules": {},
            "end_perf": [
                0.23640298843383789,
                0.145147,
                0.071031999999999998,
                247164,
                247180,
                9487625858447,
                1,
                0
            ],
            "skipped": 1
        },
        "vcs_paramclassrepository_87QqAb": {
            "start_perf": [
                0.23700094223022461,
                0.14552200000000001,
                0.071254999999999999,
                247164,
                247180,
                1672471110.4043269,
                9487627529919
            ],
            "child_modules": {},
            "end_perf": [
                0.23702907562255859,
                0.145541,
                0.071263999999999994,
                247164,
                247180,
                9487627607819,
                1,
                0
            ],
            "skipped": 1
        },
        "lvc_i2c_pkg": {
            "start_perf": [
                0.23660612106323242,
                0.145257,
                0.071125999999999995,
                247164,
                247180,
                1672471110.4039321,
                9487626429527
            ],
            "child_modules": {},