{
    "Modules": {
        "lvc_apb_pkg": {
            "start_perf": [
                0.22793102264404297,
                0.158412,
                0.069460999999999995,
                247136,
                247152,
                1672408633.0347171,
                91735603555320
            ],
            "child_modules": {},
            "end_perf": [
                0.22795486450195312,
                0.158412,
                0.069486000000000006,
                247136,
                247152,
                91735603620032,
                1,
                0
            ],
            "skipped": 1
        },
        "...MASTER...": {
            "start_perf": [
                0.22228884696960449,
                0.15571499999999999,
                0.066725999999999994,
                246144,
                246160,
                1672408633.0290749,
                91735587830007
            ],
            "child_modules": {
                "rkv_i2c_tb": 1,
                "vcs_paramclassrepository_87QqAb": 1,
                "uvm_pkg": 1,
                "vcs_paramclassrepository_vcsintf": 1,
                "uvm_custom_install_verdi_recording": 1,
                "std": 1,
                "vcs_paramclassrepository_67wvne": 1,
                "_vcs_unit__3820934895": 1,
                "vcs_paramclassrepository": 1,
                "rkv_i2c_pkg": 1,
                "uvm_custom_install_recording": 1,
                "_vcs_msglog": 1,
                "lvc_apb_pkg": 1,
                "lvc_i2c_pkg": 1,
                "vcs_paramclassrepository_UF52ed": 1
            },
            "end_perf": [
                0.22696590423583984,
                0.158412,
                0.068611000000000005,
                247132,
                247152,
                91735600928764,
                0,
                0
            ],
            "nQuads": 0,
            "nRouts": 5,
            "nMops": 0
        },
        "uvm_pkg": {
            "start_perf": [
                0.22765088081359863,
                0.158412,
                0.069181999999999994,
                247136,
                247152,
                1672408633.0344369,
                91735602776908
            ],
            "child_modules": {},
            "end_perf": [
                0.2276768684387207,
                0.158412,
                0.069208000000000006,
                247136,
                247152,
                91735602844889,
                1,
                0
            ],
            "skipped": 1
        },
        "vcs_paramclassrepository_vcsintf": {
            "start_perf": [
                0.22813105583190918,
                0.158441,
                0.069633,
                247136,
                247152,
                1672408633.0349171,
                91735604112953
            ],
            "child_modules": {},
            "end_perf": [
                0.22815489768981934,
                0.15845699999999999,
                0.069639999999999994,
                247136,
                247152,
                91735604178364,
                1,
                0
            ],
            "skipped": 1
        },
        "std": {
            "start_perf": [
                0.22757101058959961,
                0.158412,
                0.069100999999999996,
                247136,
                247152,
                1672408633.0343571,
                91735602596567
            ],
            "child_modules": {},
            "end_perf": [
                0.22761702537536621,
                0.158412,
                0.069147,
                247136,
                247152,
                91735602687099,
                1,
                0
            ],
            "skipped": 1
        },
        "uvm_custom_install_verdi_recording": {
            "start_perf": [
                0.22788190841674805,
                0.158412,
                0.069413000000000002,
                247136,
                247152,
                1672408633.034668,
                91735603419836
            ],
            "child_modules": {},
            "end_perf": [
                0.22790694236755371,
                0.158412,
                0.069436999999999999,
                247136,
                247152,
                91735603484318,
                1,
                0
            ],
            "skipped": 1
        },
        "vcs_paramclassrepository_67wvne": {
            "start_perf": [
                0.22832298278808594,
                0.15857499999999999,
                0.069692000000000004,
                247136,
                247152,
                1672408633.035109,
                91735604648140
            ],
            "child_modules": {},
            "end_perf": [
                0.22834587097167969,
                0.15859000000000001,
                0.069698999999999997,
                247136,
                247152,
                91735604711508,
                1,
                0
            ],
            "skipped": 1
        },
        "_vcs_unit__3820934895": {
            "start_perf": [
                0.2277839183807373,
                0.158412,
                0.069315000000000002,
                247136,
                247152,
                1672408633.03457,
                91735603145227
            ],
            "child_modules": {},
            "end_perf": [
                0.22780895233154297,
                0.158412,
                0.069338999999999998,
                247136,
                247152,
                91735603211395,
                1,
                0
            ],
            "skipped": 1
        },
        "_vcs_msglog": {
            "start_perf": [
                0.22770404815673828,
                0.158412,
                0.069234000000000004,
                247136,
                247152,
                1672408633.0344901,
                91735602982046
            ],
            "child_modules": {},
            "end_perf": [
                0.22775483131408691,
                0.158412,
                0.069284999999999999,
                247136,
                247152,
                91735603068483,
                1,
                0
            ],
            "skipped": 1
        },
        "uvm_custom_install_recording": {
            "start_perf": [
                0.22783303260803223,
                0.158412,
                0.069363999999999995,
                247136,
                247152,
                1672408633.0346191,
                91735603279219
            ],
            "child_modules": {},
            "end_perf": [
                0.22785687446594238,
                0.158412,
                0.069387000000000004,
                247136,
                247152,
                91735603348831,
                1,
                0
            ],
            "skipped": 1
        },
        "lvc_i2c_pkg": {
            "start_perf": [
                0.22797989845275879,
                0.158412,
                0.069511000000000003,
                247136,
                247152,
                1672408633.034766,
                91735603689544
            ],
            "child_modules": {},
            "end_perf": [
                0.22800493240356445,
                0.158412,
                0.069535,
                247136,
                247152,
                91735603761170,
                1,
                0
            ],
            "skipped": 1
        },
        "rkv_i2c_pkg": {
            "start_perf": [
                0.22803092002868652,
                0.158412,
                0.069560999999999998,
                247136,
                247152,
                1672408633.034817,
                91735603831775
            ],
            "child_modules": {},