{
    "Modules": {
        "lvc_i2c_pkg": {
            "end_perf": [
                0.25862479209899902,
                0.146982,
                0.120627,
                247212,
                247228,
                13717924214110,
                1,
                0
            ],
            "start_perf": [
                0.25859999656677246,
                0.14696899999999999,
                0.120616,
                247212,
                247228,
                1672815010.9928441,
                13717924149628
            ],
            "child_modules": {},
            "skipped": 1
        },
        "...MASTER...": {
            "end_perf": [
                0.2575688362121582,
                0.14649300000000001,
                0.120225,
                247208,
                247228,
                13717921335019,
                0,
                0
            ],
            "start_perf": [
                0.25298595428466797,
                0.14414199999999999,
                0.118086,
                246220,
                246236,
                1672815010.9872301,
                13717908509276
            ],
            "child_modules": {
                "rkv_i2c_tb": 1,
                "vcs_paramclassrepository_UF52ed": 1,
                "lvc_apb_pkg": 1,
                "vcs_paramclassrepository_87QqAb": 1,
                "uvm_pkg": 1,
                "std": 1,
                "_vcs_unit__3820934895": 1,
                "lvc_i2c_pkg": 1,
                "uvm_custom_install_verdi_recording": 1,
                "vcs_paramclassrepository_67wvne": 1,
                "vcs_paramclassrepository": 1,
                "rkv_i2c_pkg": 1,
                "uvm_custom_install_recording": 1,
                "_vcs_msglog": 1,
                "vcs_paramclassrepository_vcsintf": 1
            },
            "nQuads": 0,
            "nMops": 0,
            "nRouts": 5
        },
        "uvm_custom_install_verdi_recording": {
            "end_perf": [
                0.25852584838867188,
                0.146928,
                0.12058199999999999,
                247212,
                247228,
                13717923937173,
                1,
                0
            ],
            "start_perf": [
                0.25850200653076172,
                0.14691499999999999,
                0.120571,
                247212,
                247228,
                1672815010.9927461,
                13717923872171
            ],
            "child_modules": {},
            "skipped": 1
        },
        "_vcs_unit__3820934895": {
            "end_perf": [
                0.25842881202697754,
                0.14687500000000001,
                0.12053800000000001,
                247212,
                247228,
                13717923666996,
                1,
                0
            ],
            "start_perf": [
                0.25840497016906738,
                0.14686099999999999,
                0.120528,
                247212,
                247228,
                1672815010.9926491,
                13717923601279
            ],
            "child_modules": {},
            "skipped": 1
        },
        "std": {
            "end_perf": [
                0.25824880599975586,
                0.14677599999999999,
                0.12045699999999999,
                247212,
                247228,
                13717923172728,
                1,
                0
            ],
            "start_perf": [
                0.25820279121398926,
                0.14674999999999999,
                0.120436,
                247212,
                247228,
                1672815010.9924469,
                13717923080679
            ],
            "child_modules": {},
            "skipped": 1
        },
        "uvm_pkg": {
            "end_perf": [
                0.25830578804016113,
                0.14680699999999999,
                0.12048300000000001,
                247212,
                247228,
                13717923374567,
                1,
                0
            ],
            "start_perf": [
                0.25828099250793457,
                0.14679300000000001,
                0.120472,
                247212,
                247228,
                1672815010.9925251,
                13717923257993
            ],
            "child_modules": {},
            "skipped": 1
        },
        "_vcs_msglog": {
            "end_perf": [
                0.25838088989257812,
                0.14684800000000001,
                0.120517,
                247212,
                247228,
                13717923533992,
                1,
                0
            ],
            "start_perf": [
                0.25835394859313965,
                0.14683299999999999,
                0.120504,
                247212,
                247228,
                1672815010.9925981,
                13717923464485
            ],
            "child_modules": {},
            "skipped": 1
        },
        "uvm_custom_install_recording": {
            "end_perf": [
                0.25847792625427246,
                0.146902,
                0.120561,
                247212,
                247228,
                13717923804641,
                1,
                0
            ],
            "start_perf": [
                0.2584538459777832,
                0.14688799999999999,
                0.12055,
                247212,
                247228,
                1672815010.992698,
                13717923738755
            ],
            "child_modules": {},
            "skipped": 1
        },
        "vcs_paramclassrepository_87QqAb": {
            "end_perf": [
                0.25891995429992676,
                0.147144,
                0.12076000000000001,
                247212,
                247228,
                13717925040277,
                1,
                0
            ],
            "start_perf": [
                0.25889492034912109,
                0.14713100000000001,
                0.12074799999999999,
                247212,
                247228,
                1672815010.993139,
                13717924969874
            ],
            "child_modules": {},
            "skipped": 1
        },
        "vcs_paramclassrepository_UF52ed": {
            "end_perf": [
                0.25887084007263184,
                0.147117,
                0.120738,
                247212,
                247228,
                13717924903204,
                1,
                0
            ],
            "start_perf": [
                0.25884699821472168,
                0.14710400000000001,
                0.120727,
                247212,
                247228,
                1672815010.9930911,
                13717924836836
            ],
            "child_modules": {},
            "skipped": 1
        },
        "lvc_apb_pkg": {
            "end_perf": [
                0.25857400894165039,
                0.146954,
                0.120604,
                247212,
                247228,
                13717924076411,
                1,
                0
            ],
            "start_perf": [
                0.25854897499084473,
                0.14694099999999999,
                0.12059300000000001,
                247212,
                247228,
                1672815010.9927931,
                13717924007334
            ],
            "child_modules": {},
            "skipped": 1
        },
        "rkv_i2c_pkg": {
            "end_perf": [
                0.25867295265197754,
                0.147009,
                0.12064900000000001,
                247212,
                247228,
                13717924348910,
                1,
                0
            ],