{
    "stat": {
        "ru_self_end": {
            "ru_nvcsw": 13,
            "ru_minflt": 29229,
            "ru_utime_sec": 0.2525,
            "ru_majflt": 1,
            "ru_stime_sec": 0.124015,
            "ru_maxrss_kb": 73028,
            "ru_nivcsw": 14
        },
        "ru_childs_end": {
            "ru_nvcsw": 24,
            "ru_minflt": 10624,
            "ru_utime_sec": 0.080879999999999994,
            "ru_majflt": 0,
            "ru_stime_sec": 0.124336,
            "ru_maxrss_kb": 28576,
            "ru_nivcsw": 22
        },
        "cpu_cycles_end": 74034537221736,
        "peak_mem_kb": 247284
    },
    "Modules": {
        "...MASTER...": {
            "start_perf": [
                0.48755192756652832,
                0.234399,
                0.10515099999999999,
                246264,
                246280,
                1672836602.356437,
                74034431849577
            ],
            "child_modules": {
                "rkv_i2c_tb": 1,
                "uvm_custom_install_verdi_recording": 1,
                "_vcs_unit__3820934895": 1,
                "vcs_paramclassrepository_87QqAb": 1,
                "uvm_pkg": 1,
                "vcs_paramclassrepository_67wvne": 1,
                "std": 1,
                "lvc_i2c_pkg": 1,
                "vcs_paramclassrepository": 1,
                "vcs_paramclassrepository_vcsintf": 1,
                "_vcs_msglog": 1,
                "rkv_i2c_pkg": 1,
                "uvm_custom_install_recording": 1,
                "lvc_apb_pkg": 1,
                "vcs_paramclassrepository_UF52ed": 1
            },
            "end_perf": [
                0.49209189414978027,
                0.23594699999999999,
                0.108142,
                247252,
                247272,
                74034444568429,
                0,
                0
            ],
            "nRouts": 5,
            "nQuads": 0,
            "nMops": 0
        },
        "vcs_paramclassrepository_67wvne": {
            "start_perf": [
                0.49331092834472656,
                0.237127,
                0.108182,
                247256,
                247272,
                1672836602.362196,
                74034447912119
            ],
            "child_modules": {},
            "end_perf": [
                0.49333786964416504,
                0.237146,
                0.108191,
                247256,
                247272,
                74034447986154,
                1,
                0
            ],
            "skipped": 1
        },
        "vcs_paramclassrepository_87QqAb": {
            "start_perf": [
                0.49325895309448242,
                0.237092,
                0.108166,
                247256,
                247272,
                1672836602.362144,
                74034447763778
            ],
            "child_modules": {},
            "end_perf": [
                0.49328494071960449,
                0.23710899999999999,
                0.10817400000000001,
                247256,
                247272,
                74034447834730,
                1,
                0
            ],
            "skipped": 1
        },
        "std": {
            "start_perf": [
                0.49248790740966797,
                0.236343,
                0.108142,
                247256,
                247272,
                1672836602.3613729,
                74034445644874
            ],
            "child_modules": {},
            "end_perf": [
                0.49253201484680176,
                0.23638799999999999,
                0.108142,
                247256,
                247272,
                74034445736183,
                1,
                0
            ],
            "skipped": 1
        },
        "uvm_pkg": {
            "start_perf": [
                0.49256491661071777,
                0.23642099999999999,
                0.108142,
                247256,
                247272,
                1672836602.36145,
                74034445825901
            ],
            "child_modules": {},
            "end_perf": [
                0.49259305000305176,
                0.23644999999999999,
                0.108142,
                247256,
                247272,
                74034445903196,
                1,
                0
            ],
            "skipped": 1
        },
        "vcs_paramclassrepository_vcsintf": {
            "start_perf": [
                0.49309492111206055,
                0.23695099999999999,
                0.108142,
                247256,
                247272,
                1672836602.36198,
                74034447304622
            ],
            "child_modules": {},
            "end_perf": [
                0.49312186241149902,
                0.236979,
                0.108142,
                247256,
                247272,
                74034447379235,
                1,
                0
            ],
            "skipped": 1
        },
        "rkv_i2c_pkg": {
            "start_perf": [
                0.49298787117004395,
                0.236844,
                0.108142,
                247256,
                247272,
                1672836602.3618729,
                74034447003422
            ],
            "child_modules": {},
            "end_perf": [
                0.49301385879516602,
                0.236871,
                0.108142,
                247256,
                247272,
                74034447077796,
                1,
                0
            ],
            "skipped": 1
        },
        "_vcs_msglog": {
            "start_perf": [
                0.49261999130249023,
                0.23647599999999999,
                0.108142,
                247256,
                247272,
                1672836602.361505,
                74034446077506
            ],
            "child_modules": {},
            "end_perf": [
                0.49268698692321777,
                0.236542,
                0.108142,
                247256,
                247272,
                74034446178943,
                1,
                0
            ],
            "skipped": 1
        },
        "rkv_i2c_tb": {
            "start_perf": [
                0.49303984642028809,
                0.236896,
                0.108142,
                247256,
                247272,
                1672836602.3619249,
                74034447150472
            ],
            "child_modules": {},
            "end_perf": [
                0.49306607246398926,
                0.23692199999999999,
                0.108142,
                247256,
                247272,
                74034447222647,
                1,
                0
            ],
            "skipped": 1
        },
        "_vcs_unit__3820934895": {
            "start_perf": [
                0.49271988868713379,
                0.23657700000000001,
                0.108142,
                247256,
                247272,
                1672836602.3616049,
                74034446268357
            ],
            "child_modules": {},
            "end_perf": [
                0.4927520751953125,
                0.23660800000000001,
                0.108142,
                247256,
                247272,
                74034446345098,
                1,
                0
            ],
            "skipped": 1
        },
        "uvm_custom_install_verdi_recording": {
            "start_perf": [
                0.49283003807067871,
                0.23668600000000001,
                0.108142,
                247256,
                247272,
                1672836602.3617151,
                74034446562888
            ],
            "child_modules": {},