{
    "Modules": {
        "...MASTER...": {
            "nRouts": 5,
            "start_perf": [
                0.24666309356689453,
                0.159002,
                0.065000000000000002,
                246308,
                246324,
                1672924336.452029,
                55707464693503
            ],
            "child_modules": {
                "rkv_i2c_tb": 1,
                "_vcs_unit__3820934895": 1,
                "vcs_paramclassrepository_87QqAb": 1,
                "uvm_custom_install_recording": 1,
                "uvm_pkg": 1,
                "uvm_custom_install_verdi_recording": 1,
                "std": 1,
                "rkv_i2c_pkg": 1,
                "vcs_paramclassrepository_67wvne": 1,
                "vcs_paramclassrepository": 1,
                "_vcs_msglog": 1,
                "lvc_apb_pkg": 1,
                "lvc_i2c_pkg": 1,
                "vcs_paramclassrepository_vcsintf": 1,
                "vcs_paramclassrepository_UF52ed": 1
            },
            "nMops": 0,
            "end_perf": [
                0.25242209434509277,
                0.16383,
                0.065931000000000003,
                247296,
                247316,
                55707480835143,
                0,
                0
            ],
            "nQuads": 0
        },
        "_vcs_unit__3820934895": {
            "start_perf": [
                0.25313520431518555,
                0.16433900000000001,
                0.066136,
                247300,
                247316,
                1672924336.4585011,
                55707482745306
            ],
            "child_modules": {},
            "end_perf": [
                0.25317502021789551,
                0.16436700000000001,
                0.066147999999999998,
                247300,
                247316,
                55707482856764,
                1,
                0
            ],
            "skipped": 1
        },
        "std": {
            "start_perf": [
                0.25287318229675293,
                0.16415199999999999,
                0.066060999999999995,
                247300,
                247316,
                1672924336.4582391,
                55707482044581
            ],
            "child_modules": {},
            "end_perf": [
                0.25292801856994629,
                0.164191,
                0.066076999999999997,
                247300,
                247316,
                55707482168895,
                1,
                0
            ],
            "skipped": 1
        },
        "uvm_custom_install_verdi_recording": {
            "start_perf": [
                0.2532951831817627,
                0.16445299999999999,
                0.066182000000000005,
                247300,
                247316,
                1672924336.4586611,
                55707483190391
            ],
            "child_modules": {},
            "end_perf": [
                0.25333404541015625,
                0.16448099999999999,
                0.066193000000000002,
                247300,
                247316,
                55707483300767,
                1,
                0
            ],
            "skipped": 1
        },
        "uvm_pkg": {
            "start_perf": [
                0.2529749870300293,
                0.16422500000000001,
                0.066089999999999996,
                247300,
                247316,
                1672924336.4583409,
                55707482300215
            ],
            "child_modules": {},
            "end_perf": [
                0.25301504135131836,
                0.16425400000000001,
                0.066101999999999994,
                247300,
                247316,
                55707482409427,
                1,
                0
            ],
            "skipped": 1
        },
        "uvm_custom_install_recording": {
            "start_perf": [
                0.25321602821350098,
                0.16439599999999999,
                0.066158999999999996,
                247300,
                247316,
                1672924336.4585819,
                55707482967971
            ],
            "child_modules": {},
            "end_perf": [
                0.25325512886047363,
                0.16442399999999999,
                0.066170000000000007,
                247300,
                247316,
                55707483078441,
                1,
                0
            ],
            "skipped": 1
        },
        "_vcs_msglog": {
            "start_perf": [
                0.25305509567260742,
                0.16428200000000001,
                0.066113000000000005,
                247300,
                247316,
                1672924336.458421,
                55707482518780
            ],
            "child_modules": {},
            "end_perf": [
                0.25309514999389648,
                0.16431100000000001,
                0.066125000000000003,
                247300,
                247316,
                55707482633433,
                1,
                0
            ],
            "skipped": 1
        },
        "lvc_apb_pkg": {
            "start_perf": [
                0.25337409973144531,
                0.16450999999999999,
                0.066205,
                247300,
                247316,
                1672924336.45874,
                55707483594800
            ],
            "child_modules": {},
            "end_perf": [
                0.25348305702209473,
                0.16450999999999999,
                0.066312999999999997,
                247300,
                247316,
                55707483730149,
                1,
                0
            ],
            "skipped": 1
        },
        "lvc_i2c_pkg": {
            "start_perf": [
                0.25353002548217773,
                0.16450999999999999,
                0.066360000000000002,
                247300,
                247316,
                1672924336.4588959,
                55707483847177
            ],
            "child_modules": {},
            "end_perf": [
                0.25357198715209961,
                0.16450999999999999,
                0.066402000000000003,
                247300,
                247316,
                55707483964901,
                1,
                0
            ],
            "skipped": 1
        },
        "vcs_paramclassrepository_67wvne": {
            "start_perf": [
                0.2542111873626709,
                0.16450999999999999,
                0.066983000000000001,
                247300,
                247316,
                1672924336.4595771,
                55707485750092
            ],
            "child_modules": {},
            "end_perf": [
                0.25425004959106445,
                0.16450999999999999,
                0.067021999999999998,
                247300,
                247316,
                55707485858278,
                1,
                0
            ],
            "skipped": 1
        },
        "vcs_paramclassrepository": {
            "start_perf": [
                0.25386214256286621,
                0.16450999999999999,
                0.066692000000000001,
                247300,
                247316,
                1672924336.459228,
                55707484775580
            ],
            "child_modules": {},
            "end_perf": [
                0.25390100479125977,
                0.16450999999999999,
                0.066732,
                247300,
                247316,
                55707484882181,
                1,
                0
            ],
            "skipped": 1
        },
        "rkv_i2c_pkg": {
            "start_perf": [
                0.25361418724060059,
                0.16450999999999999,
                0.066445000000000004,
                247300,
                247316,
                1672924336.4589801,
                55707484083535
            ],