{
    "reusePaths": {},
    "Modules": {
        "vcs_paramclassrepository_vcsintf": {
            "skipped": 1,
            "start_perf": [
                0.33040714263916016,
                0.22916700000000001,
                0.12557099999999999,
                247192,
                247208,
                1672736544.0330851,
                28916713775283
            ],
            "child_modules": {},
            "end_perf": [
                0.33043408393859863,
                0.229184,
                0.12558,
                247192,
                247208,
                28916713846782,
                1,
                0
            ]
        },
        "...MASTER...": {
            "start_perf": [
                0.32459592819213867,
                0.22681299999999999,
                0.122291,
                246200,
                246216,
                1672736544.0272739,
                28916697567574
            ],
            "nMops": 0,
            "child_modules": {
                "vcs_paramclassrepository": 1,
                "rkv_i2c_tb": 1,
                "vcs_paramclassrepository_87QqAb": 1,
                "uvm_pkg": 1,
                "vcs_paramclassrepository_67wvne": 1,
                "vcs_paramclassrepository_vcsintf": 1,
                "uvm_custom_install_verdi_recording": 1,
                "_vcs_unit__3820934895": 1,
                "std": 1,
                "_vcs_msglog": 1,
                "rkv_i2c_pkg": 1,
                "vcs_paramclassrepository_UF52ed": 1,
                "uvm_custom_install_recording": 1,
                "lvc_apb_pkg": 1,
                "lvc_i2c_pkg": 1
            },
            "end_perf": [
                0.32922101020812988,
                0.22847400000000001,
                0.125191,
                247188,
                247208,
                28916710565245,
                0,
                0
            ],
            "nQuads": 0,
            "nRouts": 5
        },
        "uvm_custom_install_verdi_recording": {
            "skipped": 1,
            "start_perf": [
                0.33016300201416016,
                0.22900899999999999,
                0.12548400000000001,
                247192,
                247208,
                1672736544.032841,
                28916713087485
            ],
            "child_modules": {},
            "end_perf": [
                0.33018708229064941,
                0.22902500000000001,
                0.12549299999999999,
                247192,
                247208,
                28916713153123,
                1,
                0
            ]
        },
        "lvc_apb_pkg": {
            "skipped": 1,
            "start_perf": [
                0.33021092414855957,
                0.22903999999999999,
                0.125501,
                247192,
                247208,
                1672736544.0328889,
                28916713223241
            ],
            "child_modules": {},
            "end_perf": [
                0.33023500442504883,
                0.22905600000000001,
                0.12551000000000001,
                247192,
                247208,
                28916713288404,
                1,
                0
            ]
        },
        "std": {
            "skipped": 1,
            "start_perf": [
                0.32981991767883301,
                0.22878799999999999,
                0.125363,
                247192,
                247208,
                1672736544.0324979,
                28916712221592
            ],
            "child_modules": {},
            "end_perf": [
                0.32988595962524414,
                0.22883000000000001,
                0.125386,
                247192,
                247208,
                28916712439807,
                1,
                0
            ]
        },
        "uvm_pkg": {
            "skipped": 1,
            "start_perf": [
                0.32996296882629395,
                0.22888,
                0.125414,
                247192,
                247208,
                1672736544.0326409,
                28916712536088
            ],
            "child_modules": {},
            "end_perf": [
                0.32999300956726074,
                0.22889899999999999,
                0.12542400000000001,
                247192,
                247208,
                28916712612790,
                1,
                0
            ]
        },
        "_vcs_unit__3820934895": {
            "skipped": 1,
            "start_perf": [
                0.33006501197814941,
                0.22894600000000001,
                0.12545000000000001,
                247192,
                247208,
                1672736544.032743,
                28916712813630
            ],
            "child_modules": {},
            "end_perf": [
                0.33008909225463867,
                0.228961,
                0.12545799999999999,
                247192,
                247208,
                28916712880079,
                1,
                0
            ]
        },
        "rkv_i2c_pkg": {
            "skipped": 1,
            "start_perf": [
                0.33031010627746582,
                0.229104,
                0.12553600000000001,
                247192,
                247208,
                1672736544.0329881,
                28916713497036
            ],
            "child_modules": {},
            "end_perf": [
                0.33033299446105957,
                0.22911899999999999,
                0.12554399999999999,
                247192,
                247208,
                28916713564033,
                1,
                0
            ]
        },
        "_vcs_msglog": {
            "skipped": 1,
            "start_perf": [
                0.33001708984375,
                0.22891500000000001,
                0.12543299999999999,
                247192,
                247208,
                1672736544.0326951,
                28916712680916
            ],
            "child_modules": {},
            "end_perf": [
                0.33004093170166016,
                0.228931,
                0.125441,
                247192,
                247208,
                28916712746796,
                1,
                0
            ]
        },
        "vcs_paramclassrepository_UF52ed": {
            "skipped": 1,
            "start_perf": [
                0.33050799369812012,
                0.22923199999999999,
                0.125607,
                247192,
                247208,
                1672736544.033186,
                28916714180781
            ],
            "child_modules": {},
            "end_perf": [
                0.33058595657348633,
                0.22923199999999999,
                0.12568399999999999,
                247192,
                247208,
                28916714284511,
                1,
                0
            ]
        },
        "uvm_custom_install_recording": {
            "skipped": 1,
            "start_perf": [
                0.33011412620544434,
                0.22897799999999999,
                0.125467,
                247192,
                247208,
                1672736544.0327921,
                28916712950918
            ],
            "child_modules": {},
            "end_perf": [
                0.33013796806335449,
                0.228993,
                0.125475,
                247192,
                247208,
                28916713016302,
                1,
                0
            ]
        },
        "lvc_i2c_pkg": {
            "skipped": 1,
            "start_perf": [
                0.33026003837585449,
                0.229072,
                0.12551899999999999,
                247192,
                247208,
                1672736544.032938,
                28916713357481
            ],
            "child_modules": {},