{
    "Modules": {
        "...MASTER...": {
            "nQuads": 0,
            "start_perf": [
                0.22825884819030762,
                0.17249,
                0.050658000000000002,
                246308,
                246316,
                1673103139.6888349,
                37167557388773
            ],
            "end_perf": [
                0.23267889022827148,
                0.17690900000000001,
                0.050658000000000002,
                247296,
                247316,
                37167569820064,
                0,
                0
            ],
            "child_modules": {
                "rkv_i2c_tb": 1,
                "uvm_pkg": 1,
                "vcs_paramclassrepository_vcsintf": 1,
                "lvc_apb_pkg": 1,
                "uvm_custom_install_verdi_recording": 1,
                "vcs_paramclassrepository": 1,
                "_vcs_unit__3820934895": 1,
                "uvm_custom_install_recording": 1,
                "std": 1,
                "rkv_i2c_pkg": 1,
                "vcs_paramclassrepository_Rr2Nhb": 1,
                "_vcs_msglog": 1,
                "vcs_paramclassrepository_z2c7Ib": 1,
                "lvc_i2c_pkg": 1,
                "vcs_paramclassrepository_2yENJb": 1
            },
            "nMops": 0,
            "nRouts": 5
        },
        "uvm_custom_install_recording": {
            "skipped": 1,
            "start_perf": [
                0.23321986198425293,
                0.17741899999999999,
                0.050691,
                247300,
                247316,
                1673103139.6937959,
                37167571199847
            ],
            "end_perf": [
                0.23324394226074219,
                0.17743800000000001,
                0.050695999999999998,
                247300,
                247316,
                37167571266868,
                1,
                0
            ],
            "child_modules": {}
        },
        "std": {
            "skipped": 1,
            "start_perf": [
                0.23299384117126465,
                0.17722499999999999,
                0.050658000000000002,
                247300,
                247316,
                1673103139.6935699,
                37167570608339
            ],
            "end_perf": [
                0.23303890228271484,
                0.17727000000000001,
                0.050658000000000002,
                247300,
                247316,
                37167570699455,
                1,
                0
            ],
            "child_modules": {}
        },
        "uvm_pkg": {
            "skipped": 1,
            "start_perf": [
                0.23306894302368164,
                0.17730099999999999,
                0.050658000000000002,
                247300,
                247316,
                1673103139.693645,
                37167570780113
            ],
            "end_perf": [
                0.2330939769744873,
                0.17732100000000001,
                0.050663,
                247300,
                247316,
                37167570848778,
                1,
                0
            ],
            "child_modules": {}
        },
        "_vcs_msglog": {
            "skipped": 1,
            "start_perf": [
                0.23311901092529297,
                0.177341,
                0.050667999999999998,
                247300,
                247316,
                1673103139.6936951,
                37167570917973
            ],
            "end_perf": [
                0.23314285278320312,
                0.17735899999999999,
                0.050673999999999997,
                247300,
                247316,
                37167570984153,
                1,
                0
            ],
            "child_modules": {}
        },
        "_vcs_unit__3820934895": {
            "skipped": 1,
            "start_perf": [
                0.23316693305969238,
                0.17737800000000001,
                0.050679000000000002,
                247300,
                247316,
                1673103139.693743,
                37167571056883
            ],
            "end_perf": [
                0.23319482803344727,
                0.177399,
                0.050685000000000001,
                247300,
                247316,
                37167571129254,
                1,
                0
            ],
            "child_modules": {}
        },
        "vcs_paramclassrepository_vcsintf": {
            "skipped": 1,
            "start_perf": [
                0.23361396789550781,
                0.177536,
                0.050967999999999999,
                247300,
                247316,
                1673103139.69419,
                37167572299157
            ],
            "end_perf": [
                0.23363804817199707,
                0.177536,
                0.050992000000000003,
                247300,
                247316,
                37167572364629,
                1,
                0
            ],
            "child_modules": {}
        },
        "uvm_custom_install_verdi_recording": {
            "skipped": 1,
            "start_perf": [
                0.23326897621154785,
                0.177457,
                0.050701999999999997,
                247300,
                247316,
                1673103139.693845,
                37167571333911
            ],
            "end_perf": [
                0.23329496383666992,
                0.177477,
                0.050707000000000002,
                247300,
                247316,
                37167571411775,
                1,
                0
            ],
            "child_modules": {}
        },
        "lvc_apb_pkg": {
            "skipped": 1,
            "start_perf": [
                0.23332095146179199,
                0.17749799999999999,
                0.050713000000000001,
                247300,
                247316,
                1673103139.693897,
                37167571483125
            ],
            "end_perf": [
                0.23334503173828125,
                0.17751600000000001,
                0.050719,
                247300,
                247316,
                37167571548415,
                1,
                0
            ],
            "child_modules": {}
        },
        "vcs_paramclassrepository_z2c7Ib": {
            "skipped": 1,
            "start_perf": [
                0.23371291160583496,
                0.177536,
                0.051067000000000001,
                247300,
                247316,
                1673103139.694289,
                37167572574892
            ],
            "end_perf": [
                0.23373889923095703,
                0.177536,
                0.051093,
                247300,
                247316,
                37167572646381,
                1,
                0
            ],
            "child_modules": {}
        },
        "lvc_i2c_pkg": {
            "skipped": 1,
            "start_perf": [
                0.23336982727050781,
                0.177536,
                0.050723999999999998,
                247300,
                247316,
                1673103139.6939459,
                37167571711175
            ],
            "end_perf": [
                0.23343205451965332,
                0.177536,
                0.050785999999999998,
                247300,
                247316,
                37167571850806,
                1,
                0
            ],
            "child_modules": {}
        },
        "rkv_i2c_pkg": {
            "skipped": 1,
            "start_perf": [
                0.23348402976989746,
                0.177536,
                0.050837,
                247300,
                247316,
                1673103139.6940601,
                37167571998510
            ],