{
    "Modules": {
        "vcs_paramclassrepository_vcsintf": {
            "start_perf": [
                0.27765488624572754,
                0.18140899999999999,
                0.073631000000000002,
                247300,
                247316,
                1673103196.9665239,
                37327565565901
            ],
            "child_modules": {},
            "end_perf": [
                0.27771210670471191,
                0.18145,
                0.073647000000000004,
                247300,
                247316,
                37327565732533,
                1,
                0
            ],
            "skipped": 1
        },
        "_vcs_msglog": {
            "start_perf": [
                0.27584195137023926,
                0.18057100000000001,
                0.072655999999999998,
                247300,
                247316,
                1673103196.964711,
                37327560503041
            ],
            "child_modules": {},
            "end_perf": [
                0.27594208717346191,
                0.18067,
                0.072655999999999998,
                247300,
                247316,
                37327560801931,
                1,
                0
            ],
            "skipped": 1
        },
        "...MASTER...": {
            "nQuads": 0,
            "start_perf": [
                0.25095796585083008,
                0.16517399999999999,
                0.063214999999999993,
                246308,
                246324,
                1673103196.939827,
                37327491530494
            ],
            "child_modules": {
                "lvc_apb_pkg": 1,
                "rkv_i2c_tb": 1,
                "uvm_custom_install_recording": 1,
                "uvm_pkg": 1,
                "rkv_i2c_pkg": 1,
                "uvm_custom_install_verdi_recording": 1,
                "vcs_paramclassrepository": 1,
                "_vcs_unit__3820934895": 1,
                "std": 1,
                "vcs_paramclassrepository_z2c7Ib": 1,
                "vcs_paramclassrepository_Rr2Nhb": 1,
                "vcs_paramclassrepository_vcsintf": 1,
                "_vcs_msglog": 1,
                "lvc_i2c_pkg": 1,
                "vcs_paramclassrepository_2yENJb": 1
            },
            "significant_routs": [
                [
                    1,
                    "SIM",
                    3827594,
                    201,
                    0
                ]
            ],
            "end_perf": [
                0.27496194839477539,
                0.17994199999999999,
                0.072401999999999994,
                247296,
                247316,
                37327558149691,
                0,
                0
            ],
            "nMops": 0,
            "nRouts": 5
        },
        "std": {
            "start_perf": [
                0.27558588981628418,
                0.18038799999999999,
                0.072581999999999994,
                247300,
                247316,
                1673103196.9644549,
                37327559838934
            ],
            "child_modules": {},
            "end_perf": [
                0.2756650447845459,
                0.18044499999999999,
                0.072605000000000003,
                247300,
                247316,
                37327560014827,
                1,
                0
            ],
            "skipped": 1
        },
        "_vcs_unit__3820934895": {
            "start_perf": [
                0.27600693702697754,
                0.18073600000000001,
                0.072655999999999998,
                247300,
                247316,
                1673103196.9648759,
                37327560964546
            ],
            "child_modules": {},
            "end_perf": [
                0.27606201171875,
                0.18079100000000001,
                0.072655999999999998,
                247300,
                247316,
                37327561114859,
                1,
                0
            ],
            "skipped": 1
        },
        "rkv_i2c_tb": {
            "start_perf": [
                0.27752208709716797,
                0.181343,
                0.073563000000000003,
                247300,
                247316,
                1673103196.9663911,
                37327565233629
            ],
            "child_modules": {},
            "end_perf": [
                0.27759289741516113,
                0.181365,
                0.073612999999999998,
                247300,
                247316,
                37327565392012,
                1,
                0
            ],
            "skipped": 1
        },
        "uvm_custom_install_recording": {
            "start_perf": [
                0.27611708641052246,
                0.18084600000000001,
                0.072655999999999998,
                247300,
                247316,
                1673103196.9649861,
                37327561272799
            ],
            "child_modules": {},
            "end_perf": [
                0.27617502212524414,
                0.18090400000000001,
                0.072655999999999998,
                247300,
                247316,
                37327561441073,
                1,
                0
            ],
            "skipped": 1
        },
        "lvc_apb_pkg": {
            "start_perf": [
                0.27634191513061523,
                0.18107200000000001,
                0.072655999999999998,
                247300,
                247316,
                1673103196.9652109,
                37327561897008
            ],
            "child_modules": {},
            "end_perf": [
                0.27639603614807129,
                0.18112500000000001,
                0.072655999999999998,
                247300,
                247316,
                37327562042331,
                1,
                0
            ],
            "skipped": 1
        },
        "rkv_i2c_pkg": {
            "start_perf": [
                0.27656006813049316,
                0.18129000000000001,
                0.072655999999999998,
                247300,
                247316,
                1673103196.9654291,
                37327562506140
            ],
            "child_modules": {},
            "end_perf": [
                0.27661299705505371,
                0.181343,
                0.072655999999999998,
                247300,
                247316,
                37327562749835,
                1,
                0
            ],
            "skipped": 1
        },
        "uvm_pkg": {
            "start_perf": [
                0.27572894096374512,
                0.18049000000000001,
                0.072622999999999993,
                247300,
                247316,
                1673103196.9645979,
                37327560187708
            ],
            "child_modules": {},
            "end_perf": [
                0.27578401565551758,
                0.18053,
                0.072638999999999995,
                247300,
                247316,
                37327560337667,
                1,
                0
            ],
            "skipped": 1
        },
        "uvm_custom_install_verdi_recording": {
            "start_perf": [
                0.27623295783996582,
                0.18096300000000001,
                0.072655999999999998,
                247300,
                247316,
                1673103196.965102,
                37327561592618
            ],
            "child_modules": {},
            "end_perf": [
                0.27628588676452637,
                0.18101600000000001,
                0.072655999999999998,
                247300,
                247316,
                37327561734581,
                1,
                0
            ],
            "skipped": 1
        },