{
    "reusePaths": {},
    "Modules": {
        "_vcs_unit__3820934895": {
            "child_modules": {},
            "start_perf": [
                0.22873306274414062,
                0.15340999999999999,
                0.058227000000000001,
                247212,
                247228,
                1672811855.6156111,
                4903226821788
            ],
            "end_perf": [
                0.22876191139221191,
                0.15340999999999999,
                0.058257000000000003,
                247212,
                247228,
                4903226903548,
                1,
                0
            ],
            "skipped": 1
        },
        "rkv_i2c_tb": {
            "child_modules": {},
            "start_perf": [
                0.22910904884338379,
                0.15340999999999999,
                0.058604000000000003,
                247212,
                247228,
                1672811855.6159871,
                4903227877984
            ],
            "end_perf": [
                0.22913908958435059,
                0.15340999999999999,
                0.058633999999999999,
                247212,
                247228,
                4903227958100,
                1,
                0
            ],
            "skipped": 1
        },
        "...MASTER...": {
            "child_modules": {
                "_vcs_unit__3820934895": 1,
                "rkv_i2c_tb": 1,
                "vcs_paramclassrepository_87QqAb": 1,
                "rkv_i2c_pkg": 1,
                "uvm_pkg": 1,
                "uvm_custom_install_verdi_recording": 1,
                "vcs_paramclassrepository_vcsintf": 1,
                "lvc_i2c_pkg": 1,
                "vcs_paramclassrepository": 1,
                "lvc_apb_pkg": 1,
                "vcs_paramclassrepository_67wvne": 1,
                "std": 1,
                "vcs_paramclassrepository_UF52ed": 1,
                "uvm_custom_install_recording": 1,
                "_vcs_msglog": 1
            },
            "start_perf": [
                0.22203898429870605,
                0.15306900000000001,
                0.052932,
                246220,
                246236,
                1672811855.608917,
                4903208181731
            ],
            "end_perf": [
                0.22738909721374512,
                0.15340999999999999,
                0.057404999999999998,
                247208,
                247228,
                4903223169080,
                0,
                0
            ],
            "nQuads": 0,
            "nRouts": 5,
            "nMops": 0
        },
        "std": {
            "child_modules": {},
            "start_perf": [
                0.22851896286010742,
                0.15340999999999999,
                0.058013000000000002,
                247212,
                247228,
                1672811855.615397,
                4903226284228
            ],
            "end_perf": [
                0.2285768985748291,
                0.15340999999999999,
                0.058071999999999999,
                247212,
                247228,
                4903226395556,
                1,
                0
            ],
            "skipped": 1
        },
        "rkv_i2c_pkg": {
            "child_modules": {},
            "start_perf": [
                0.22904801368713379,
                0.15340999999999999,
                0.058542999999999998,
                247212,
                247228,
                1672811855.615926,
                4903227707084
            ],
            "end_perf": [
                0.2290799617767334,
                0.15340999999999999,
                0.058575000000000002,
                247212,
                247228,
                4903227792048,
                1,
                0
            ],
            "skipped": 1
        },
        "uvm_pkg": {
            "child_modules": {},
            "start_perf": [
                0.22861504554748535,
                0.15340999999999999,
                0.058110000000000002,
                247212,
                247228,
                1672811855.6154931,
                4903226501744
            ],
            "end_perf": [
                0.22864699363708496,
                0.15340999999999999,
                0.058141999999999999,
                247212,
                247228,
                4903226585024,
                1,
                0
            ],
            "skipped": 1
        },
        "_vcs_msglog": {
            "child_modules": {},
            "start_perf": [
                0.22867608070373535,
                0.15340999999999999,
                0.058171,
                247212,
                247228,
                1672811855.6155541,
                4903226666336
            ],
            "end_perf": [
                0.22870397567749023,
                0.15340999999999999,
                0.058199000000000001,
                247212,
                247228,
                4903226742312,
                1,
                0
            ],
            "skipped": 1
        },
        "uvm_custom_install_verdi_recording": {
            "child_modules": {},
            "start_perf": [
                0.22884798049926758,
                0.15340999999999999,
                0.058341999999999998,
                247212,
                247228,
                1672811855.615726,
                4903227145476
            ],
            "end_perf": [
                0.22887706756591797,
                0.15340999999999999,
                0.058372,
                247212,
                247228,
                4903227227400,
                1,
                0
            ],
            "skipped": 1
        },
        "vcs_paramclassrepository_UF52ed": {
            "child_modules": {},
            "start_perf": [
                0.22929000854492188,
                0.15340999999999999,
                0.058784999999999997,
                247212,
                247228,
                1672811855.616168,
                4903228366709
            ],
            "end_perf": [
                0.22931408882141113,
                0.15340999999999999,
                0.058809,
                247212,
                247228,
                4903228438678,
                1,
                0
            ],
            "skipped": 1
        },
        "uvm_custom_install_recording": {
            "child_modules": {},
            "start_perf": [
                0.2287900447845459,
                0.15340999999999999,
                0.058284999999999997,
                247212,
                247228,
                1672811855.6156681,
                4903226982464
            ],
            "end_perf": [
                0.22881698608398438,
                0.15340999999999999,
                0.058312000000000003,
                247212,
                247228,
                4903227059584,
                1,
                0
            ],
            "skipped": 1
        },
        "vcs_paramclassrepository_67wvne": {
            "child_modules": {},
            "start_perf": [
                0.2293848991394043,
                0.15340999999999999,
                0.058880000000000002,
                247212,
                247228,
                1672811855.6162629,
                4903228636832
            ],
            "end_perf": [
                0.22940897941589355,
                0.15340999999999999,
                0.058903999999999998,
                247212,
                247228,
                4903228699909,
                1,
                0
            ],
            "skipped": 1
        },
        "lvc_apb_pkg": {
            "child_modules": {},