{
    "Modules": {
        "lvc_i2c_pkg": {
            "start_perf": [
                0.2666170597076416,
                0.156359,
                0.111097,
                247276,
                247292,
                1672915750.089678,
                31721170239748
            ],
            "child_modules": {},
            "end_perf": [
                0.26664590835571289,
                0.15637599999999999,
                0.111109,
                247276,
                247292,
                31721170321264,
                1,
                0
            ],
            "skipped": 1
        },
        "...MASTER...": {
            "nMops": 0,
            "start_perf": [
                0.26058006286621094,
                0.15504999999999999,
                0.106514,
                246284,
                246300,
                1672915750.0836411,
                31721153413621
            ],
            "child_modules": {
                "rkv_i2c_tb": 1,
                "vcs_paramclassrepository_vcsintf": 1,
                "_vcs_msglog": 1,
                "vcs_paramclassrepository_87QqAb": 1,
                "uvm_pkg": 1,
                "_vcs_unit__3820934895": 1,
                "vcs_paramclassrepository": 1,
                "uvm_custom_install_verdi_recording": 1,
                "vcs_paramclassrepository_67wvne": 1,
                "lvc_apb_pkg": 1,
                "std": 1,
                "uvm_custom_install_recording": 1,
                "rkv_i2c_pkg": 1,
                "lvc_i2c_pkg": 1,
                "vcs_paramclassrepository_UF52ed": 1
            },
            "nQuads": 0,
            "end_perf": [
                0.26555395126342773,
                0.15582199999999999,
                0.11071599999999999,
                247272,
                247292,
                31721167329219,
                0,
                0
            ],
            "nRouts": 5
        },
        "std": {
            "start_perf": [
                0.26618194580078125,
                0.15610499999999999,
                0.110916,
                247276,
                247292,
                1672915750.0892429,
                31721169068447
            ],
            "child_modules": {},
            "end_perf": [
                0.26623201370239258,
                0.156134,
                0.11093699999999999,
                247276,
                247292,
                31721169162941,
                1,
                0
            ],
            "skipped": 1
        },
        "lvc_apb_pkg": {
            "start_perf": [
                0.26655912399291992,
                0.15632499999999999,
                0.11107300000000001,
                247276,
                247292,
                1672915750.0896201,
                31721170078008
            ],
            "child_modules": {},
            "end_perf": [
                0.2665870189666748,
                0.15634100000000001,
                0.111085,
                247276,
                247292,
                31721170155080,
                1,
                0
            ],
            "skipped": 1
        },
        "vcs_paramclassrepository_87QqAb": {
            "start_perf": [
                0.26701593399047852,
                0.156393,
                0.11146300000000001,
                247276,
                247292,
                1672915750.0900769,
                31721171355884
            ],
            "child_modules": {},
            "end_perf": [
                0.26704597473144531,
                0.156393,
                0.11149199999999999,
                247276,
                247292,
                31721171437308,
                1,
                0
            ],
            "skipped": 1
        },
        "vcs_paramclassrepository_vcsintf": {
            "start_perf": [
                0.26683998107910156,
                0.156393,
                0.111286,
                247276,
                247292,
                1672915750.089901,
                31721170867680
            ],
            "child_modules": {},
            "end_perf": [
                0.26687002182006836,
                0.156393,
                0.111316,
                247276,
                247292,
                31721170945152,
                1,
                0
            ],
            "skipped": 1
        },
        "uvm_pkg": {
            "start_perf": [
                0.26626491546630859,
                0.15615399999999999,
                0.11095099999999999,
                247276,
                247292,
                1672915750.0893259,
                31721169250126
            ],
            "child_modules": {},
            "end_perf": [
                0.26629090309143066,
                0.156169,
                0.11096200000000001,
                247276,
                247292,
                31721169353244,
                1,
                0
            ],
            "skipped": 1
        },
        "_vcs_msglog": {
            "start_perf": [
                0.26633000373840332,
                0.156191,
                0.11097799999999999,
                247276,
                247292,
                1672915750.089391,
                31721169440332
            ],
            "child_modules": {},
            "end_perf": [
                0.26635909080505371,
                0.15620800000000001,
                0.11099000000000001,
                247276,
                247292,
                31721169518716,
                1,
                0
            ],
            "skipped": 1
        },
        "_vcs_unit__3820934895": {
            "start_perf": [
                0.26638698577880859,
                0.156225,
                0.111002,
                247276,
                247292,
                1672915750.089448,
                31721169598728
            ],
            "child_modules": {},
            "end_perf": [
                0.26641607284545898,
                0.15624099999999999,
                0.111014,
                247276,
                247292,
                31721169677332,
                1,
                0
            ],
            "skipped": 1
        },
        "rkv_i2c_pkg": {
            "start_perf": [
                0.26667499542236328,
                0.156393,
                0.111121,
                247276,
                247292,
                1672915750.089736,
                31721170504084
            ],
            "child_modules": {},
            "end_perf": [
                0.26674389839172363,
                0.156393,
                0.11119,
                247276,
                247292,
                31721170604904,
                1,
                0
            ],
            "skipped": 1
        },
        "uvm_custom_install_recording": {
            "start_perf": [
                0.26644396781921387,
                0.15625800000000001,
                0.111025,
                247276,
                247292,
                1672915750.089505,
                31721169756780
            ],
            "child_modules": {},
            "end_perf": [
                0.26647400856018066,
                0.156276,
                0.111038,
                247276,
                247292,
                31721169841168,
                1,
                0
            ],
            "skipped": 1
        },
        "uvm_custom_install_verdi_recording": {
            "start_perf": [
                0.26650309562683105,
                0.15629199999999999,
                0.11105,
                247276,
                247292,
                1672915750.0895641,
                31721169921844
            ],
            "child_modules": {},