{
    "Modules": {
        "vcs_paramclassrepository_UF52ed": {
            "child_modules": {},
            "start_perf": [
                0.29908490180969238,
                0.168041,
                0.14586099999999999,
                247188,
                247204,
                1672494418.8721349,
                74600904673949
            ],
            "end_perf": [
                0.29912996292114258,
                0.168041,
                0.14590600000000001,
                247188,
                247204,
                74600904814687,
                1,
                0
            ],
            "skipped": 1
        },
        "...MASTER...": {
            "child_modules": {
                "rkv_i2c_tb": 1,
                "vcs_paramclassrepository_87QqAb": 1,
                "uvm_pkg": 1,
                "std": 1,
                "rkv_i2c_pkg": 1,
                "uvm_custom_install_verdi_recording": 1,
                "vcs_paramclassrepository": 1,
                "vcs_paramclassrepository_67wvne": 1,
                "lvc_i2c_pkg": 1,
                "_vcs_unit__3820934895": 1,
                "lvc_apb_pkg": 1,
                "uvm_custom_install_recording": 1,
                "_vcs_msglog": 1,
                "vcs_paramclassrepository_vcsintf": 1,
                "vcs_paramclassrepository_UF52ed": 1
            },
            "start_perf": [
                0.2933509349822998,
                0.16483400000000001,
                0.14333399999999999,
                246196,
                246212,
                1672494418.866401,
                74600888633926
            ],
            "end_perf": [
                0.29772090911865234,
                0.16750399999999999,
                0.145034,
                247184,
                247204,
                74600900896667,
                0,
                0
            ],
            "nQuads": 0,
            "nMops": 0,
            "nRouts": 5
        },
        "vcs_paramclassrepository": {
            "child_modules": {},
            "start_perf": [
                0.29900193214416504,
                0.168041,
                0.14577799999999999,
                247188,
                247204,
                1672494418.872052,
                74600904440738
            ],
            "end_perf": [
                0.29904294013977051,
                0.168041,
                0.145819,
                247188,
                247204,
                74600904555946,
                1,
                0
            ],
            "skipped": 1
        },
        "rkv_i2c_pkg": {
            "child_modules": {},
            "start_perf": [
                0.29868388175964355,
                0.168021,
                0.145481,
                247188,
                247204,
                1672494418.8717339,
                74600903549327
            ],
            "end_perf": [
                0.29872298240661621,
                0.168041,
                0.14549899999999999,
                247188,
                247204,
                74600903785453,
                1,
                0
            ],
            "skipped": 1
        },
        "uvm_custom_install_verdi_recording": {
            "child_modules": {},
            "start_perf": [
                0.29845690727233887,
                0.16789899999999999,
                0.14537600000000001,
                247188,
                247204,
                1672494418.8715069,
                74600902905496
            ],
            "end_perf": [
                0.29849386215209961,
                0.16791900000000001,
                0.14539299999999999,
                247188,
                247204,
                74600903006211,
                1,
                0
            ],
            "skipped": 1
        },
        "std": {
            "child_modules": {},
            "start_perf": [
                0.29806208610534668,
                0.167687,
                0.14519199999999999,
                247188,
                247204,
                1672494418.8711121,
                74600901892035
            ],
            "end_perf": [
                0.29813694953918457,
                0.16772699999999999,
                0.14522699999999999,
                247188,
                247204,
                74600902021035,
                1,
                0
            ],
            "skipped": 1
        },
        "uvm_pkg": {
            "child_modules": {},
            "start_perf": [
                0.29817986488342285,
                0.16775100000000001,
                0.14524799999999999,
                247188,
                247204,
                1672494418.8712299,
                74600902133538
            ],
            "end_perf": [
                0.29821991920471191,
                0.167772,
                0.14526600000000001,
                247188,
                247204,
                74600902239944,
                1,
                0
            ],
            "skipped": 1
        },
        "_vcs_msglog": {
            "child_modules": {},
            "start_perf": [
                0.29825496673583984,
                0.167791,
                0.14528199999999999,
                247188,
                247204,
                1672494418.871305,
                74600902337281
            ],
            "end_perf": [
                0.29828786849975586,
                0.16780900000000001,
                0.14529800000000001,
                247188,
                247204,
                74600902430798,
                1,
                0
            ],
            "skipped": 1
        },
        "lvc_i2c_pkg": {
            "child_modules": {},
            "start_perf": [
                0.29860305786132812,
                0.16797699999999999,
                0.14544399999999999,
                247188,
                247204,
                1672494418.8716531,
                74600903321918
            ],
            "end_perf": [
                0.29864096641540527,
                0.16799800000000001,
                0.14546100000000001,
                247188,
                247204,
                74600903434902,
                1,
                0
            ],
            "skipped": 1
        },
        "_vcs_unit__3820934895": {
            "child_modules": {},
            "start_perf": [
                0.29832291603088379,
                0.167827,
                0.145314,
                247188,
                247204,
                1672494418.8713729,
                74600902527106
            ],
            "end_perf": [
                0.29835700988769531,
                0.16784499999999999,
                0.14532900000000001,
                247188,
                247204,
                74600902620063,
                1,
                0
            ],
            "skipped": 1
        },
        "uvm_custom_install_recording": {
            "child_modules": {},
            "start_perf": [
                0.29838991165161133,
                0.16786300000000001,
                0.145345,
                247188,
                247204,
                1672494418.8714399,
                74600902714996
            ],
            "end_perf": [
                0.29842400550842285,
                0.167881,
                0.14535999999999999,
                247188,
                247204,
                74600902807811,
                1,
                0
            ],
            "skipped": 1
        },
        "lvc_apb_pkg": {
            "child_modules": {},
            "start_perf": [
                0.29852890968322754,
                0.167938,
                0.14540900000000001,
                247188,
                247204,
                1672494418.8715789,
                74600903107302
            ],