{
    "Modules": {
        "...MASTER...": {
            "start_perf": [
                0.31782793998718262,
                0.18840499999999999,
                0.12864200000000001,
                246224,
                246240,
                1672812666.723443,
                7169095594936
            ],
            "child_modules": {
                "lvc_i2c_pkg": 1,
                "uvm_custom_install_verdi_recording": 1,
                "_vcs_msglog": 1,
                "rkv_i2c_tb": 1,
                "vcs_paramclassrepository_vcsintf": 1,
                "vcs_paramclassrepository_87QqAb": 1,
                "uvm_pkg": 1,
                "vcs_paramclassrepository_67wvne": 1,
                "rkv_i2c_pkg": 1,
                "vcs_paramclassrepository": 1,
                "_vcs_unit__3820934895": 1,
                "std": 1,
                "vcs_paramclassrepository_UF52ed": 1,
                "uvm_custom_install_recording": 1,
                "lvc_apb_pkg": 1
            },
            "nQuads": 0,
            "end_perf": [
                0.32241082191467285,
                0.18909500000000001,
                0.132467,
                247212,
                247232,
                7169108236981,
                0,
                0
            ],
            "nMops": 0,
            "nRouts": 5
        },
        "std": {
            "start_perf": [
                0.32290792465209961,
                0.18909500000000001,
                0.13289899999999999,
                247216,
                247232,
                1672812666.728523,
                7169109596549
            ],
            "child_modules": {},
            "end_perf": [
                0.32295083999633789,
                0.18909500000000001,
                0.13294300000000001,
                247216,
                247232,
                7169109691083,
                1,
                0
            ],
            "skipped": 1
        },
        "vcs_paramclassrepository_87QqAb": {
            "start_perf": [
                0.32360100746154785,
                0.189162,
                0.13352600000000001,
                247216,
                247232,
                1672812666.7292161,
                7169111493202
            ],
            "child_modules": {},
            "end_perf": [
                0.3236238956451416,
                0.18917500000000001,
                0.13353499999999999,
                247216,
                247232,
                7169111561262,
                1,
                0
            ],
            "skipped": 1
        },
        "vcs_paramclassrepository_vcsintf": {
            "start_perf": [
                0.32345080375671387,
                0.18909500000000001,
                0.13344300000000001,
                247216,
                247232,
                1672812666.7290659,
                7169111074235
            ],
            "child_modules": {},
            "end_perf": [
                0.32347583770751953,
                0.18909500000000001,
                0.133468,
                247216,
                247232,
                7169111143021,
                1,
                0
            ],
            "skipped": 1
        },
        "uvm_pkg": {
            "start_perf": [
                0.32298398017883301,
                0.18909500000000001,
                0.13297600000000001,
                247216,
                247232,
                1672812666.7285991,
                7169109773784
            ],
            "child_modules": {},
            "end_perf": [
                0.32300901412963867,
                0.18909500000000001,
                0.13300100000000001,
                247216,
                247232,
                7169109843972,
                1,
                0
            ],
            "skipped": 1
        },
        "lvc_i2c_pkg": {
            "start_perf": [
                0.3233039379119873,
                0.18909500000000001,
                0.133296,
                247216,
                247232,
                1672812666.728919,
                7169110662159
            ],
            "child_modules": {},
            "end_perf": [
                0.32332801818847656,
                0.18909500000000001,
                0.13331999999999999,
                247216,
                247232,
                7169110729792,
                1,
                0
            ],
            "skipped": 1
        },
        "uvm_custom_install_verdi_recording": {
            "start_perf": [
                0.32320094108581543,
                0.18909500000000001,
                0.133192,
                247216,
                247232,
                1672812666.728816,
                7169110380528
            ],
            "child_modules": {},
            "end_perf": [
                0.3232269287109375,
                0.18909500000000001,
                0.133219,
                247216,
                247232,
                7169110447752,
                1,
                0
            ],
            "skipped": 1
        },
        "rkv_i2c_tb": {
            "start_perf": [
                0.32340097427368164,
                0.18909500000000001,
                0.13339300000000001,
                247216,
                247232,
                1672812666.7290161,
                7169110934265
            ],
            "child_modules": {},
            "end_perf": [
                0.3234248161315918,
                0.18909500000000001,
                0.13341700000000001,
                247216,
                247232,
                7169111005654,
                1,
                0
            ],
            "skipped": 1
        },
        "_vcs_msglog": {
            "start_perf": [
                0.32303690910339355,
                0.18909500000000001,
                0.13302900000000001,
                247216,
                247232,
                1672812666.728652,
                7169109918395
            ],
            "child_modules": {},
            "end_perf": [
                0.32306098937988281,
                0.18909500000000001,
                0.133053,
                247216,
                247232,
                7169109985234,
                1,
                0
            ],
            "skipped": 1
        },
        "lvc_apb_pkg": {
            "start_perf": [
                0.32325100898742676,
                0.18909500000000001,
                0.133243,
                247216,
                247232,
                1672812666.7288661,
                7169110516154
            ],
            "child_modules": {},
            "end_perf": [
                0.32327699661254883,
                0.18909500000000001,
                0.133269,
                247216,
                247232,
                7169110587522,
                1,
                0
            ],
            "skipped": 1
        },
        "_vcs_unit__3820934895": {
            "start_perf": [
                0.32308483123779297,
                0.18909500000000001,
                0.133077,
                247216,
                247232,
                1672812666.7286999,
                7169110052023
            ],
            "child_modules": {},
            "end_perf": [
                0.32310891151428223,
                0.18909500000000001,
                0.133101,
                247216,
                247232,
                7169110118793,
                1,
                0
            ],
            "skipped": 1
        },
        "vcs_paramclassrepository_UF52ed": {
            "start_perf": [
                0.32355189323425293,
                0.189133,
                0.13350600000000001,
                247216,
                247232,
                1672812666.729167,
                7169111359435
            ],
            "child_modules": {},