{
    "Modules": {
        "rkv_i2c_tb": {
            "start_perf": [
                0.34411883354187012,
                0.15742900000000001,
                0.103921,
                247192,
                247208,
                1672498345.3233249,
                85569626812619
            ],
            "skipped": 1,
            "child_modules": {},
            "end_perf": [
                0.34420084953308105,
                0.15742900000000001,
                0.104003,
                247192,
                247208,
                85569626942684,
                1,
                0
            ]
        },
        "...MASTER...": {
            "start_perf": [
                0.33613681793212891,
                0.155695,
                0.097670999999999994,
                246200,
                246216,
                1672498345.3153429,
                85569604609772
            ],
            "child_modules": {
                "rkv_i2c_tb": 1,
                "vcs_paramclassrepository_87QqAb": 1,
                "_vcs_msglog": 1,
                "uvm_pkg": 1,
                "_vcs_unit__3820934895": 1,
                "std": 1,
                "uvm_custom_install_verdi_recording": 1,
                "vcs_paramclassrepository_67wvne": 1,
                "vcs_paramclassrepository_vcsintf": 1,
                "vcs_paramclassrepository": 1,
                "vcs_paramclassrepository_UF52ed": 1,
                "lvc_apb_pkg": 1,
                "uvm_custom_install_recording": 1,
                "rkv_i2c_pkg": 1,
                "lvc_i2c_pkg": 1
            },
            "nQuads": 0,
            "end_perf": [
                0.34271502494812012,
                0.15698500000000001,
                0.10295799999999999,
                247188,
                247208,
                85569622886960,
                0,
                0
            ],
            "nRouts": 5,
            "nMops": 0
        },
        "std": {
            "start_perf": [
                0.34325981140136719,
                0.15731500000000001,
                0.103174,
                247192,
                247208,
                1672498345.3224659,
                85569624336296
            ],
            "skipped": 1,
            "child_modules": {},
            "end_perf": [
                0.34331703186035156,
                0.15735099999999999,
                0.103197,
                247192,
                247208,
                85569624470903,
                1,
                0
            ]
        },
        "uvm_pkg": {
            "start_perf": [
                0.34336400032043457,
                0.15737899999999999,
                0.103216,
                247192,
                247208,
                1672498345.3225701,
                85569624598332
            ],
            "skipped": 1,
            "child_modules": {},
            "end_perf": [
                0.34340786933898926,
                0.15740599999999999,
                0.10323300000000001,
                247192,
                247208,
                85569624717049,
                1,
                0
            ]
        },
        "_vcs_msglog": {
            "start_perf": [
                0.34344696998596191,
                0.15742900000000001,
                0.10324899999999999,
                247192,
                247208,
                1672498345.3226531,
                85569625033853
            ],
            "skipped": 1,
            "child_modules": {},
            "end_perf": [
                0.34356284141540527,
                0.15742900000000001,
                0.103365,
                247192,
                247208,
                85569625163764,
                1,
                0
            ]
        },
        "_vcs_unit__3820934895": {
            "start_perf": [
                0.34360885620117188,
                0.15742900000000001,
                0.103411,
                247192,
                247208,
                1672498345.3228149,
                85569625281367
            ],
            "skipped": 1,
            "child_modules": {},
            "end_perf": [
                0.34364891052246094,
                0.15742900000000001,
                0.103451,
                247192,
                247208,
                85569625391263,
                1,
                0
            ]
        },
        "vcs_paramclassrepository_UF52ed": {
            "start_perf": [
                0.34441089630126953,
                0.15742900000000001,
                0.104213,
                247192,
                247208,
                1672498345.323617,
                85569627523781
            ],
            "skipped": 1,
            "child_modules": {},
            "end_perf": [
                0.34445381164550781,
                0.15742900000000001,
                0.104256,
                247192,
                247208,
                85569627640762,
                1,
                0
            ]
        },
        "rkv_i2c_pkg": {
            "start_perf": [
                0.34403800964355469,
                0.15742900000000001,
                0.10384,
                247192,
                247208,
                1672498345.3232441,
                85569626479145
            ],
            "skipped": 1,
            "child_modules": {},
            "end_perf": [
                0.34407687187194824,
                0.15742900000000001,
                0.103879,
                247192,
                247208,
                85569626590223,
                1,
                0
            ]
        },
        "uvm_custom_install_recording": {
            "start_perf": [
                0.34369087219238281,
                0.15742900000000001,
                0.103493,
                247192,
                247208,
                1672498345.322897,
                85569625511412
            ],
            "skipped": 1,
            "child_modules": {},
            "end_perf": [
                0.34373092651367188,
                0.15742900000000001,
                0.103533,
                247192,
                247208,
                85569625620765,
                1,
                0
            ]
        },
        "lvc_apb_pkg": {
            "start_perf": [
                0.34385299682617188,
                0.15742900000000001,
                0.103654,
                247192,
                247208,
                1672498345.3230591,
                85569625981585
            ],
            "skipped": 1,
            "child_modules": {},
            "end_perf": [
                0.3439018726348877,
                0.15742900000000001,
                0.103703,
                247192,
                247208,
                85569626107252,
                1,
                0
            ]
        },
        "uvm_custom_install_verdi_recording": {
            "start_perf": [
                0.34377288818359375,
                0.15742900000000001,
                0.103575,
                247192,
                247208,
                1672498345.322979,
                85569625737805
            ],
            "skipped": 1,
            "child_modules": {},
            "end_perf": [
                0.34381198883056641,
                0.15742900000000001,
                0.103614,
                247192,
                247208,
                85569625845732,
                1,
                0
            ]
        },
        "lvc_i2c_pkg": {
            "start_perf": [
                0.34395003318786621,
                0.15742900000000001,
                0.103751,
                247192,
                247208,
                1672498345.3231561,
                85569626240184
            ],
            "skipped": 1,
            "child_modules": {},