{
    "Modules": {
        "vcs_paramclassrepository_67wvne": {
            "end_perf": [
                0.23715400695800781,
                0.16608899999999999,
                0.064024999999999999,
                247236,
                247252,
                63660773589284,
                1,
                0
            ],
            "start_perf": [
                0.23712491989135742,
                0.16608899999999999,
                0.063995999999999997,
                247236,
                247252,
                1672832888.921473,
                63660773508712
            ],
            "child_modules": {},
            "skipped": 1
        },
        "...MASTER...": {
            "end_perf": [
                0.23550701141357422,
                0.16591400000000001,
                0.062723000000000001,
                247232,
                247252,
                63660769053841,
                0,
                0
            ],
            "start_perf": [
                0.23059582710266113,
                0.16517299999999999,
                0.058729999999999997,
                246244,
                246260,
                1672832888.9149439,
                63660755289085
            ],
            "child_modules": {
                "vcs_paramclassrepository_87QqAb": 1,
                "vcs_paramclassrepository_vcsintf": 1,
                "lvc_i2c_pkg": 1,
                "rkv_i2c_tb": 1,
                "rkv_i2c_pkg": 1,
                "uvm_custom_install_verdi_recording": 1,
                "std": 1,
                "uvm_pkg": 1,
                "vcs_paramclassrepository_UF52ed": 1,
                "vcs_paramclassrepository": 1,
                "_vcs_msglog": 1,
                "vcs_paramclassrepository_67wvne": 1,
                "_vcs_unit__3820934895": 1,
                "uvm_custom_install_recording": 1,
                "lvc_apb_pkg": 1
            },
            "nMops": 0,
            "nQuads": 0,
            "nRouts": 5
        },
        "_vcs_msglog": {
            "end_perf": [
                0.23638296127319336,
                0.16591400000000001,
                0.063428999999999999,
                247236,
                247252,
                63660771436564,
                1,
                0
            ],
            "start_perf": [
                0.23635482788085938,
                0.16591400000000001,
                0.063400999999999999,
                247236,
                247252,
                1672832888.9207029,
                63660771359128
            ],
            "child_modules": {},
            "skipped": 1
        },
        "rkv_i2c_pkg": {
            "end_perf": [
                0.23673081398010254,
                0.16594400000000001,
                0.063746999999999998,
                247236,
                247252,
                63660772411272,
                1,
                0
            ],
            "start_perf": [
                0.23670196533203125,
                0.16592299999999999,
                0.063738000000000003,
                247236,
                247252,
                1672832888.9210501,
                63660772327024
            ],
            "child_modules": {},
            "skipped": 1
        },
        "std": {
            "end_perf": [
                0.23621988296508789,
                0.16591400000000001,
                0.063266000000000003,
                247236,
                247252,
                63660771009604,
                1,
                0
            ],
            "start_perf": [
                0.2361748218536377,
                0.16591400000000001,
                0.063219999999999998,
                247236,
                247252,
                1672832888.9205229,
                63660770890486
            ],
            "child_modules": {},
            "skipped": 1
        },
        "uvm_custom_install_verdi_recording": {
            "end_perf": [
                0.2365570068359375,
                0.16591400000000001,
                0.063603000000000007,
                247236,
                247252,
                63660771921636,
                1,
                0
            ],
            "start_perf": [
                0.23652982711791992,
                0.16591400000000001,
                0.063575000000000007,
                247236,
                247252,
                1672832888.9208779,
                63660771845540
            ],
            "child_modules": {},
            "skipped": 1
        },
        "uvm_pkg": {
            "end_perf": [
                0.23632097244262695,
                0.16591400000000001,
                0.063366000000000006,
                247236,
                247252,
                63660771271760,
                1,
                0
            ],
            "start_perf": [
                0.2362668514251709,
                0.16591400000000001,
                0.063312999999999994,
                247236,
                247252,
                1672832888.920615,
                63660771175508
            ],
            "child_modules": {},
            "skipped": 1
        },
        "_vcs_unit__3820934895": {
            "end_perf": [
                0.23644089698791504,
                0.16591400000000001,
                0.063487000000000002,
                247236,
                247252,
                63660771599476,
                1,
                0
            ],
            "start_perf": [
                0.23641180992126465,
                0.16591400000000001,
                0.063457,
                247236,
                247252,
                1672832888.9207599,
                63660771520912
            ],
            "child_modules": {},
            "skipped": 1
        },
        "lvc_apb_pkg": {
            "end_perf": [
                0.23661184310913086,
                0.16591400000000001,
                0.063658000000000006,
                247236,
                247252,
                63660772075728,
                1,
                0
            ],
            "start_perf": [
                0.23658490180969238,
                0.16591400000000001,
                0.063630999999999993,
                247236,
                247252,
                1672832888.920933,
                63660772000012
            ],
            "child_modules": {},
            "skipped": 1
        },
        "uvm_custom_install_recording": {
            "end_perf": [
                0.23650097846984863,
                0.16591400000000001,
                0.063546000000000005,
                247236,
                247252,
                63660771763220,
                1,
                0
            ],
            "start_perf": [
                0.23647093772888184,
                0.16591400000000001,
                0.063517000000000004,
                247236,
                247252,
                1672832888.920819,
                63660771682488
            ],
            "child_modules": {},
            "skipped": 1
        },
        "vcs_paramclassrepository_vcsintf": {
            "end_perf": [
                0.23684597015380859,
                0.16602700000000001,
                0.063778000000000001,
                247236,
                247252,
                63660772732016,
                1,
                0
            ],
            "start_perf": [
                0.23681497573852539,
                0.16600500000000001,
                0.063769999999999993,
                247236,
                247252,
                1672832888.9211631,
                63660772649836
            ],
            "child_modules": {},
            "skipped": 1
        },