{
    "Modules": {
        "...MASTER...": {
            "end_perf": [
                0.26555705070495605,
                0.164219,
                0.077103000000000005,
                247272,
                247292,
                38355435762349,
                0,
                0
            ],
            "start_perf": [
                0.26062893867492676,
                0.16003999999999999,
                0.076354000000000005,
                246284,
                246300,
                1672918124.949585,
                38355421973900
            ],
            "nRouts": 5,
            "child_modules": {
                "_vcs_msglog": 1,
                "uvm_custom_install_recording": 1,
                "uvm_custom_install_verdi_recording": 1,
                "rkv_i2c_tb": 1,
                "rkv_i2c_pkg": 1,
                "vcs_paramclassrepository_87QqAb": 1,
                "std": 1,
                "vcs_paramclassrepository_67wvne": 1,
                "uvm_pkg": 1,
                "_vcs_unit__3820934895": 1,
                "vcs_paramclassrepository": 1,
                "lvc_apb_pkg": 1,
                "lvc_i2c_pkg": 1,
                "vcs_paramclassrepository_vcsintf": 1,
                "vcs_paramclassrepository_UF52ed": 1
            },
            "nQuads": 0,
            "nMops": 0
        },
        "vcs_paramclassrepository_87QqAb": {
            "end_perf": [
                0.26674294471740723,
                0.164795,
                0.077690999999999996,
                247276,
                247292,
                38355438991465,
                1,
                0
            ],
            "start_perf": [
                0.26671791076660156,
                0.164795,
                0.077665999999999999,
                247276,
                247292,
                1672918124.9556739,
                38355438921683
            ],
            "child_modules": {},
            "skipped": 1
        },
        "rkv_i2c_pkg": {
            "end_perf": [
                0.26637697219848633,
                0.16477800000000001,
                0.077365000000000003,
                247276,
                247292,
                38355437967319,
                1,
                0
            ],
            "start_perf": [
                0.26635193824768066,
                0.16476099999999999,
                0.077356999999999995,
                247276,
                247292,
                1672918124.955308,
                38355437900794
            ],
            "child_modules": {},
            "skipped": 1
        },
        "std": {
            "end_perf": [
                0.26596593856811523,
                0.16449800000000001,
                0.077233999999999997,
                247276,
                247292,
                38355436826742,
                1,
                0
            ],
            "start_perf": [
                0.26591897010803223,
                0.164466,
                0.077218999999999996,
                247276,
                247292,
                1672918124.954875,
                38355436737826
            ],
            "child_modules": {},
            "skipped": 1
        },
        "uvm_pkg": {
            "end_perf": [
                0.26602292060852051,
                0.16453799999999999,
                0.077252000000000001,
                247276,
                247292,
                38355436984484,
                1,
                0
            ],
            "start_perf": [
                0.26599788665771484,
                0.16452,
                0.077243999999999993,
                247276,
                247292,
                1672918124.9549539,
                38355436914072
            ],
            "child_modules": {},
            "skipped": 1
        },
        "_vcs_msglog": {
            "end_perf": [
                0.26607394218444824,
                0.164572,
                0.077268000000000003,
                247276,
                247292,
                38355437124196,
                1,
                0
            ],
            "start_perf": [
                0.26604986190795898,
                0.16455600000000001,
                0.077260999999999996,
                247276,
                247292,
                1672918124.9550059,
                38355437057707
            ],
            "child_modules": {},
            "skipped": 1
        },
        "uvm_custom_install_recording": {
            "end_perf": [
                0.26617288589477539,
                0.16463900000000001,
                0.077299999999999994,
                247276,
                247292,
                38355437401305,
                1,
                0
            ],
            "start_perf": [
                0.26614689826965332,
                0.16462199999999999,
                0.077292,
                247276,
                247292,
                1672918124.9551029,
                38355437328672
            ],
            "child_modules": {},
            "skipped": 1
        },
        "uvm_custom_install_verdi_recording": {
            "end_perf": [
                0.26623106002807617,
                0.16467899999999999,
                0.077317999999999998,
                247276,
                247292,
                38355437559784,
                1,
                0
            ],
            "start_perf": [
                0.26619791984558105,
                0.164656,
                0.077308000000000002,
                247276,
                247292,
                1672918124.9551539,
                38355437494611
            ],
            "child_modules": {},
            "skipped": 1
        },
        "_vcs_unit__3820934895": {
            "end_perf": [
                0.26612305641174316,
                0.164605,
                0.077284000000000005,
                247276,
                247292,
                38355437260076,
                1,
                0
            ],
            "start_perf": [
                0.26609897613525391,
                0.16458900000000001,
                0.077275999999999997,
                247276,
                247292,
                1672918124.955055,
                38355437192195
            ],
            "child_modules": {},
            "skipped": 1
        },
        "lvc_apb_pkg": {
            "end_perf": [
                0.26627898216247559,
                0.164711,
                0.077334,
                247276,
                247292,
                38355437694985,
                1,
                0
            ],
            "start_perf": [
                0.26625490188598633,
                0.16469500000000001,
                0.077326000000000006,
                247276,
                247292,
                1672918124.9552109,
                38355437629742
            ],
            "child_modules": {},
            "skipped": 1
        },
        "lvc_i2c_pkg": {
            "end_perf": [
                0.26632809638977051,
                0.164745,
                0.077350000000000002,
                247276,
                247292,
                38355437831254,
                1,
                0
            ],
            "start_perf": [
                0.26630401611328125,
                0.16472899999999999,
                0.077341999999999994,
                247276,
                247292,
                1672918124.95526,
                38355437764608
            ],
            "child_modules": {},
            "skipped": 1
        },
        "rkv_i2c_tb": {
            "end_perf": [
                0.26646900177001953,
                0.164795,
                0.077439999999999995,
                247276,
                247292,
                38355438378132,
                1,
                0
            ],