{
    "Modules": {
        "vcs_paramclassrepository_UF52ed": {
            "start_perf": [
                0.34035801887512207,
                0.23197200000000001,
                0.095813999999999996,
                247188,
                247204,
                1672492267.288615,
                68590357086628
            ],
            "child_modules": {},
            "end_perf": [
                0.34038114547729492,
                0.231989,
                0.095821000000000003,
                247188,
                247204,
                68590357155066,
                1,
                0
            ],
            "skipped": 1
        },
        "rkv_i2c_tb": {
            "start_perf": [
                0.34020400047302246,
                0.231907,
                0.095725000000000005,
                247188,
                247204,
                1672492267.288461,
                68590356659076
            ],
            "child_modules": {},
            "end_perf": [
                0.34022808074951172,
                0.231907,
                0.095749000000000001,
                247188,
                247204,
                68590356724693,
                1,
                0
            ],
            "skipped": 1
        },
        "uvm_pkg": {
            "start_perf": [
                0.33976197242736816,
                0.231907,
                0.095283000000000007,
                247188,
                247204,
                1672492267.2880189,
                68590355429331
            ],
            "child_modules": {},
            "end_perf": [
                0.33978891372680664,
                0.231907,
                0.095310000000000006,
                247188,
                247204,
                68590355496664,
                1,
                0
            ],
            "skipped": 1
        },
        "...MASTER...": {
            "start_perf": [
                0.32483100891113281,
                0.22673099999999999,
                0.085653999999999994,
                246196,
                246212,
                1672492267.273088,
                68590313773919
            ],
            "nQuads": 0,
            "child_modules": {
                "std": 1,
                "vcs_paramclassrepository_UF52ed": 1,
                "rkv_i2c_tb": 1,
                "uvm_pkg": 1,
                "vcs_paramclassrepository_87QqAb": 1,
                "uvm_custom_install_verdi_recording": 1,
                "vcs_paramclassrepository_67wvne": 1,
                "rkv_i2c_pkg": 1,
                "vcs_paramclassrepository": 1,
                "uvm_custom_install_recording": 1,
                "_vcs_unit__3820934895": 1,
                "_vcs_msglog": 1,
                "lvc_apb_pkg": 1,
                "lvc_i2c_pkg": 1,
                "vcs_paramclassrepository_vcsintf": 1
            },
            "end_perf": [
                0.3392491340637207,
                0.231907,
                0.094779000000000002,
                247184,
                247204,
                68590354227187,
                0,
                0
            ],
            "significant_routs": [
                [
                    1,
                    "SIM",
                    7678402,
                    201,
                    0
                ]
            ],
            "nMops": 0,
            "nRouts": 5
        },
        "std": {
            "start_perf": [
                0.33968400955200195,
                0.231907,
                0.095203999999999997,
                247188,
                247204,
                1672492267.287941,
                68590355244374
            ],
            "child_modules": {},
            "end_perf": [
                0.33972811698913574,
                0.231907,
                0.095247999999999999,
                247188,
                247204,
                68590355332966,
                1,
                0
            ],
            "skipped": 1
        },
        "_vcs_msglog": {
            "start_perf": [
                0.3398139476776123,
                0.231907,
                0.095334000000000002,
                247188,
                247204,
                1672492267.2880709,
                68590355565332
            ],
            "child_modules": {},
            "end_perf": [
                0.33983707427978516,
                0.231907,
                0.095357999999999998,
                247188,
                247204,
                68590355630395,
                1,
                0
            ],
            "skipped": 1
        },
        "_vcs_unit__3820934895": {
            "start_perf": [
                0.33986091613769531,
                0.231907,
                0.095381999999999995,
                247188,
                247204,
                1672492267.2881179,
                68590355697129
            ],
            "child_modules": {},
            "end_perf": [
                0.33988404273986816,
                0.231907,
                0.095405000000000004,
                247188,
                247204,
                68590355762237,
                1,
                0
            ],
            "skipped": 1
        },
        "uvm_custom_install_recording": {
            "start_perf": [
                0.33990812301635742,
                0.231907,
                0.095429,
                247188,
                247204,
                1672492267.2881651,
                68590355829374
            ],
            "child_modules": {},
            "end_perf": [
                0.33993101119995117,
                0.231907,
                0.095451999999999995,
                247188,
                247204,
                68590355998315,
                1,
                0
            ],
            "skipped": 1
        },
        "uvm_custom_install_verdi_recording": {
            "start_perf": [
                0.33999896049499512,
                0.231907,
                0.095519999999999994,
                247188,
                247204,
                1672492267.2882559,
                68590356096709
            ],
            "child_modules": {},
            "end_perf": [
                0.34002804756164551,
                0.231907,
                0.095548999999999995,
                247188,
                247204,
                68590356165495,
                1,
                0
            ],
            "skipped": 1
        },
        "lvc_apb_pkg": {
            "start_perf": [
                0.34005212783813477,
                0.231907,
                0.095573000000000005,
                247188,
                247204,
                1672492267.2883091,
                68590356231472
            ],
            "child_modules": {},
            "end_perf": [
                0.34007501602172852,
                0.231907,
                0.095596,
                247188,
                247204,
                68590356296048,
                1,
                0
            ],
            "skipped": 1
        },
        "lvc_i2c_pkg": {
            "start_perf": [
                0.34010004997253418,
                0.231907,
                0.095620999999999998,
                247188,
                247204,
                1672492267.288357,
                68590356373688
            ],
            "child_modules": {},
            "end_perf": [
                0.34012603759765625,
                0.231907,
                0.095646999999999996,
                247188,
                247204,
                68590356438430,
                1,
                0
            ],
            "skipped": 1
        },