{
    "ObjArchives": [],
    "Modules": {
        "vcs_paramclassrepository": {
            "skipped": 1,
            "start_perf": [
                0.2265019416809082,
                0.16522100000000001,
                0.056383000000000003,
                247212,
                247228,
                1672820967.2584009,
                30357037081318
            ],
            "child_modules": {},
            "end_perf": [
                0.22652697563171387,
                0.16522100000000001,
                0.056408,
                247212,
                247228,
                30357037146125,
                1,
                0
            ]
        },
        "...MASTER...": {
            "start_perf": [
                0.22121810913085938,
                0.16325899999999999,
                0.053059000000000002,
                246220,
                246236,
                1672820967.2531171,
                30357022352813
            ],
            "child_modules": {
                "lvc_apb_pkg": 1,
                "uvm_custom_install_recording": 1,
                "std": 1,
                "rkv_i2c_tb": 1,
                "lvc_i2c_pkg": 1,
                "vcs_paramclassrepository_87QqAb": 1,
                "uvm_pkg": 1,
                "uvm_custom_install_verdi_recording": 1,
                "rkv_i2c_pkg": 1,
                "vcs_paramclassrepository_67wvne": 1,
                "_vcs_unit__3820934895": 1,
                "vcs_paramclassrepository": 1,
                "_vcs_msglog": 1,
                "vcs_paramclassrepository_vcsintf": 1,
                "vcs_paramclassrepository_UF52ed": 1
            },
            "nQuads": 0,
            "end_perf": [
                0.22552800178527832,
                0.16470799999999999,
                0.055919000000000003,
                247208,
                247228,
                30357034488570,
                0,
                0
            ],
            "nMops": 0,
            "nRouts": 5
        },
        "std": {
            "skipped": 1,
            "start_perf": [
                0.22587800025939941,
                0.16497000000000001,
                0.056008000000000002,
                247212,
                247228,
                1672820967.257777,
                30357035379280
            ],
            "child_modules": {},
            "end_perf": [
                0.22592306137084961,
                0.16500400000000001,
                0.056018999999999999,
                247212,
                247228,
                30357035461830,
                1,
                0
            ]
        },
        "uvm_custom_install_recording": {
            "skipped": 1,
            "start_perf": [
                0.22609496116638184,
                0.165133,
                0.056063000000000002,
                247212,
                247228,
                1672820967.2579939,
                30357035940271
            ],
            "child_modules": {},
            "end_perf": [
                0.2261199951171875,
                0.16515099999999999,
                0.056070000000000002,
                247212,
                247228,
                30357036008172,
                1,
                0
            ]
        },
        "lvc_apb_pkg": {
            "skipped": 1,
            "start_perf": [
                0.22619009017944336,
                0.16520399999999999,
                0.056086999999999998,
                247212,
                247228,
                1672820967.2580891,
                30357036203344
            ],
            "child_modules": {},
            "end_perf": [
                0.22621297836303711,
                0.16522100000000001,
                0.056092999999999997,
                247212,
                247228,
                30357036300124,
                1,
                0
            ]
        },
        "uvm_pkg": {
            "skipped": 1,
            "start_perf": [
                0.22595310211181641,
                0.16502700000000001,
                0.056027,
                247212,
                247228,
                1672820967.2578521,
                30357035544634
            ],
            "child_modules": {},
            "end_perf": [
                0.22597813606262207,
                0.165045,
                0.056032999999999999,
                247212,
                247228,
                30357035610935,
                1,
                0
            ]
        },
        "uvm_custom_install_verdi_recording": {
            "skipped": 1,
            "start_perf": [
                0.22614407539367676,
                0.16516900000000001,
                0.056076000000000001,
                247212,
                247228,
                1672820967.2580431,
                30357036074187
            ],
            "child_modules": {},
            "end_perf": [
                0.22616696357727051,
                0.165186,
                0.056080999999999999,
                247212,
                247228,
                30357036137544,
                1,
                0
            ]
        },
        "_vcs_msglog": {
            "skipped": 1,
            "start_perf": [
                0.22600197792053223,
                0.16506299999999999,
                0.05604,
                247212,
                247228,
                1672820967.257901,
                30357035677628
            ],
            "child_modules": {},
            "end_perf": [
                0.22602510452270508,
                0.16508,
                0.056045999999999999,
                247212,
                247228,
                30357035743581,
                1,
                0
            ]
        },
        "vcs_paramclassrepository_67wvne": {
            "skipped": 1,
            "start_perf": [
                0.22664904594421387,
                0.16522100000000001,
                0.056529000000000003,
                247212,
                247228,
                1672820967.258548,
                30357037486434
            ],
            "child_modules": {},
            "end_perf": [
                0.22667193412780762,
                0.16522100000000001,
                0.056551999999999998,
                247212,
                247228,
                30357037549879,
                1,
                0
            ]
        },
        "rkv_i2c_pkg": {
            "skipped": 1,
            "start_perf": [
                0.22635602951049805,
                0.16522100000000001,
                0.056236000000000001,
                247212,
                247228,
                1672820967.258255,
                30357036668053
            ],
            "child_modules": {},
            "end_perf": [
                0.2263789176940918,
                0.16522100000000001,
                0.056259000000000003,
                247212,
                247228,
                30357036732064,
                1,
                0
            ]
        },
        "_vcs_unit__3820934895": {
            "skipped": 1,
            "start_perf": [
                0.22604894638061523,
                0.16509799999999999,
                0.056050999999999997,
                247212,
                247228,
                1672820967.2579479,
                30357035808512
            ],
            "child_modules": {},
            "end_perf": [
                0.22607207298278809,
                0.16511500000000001,
                0.056057000000000003,
                247212,
                247228,
                30357035873003,
                1,
                0
            ]
        },
        "vcs_paramclassrepository_87QqAb": {
            "skipped": 1,