{
    "stat": {
        "ru_self_end": {
            "ru_nvcsw": 61,
            "ru_utime_sec": 0.16294800000000001,
            "ru_stime_sec": 0.099968000000000001,
            "ru_majflt": 13,
            "ru_maxrss_kb": 74556,
            "ru_minflt": 28977,
            "ru_nivcsw": 5
        },
        "ru_childs_end": {
            "ru_nvcsw": 26,
            "ru_utime_sec": 0.019116000000000001,
            "ru_stime_sec": 0.038774000000000003,
            "ru_majflt": 0,
            "ru_maxrss_kb": 30144,
            "ru_minflt": 10630,
            "ru_nivcsw": 23
        },
        "cpu_cycles_end": 15196548420745,
        "peak_mem_kb": 247220
    },
    "reusePaths": {},
    "Modules": {
        "...MASTER...": {
            "start_perf": [
                0.24740099906921387,
                0.15686,
                0.08949,
                246200,
                246216,
                1672731632.6315091,
                15196487567427
            ],
            "child_modules": {
                "rkv_i2c_tb": 1,
                "_vcs_unit__3820934895": 1,
                "vcs_paramclassrepository_87QqAb": 1,
                "uvm_custom_install_verdi_recording": 1,
                "lvc_i2c_pkg": 1,
                "vcs_paramclassrepository": 1,
                "lvc_apb_pkg": 1,
                "uvm_pkg": 1,
                "uvm_custom_install_recording": 1,
                "vcs_paramclassrepository_67wvne": 1,
                "std": 1,
                "rkv_i2c_pkg": 1,
                "_vcs_msglog": 1,
                "vcs_paramclassrepository_vcsintf": 1,
                "vcs_paramclassrepository_UF52ed": 1
            },
            "end_perf": [
                0.25251293182373047,
                0.159662,
                0.091379000000000002,
                247188,
                247208,
                15196501886711,
                0,
                0
            ],
            "nQuads": 0,
            "nRouts": 5,
            "nMops": 0
        },
        "std": {
            "start_perf": [
                0.25338888168334961,
                0.159662,
                0.091923000000000005,
                247192,
                247208,
                1672731632.6374969,
                15196504300223
            ],
            "child_modules": {},
            "end_perf": [
                0.25343799591064453,
                0.159662,
                0.091971999999999998,
                247192,
                247208,
                15196504392587,
                1,
                0
            ],
            "skipped": 1
        },
        "uvm_pkg": {
            "start_perf": [
                0.25347089767456055,
                0.159662,
                0.092006000000000004,
                247192,
                247208,
                1672731632.637579,
                15196504482272
            ],
            "child_modules": {},
            "end_perf": [
                0.25349998474121094,
                0.159662,
                0.092034000000000005,
                247192,
                247208,
                15196504558114,
                1,
                0
            ],
            "skipped": 1
        },
        "lvc_apb_pkg": {
            "start_perf": [
                0.25380182266235352,
                0.159662,
                0.092336000000000001,
                247192,
                247208,
                1672731632.6379099,
                15196505400708
            ],
            "child_modules": {},
            "end_perf": [
                0.25382590293884277,
                0.159662,
                0.092359999999999998,
                247192,
                247208,
                15196505467572,
                1,
                0
            ],
            "skipped": 1
        },
        "_vcs_msglog": {
            "start_perf": [
                0.25352382659912109,
                0.159662,
                0.092059000000000002,
                247192,
                247208,
                1672731632.6376319,
                15196504626591
            ],
            "child_modules": {},
            "end_perf": [
                0.25354790687561035,
                0.159662,
                0.092082999999999998,
                247192,
                247208,
                15196504693543,
                1,
                0
            ],
            "skipped": 1
        },
        "vcs_paramclassrepository_87QqAb": {
            "start_perf": [
                0.25415587425231934,
                0.159662,
                0.092689999999999995,
                247192,
                247208,
                1672731632.6382639,
                15196506389768
            ],
            "child_modules": {},
            "end_perf": [
                0.25417900085449219,
                0.159662,
                0.092713000000000004,
                247192,
                247208,
                15196506454519,
                1,
                0
            ],
            "skipped": 1
        },
        "uvm_custom_install_verdi_recording": {
            "start_perf": [
                0.25375199317932129,
                0.159662,
                0.092286000000000007,
                247192,
                247208,
                1672731632.6378601,
                15196505262709
            ],
            "child_modules": {},
            "end_perf": [
                0.25377583503723145,
                0.159662,
                0.092310000000000003,
                247192,
                247208,
                15196505329676,
                1,
                0
            ],
            "skipped": 1
        },
        "_vcs_unit__3820934895": {
            "start_perf": [
                0.25357198715209961,
                0.159662,
                0.092106999999999994,
                247192,
                247208,
                1672731632.6376801,
                15196504940942
            ],
            "child_modules": {},
            "end_perf": [
                0.25366592407226562,
                0.159662,
                0.092200000000000004,
                247192,
                247208,
                15196505038994,
                1,
                0
            ],
            "skipped": 1
        },
        "vcs_paramclassrepository_67wvne": {
            "start_perf": [
                0.25420403480529785,
                0.159662,
                0.092739000000000002,
                247192,
                247208,
                1672731632.6383121,
                15196506525724
            ],
            "child_modules": {},
            "end_perf": [
                0.25422883033752441,
                0.159662,
                0.092762999999999998,
                247192,
                247208,
                15196506645842,
                1,
                0
            ],
            "skipped": 1
        },
        "uvm_custom_install_recording": {
            "start_perf": [
                0.25370192527770996,
                0.159662,
                0.092235999999999999,
                247192,
                247208,
                1672731632.63781,
                15196505123705
            ],
            "child_modules": {},
            "end_perf": [
                0.25372600555419922,
                0.159662,
                0.092260999999999996,
                247192,
                247208,
                15196505190478,
                1,
                0
            ],
            "skipped": 1
        },
        "vcs_paramclassrepository": {
            "start_perf": [
                0.25405383110046387,
                0.159662,
                0.092588000000000004,
                247192,
                247208,
                1672731632.6381619,
                15196506105803
            ],
            "child_modules": {},