{
    "Modules": {
        "...MASTER...": {
            "end_perf": [
                0.29136800765991211,
                0.18785299999999999,
                0.091883999999999993,
                247096,
                247116,
                71406373861142,
                0,
                0
            ],
            "start_perf": [
                0.28667187690734863,
                0.18582599999999999,
                0.089335999999999999,
                246108,
                246124,
                1672401355.798677,
                71406360711491
            ],
            "child_modules": {
                "vcs_paramclassrepository_UF52ed": 1,
                "vcs_paramclassrepository_67wvne": 1,
                "lvc_i2c_pkg": 1,
                "rkv_i2c_tb": 1,
                "vcs_paramclassrepository_vcsintf": 1,
                "vcs_paramclassrepository_87QqAb": 1,
                "lvc_apb_pkg": 1,
                "uvm_pkg": 1,
                "_vcs_unit__3820934895": 1,
                "uvm_custom_install_verdi_recording": 1,
                "std": 1,
                "vcs_paramclassrepository": 1,
                "rkv_i2c_pkg": 1,
                "uvm_custom_install_recording": 1,
                "_vcs_msglog": 1
            },
            "nMops": 0,
            "nQuads": 0,
            "nRouts": 5
        },
        "std": {
            "end_perf": [
                0.29202890396118164,
                0.18819900000000001,
                0.092053999999999997,
                247100,
                247116,
                71406375636891,
                1,
                0
            ],
            "start_perf": [
                0.29198789596557617,
                0.188171,
                0.092039999999999997,
                247100,
                247116,
                1672401355.803993,
                71406375550247
            ],
            "child_modules": {},
            "skipped": 1
        },
        "uvm_custom_install_verdi_recording": {
            "end_perf": [
                0.29227995872497559,
                0.18836800000000001,
                0.092135999999999996,
                247100,
                247116,
                71406376330292,
                1,
                0
            ],
            "start_perf": [
                0.29225587844848633,
                0.18835199999999999,
                0.092128000000000002,
                247100,
                247116,
                1672401355.804261,
                71406376262806
            ],
            "child_modules": {},
            "skipped": 1
        },
        "uvm_pkg": {
            "end_perf": [
                0.29208588600158691,
                0.18823699999999999,
                0.092072000000000001,
                247100,
                247116,
                71406375789541,
                1,
                0
            ],
            "start_perf": [
                0.29206085205078125,
                0.188221,
                0.092063999999999993,
                247100,
                247116,
                1672401355.8040659,
                71406375722774
            ],
            "child_modules": {},
            "skipped": 1
        },
        "_vcs_unit__3820934895": {
            "end_perf": [
                0.29218196868896484,
                0.188302,
                0.092104000000000005,
                247100,
                247116,
                71406376055226,
                1,
                0
            ],
            "start_perf": [
                0.29215788841247559,
                0.18828600000000001,
                0.092095999999999997,
                247100,
                247116,
                1672401355.804163,
                71406375990941
            ],
            "child_modules": {},
            "skipped": 1
        },
        "lvc_apb_pkg": {
            "end_perf": [
                0.29233193397521973,
                0.18840299999999999,
                0.092152999999999999,
                247100,
                247116,
                71406376475550,
                1,
                0
            ],
            "start_perf": [
                0.29230594635009766,
                0.188385,
                0.092145000000000005,
                247100,
                247116,
                1672401355.804311,
                71406376408188
            ],
            "child_modules": {},
            "skipped": 1
        },
        "_vcs_msglog": {
            "end_perf": [
                0.29213380813598633,
                0.18826999999999999,
                0.092088000000000003,
                247100,
                247116,
                71406375921795,
                1,
                0
            ],
            "start_perf": [
                0.29210996627807617,
                0.188254,
                0.092079999999999995,
                247100,
                247116,
                1672401355.8041151,
                71406375856712
            ],
            "child_modules": {},
            "skipped": 1
        },
        "uvm_custom_install_recording": {
            "end_perf": [
                0.29223084449768066,
                0.188335,
                0.092119999999999994,
                247100,
                247116,
                71406376194212,
                1,
                0
            ],
            "start_perf": [
                0.29220700263977051,
                0.18831800000000001,
                0.092111999999999999,
                247100,
                247116,
                1672401355.8042121,
                71406376129237
            ],
            "child_modules": {},
            "skipped": 1
        },
        "rkv_i2c_tb": {
            "end_perf": [
                0.29250383377075195,
                0.18851799999999999,
                0.09221,
                247100,
                247116,
                71406377015919,
                1,
                0
            ],
            "start_perf": [
                0.29247879981994629,
                0.188501,
                0.092201000000000005,
                247100,
                247116,
                1672401355.8044839,
                71406376891729
            ],
            "child_modules": {},
            "skipped": 1
        },
        "lvc_i2c_pkg": {
            "end_perf": [
                0.29239296913146973,
                0.188444,
                0.092173000000000005,
                247100,
                247116,
                71406376658984,
                1,
                0
            ],
            "start_perf": [
                0.29235696792602539,
                0.188419,
                0.092161000000000007,
                247100,
                247116,
                1672401355.8043621,
                71406376579069
            ],
            "child_modules": {},
            "skipped": 1
        },
        "rkv_i2c_pkg": {
            "end_perf": [
                0.29245185852050781,
                0.18848300000000001,
                0.092191999999999996,
                247100,
                247116,
                71406376820379,
                1,
                0
            ],
            "start_perf": [
                0.29242300987243652,
                0.18846399999999999,
                0.092183000000000001,
                247100,
                247116,
                1672401355.8044281,
                71406376739099
            ],
            "child_modules": {},
            "skipped": 1
        },
        "vcs_paramclassrepository_87QqAb": {
            "end_perf": [
                0.29274892807006836,
                0.18868299999999999,
                0.092289999999999997,
                247100,
                247116,
                71406377646134,
                1,
                0
            ],