{
    "CompUnits": {
        "SIM_d": {
            "mod": "...MASTER...",
            "mode": 4,
            "text": 430,
            "out": "objs/SIM_d.o",
            "bytes": 12848,
            "checksum": 4294967295
        }
    },
    "Modules": {
        "vcs_paramclassrepository_67wvne": {
            "start_perf": [
                0.24616909027099609,
                0.148647,
                0.098748000000000002,
                247276,
                247292,
                1672914569.990747,
                28424523847972
            ],
            "end_perf": [
                0.24619317054748535,
                0.148671,
                0.098748000000000002,
                247276,
                247292,
                28424523916274,
                1,
                0
            ],
            "child_modules": {},
            "skipped": 1
        },
        "uvm_custom_install_recording": {
            "start_perf": [
                0.24562811851501465,
                0.14827899999999999,
                0.098574999999999996,
                247276,
                247292,
                1672914569.990206,
                28424522337773
            ],
            "end_perf": [
                0.24565410614013672,
                0.14827899999999999,
                0.098599999999999993,
                247276,
                247292,
                28424522408808,
                1,
                0
            ],
            "child_modules": {},
            "skipped": 1
        },
        "...MASTER...": {
            "nRouts": 5,
            "start_perf": [
                0.23963022232055664,
                0.147318,
                0.093840000000000007,
                246284,
                246300,
                1672914569.9842081,
                28424505616941
            ],
            "nMops": 0,
            "end_perf": [
                0.24481201171875,
                0.14827899999999999,
                0.097844,
                247272,
                247292,
                28424520143044,
                0,
                0
            ],
            "child_modules": {
                "rkv_i2c_tb": 1,
                "rkv_i2c_pkg": 1,
                "vcs_paramclassrepository": 1,
                "lvc_apb_pkg": 1,
                "vcs_paramclassrepository_87QqAb": 1,
                "uvm_custom_install_verdi_recording": 1,
                "lvc_i2c_pkg": 1,
                "_vcs_msglog": 1,
                "uvm_pkg": 1,
                "uvm_custom_install_recording": 1,
                "vcs_paramclassrepository_67wvne": 1,
                "_vcs_unit__3820934895": 1,
                "std": 1,
                "vcs_paramclassrepository_vcsintf": 1,
                "vcs_paramclassrepository_UF52ed": 1
            },
            "nQuads": 0
        },
        "std": {
            "start_perf": [
                0.24539899826049805,
                0.14827899999999999,
                0.098345000000000002,
                247276,
                247292,
                1672914569.9899769,
                28424521746501
            ],
            "end_perf": [
                0.24544715881347656,
                0.14827899999999999,
                0.098392999999999994,
                247276,
                247292,
                28424521835729,
                1,
                0
            ],
            "child_modules": {},
            "skipped": 1
        },
        "uvm_custom_install_verdi_recording": {
            "start_perf": [
                0.24567818641662598,
                0.14827899999999999,
                0.098625000000000004,
                247276,
                247292,
                1672914569.9902561,
                28424522476332
            ],
            "end_perf": [
                0.24570202827453613,
                0.14827899999999999,
                0.098648,
                247276,
                247292,
                28424522542061,
                1,
                0
            ],
            "child_modules": {},
            "skipped": 1
        },
        "lvc_i2c_pkg": {
            "start_perf": [
                0.24577522277832031,
                0.14827899999999999,
                0.098721000000000003,
                247276,
                247292,
                1672914569.9903531,
                28424522746606
            ],
            "end_perf": [
                0.24580121040344238,
                0.14827899999999999,
                0.098748000000000002,
                247276,
                247292,
                28424522819449,
                1,
                0
            ],
            "child_modules": {},
            "skipped": 1
        },
        "uvm_pkg": {
            "start_perf": [
                0.24548006057739258,
                0.14827899999999999,
                0.098426,
                247276,
                247292,
                1672914569.9900579,
                28424521924439
            ],
            "end_perf": [
                0.24550509452819824,
                0.14827899999999999,
                0.098450999999999997,
                247276,
                247292,
                28424521993779,
                1,
                0
            ],
            "child_modules": {},
            "skipped": 1
        },
        "_vcs_msglog": {
            "start_perf": [
                0.24553108215332031,
                0.14827899999999999,
                0.098477999999999996,
                247276,
                247292,
                1672914569.990109,
                28424522067623
            ],
            "end_perf": [
                0.24555611610412598,
                0.14827899999999999,
                0.098502999999999993,
                247276,
                247292,
                28424522135901,
                1,
                0
            ],
            "child_modules": {},
            "skipped": 1
        },
        "_vcs_unit__3820934895": {
            "start_perf": [
                0.24558019638061523,
                0.14827899999999999,
                0.098527000000000003,
                247276,
                247292,
                1672914569.9901581,
                28424522203803
            ],
            "end_perf": [
                0.2456052303314209,
                0.14827899999999999,
                0.098551,
                247276,
                247292,
                28424522270458,
                1,
                0
            ],
            "child_modules": {},
            "skipped": 1
        },
        "vcs_paramclassrepository_87QqAb": {
            "start_perf": [
                0.24611806869506836,
                0.14859600000000001,
                0.098748000000000002,
                247276,
                247292,
                1672914569.990696,
                28424523704800
            ],
            "end_perf": [
                0.24614310264587402,
                0.148621,
                0.098748000000000002,
                247276,
                247292,
                28424523774624,
                1,
                0
            ],
            "child_modules": {},
            "skipped": 1
        },
        "lvc_apb_pkg": {
            "start_perf": [
                0.24572610855102539,
                0.14827899999999999,
                0.098672999999999997,
                247276,
                247292,
                1672914569.990304,
                28424522609709
            ],
            "end_perf": [
                0.24575018882751465,
                0.14827899999999999,
                0.098696000000000006,
                247276,
                247292,
                28424522675656,
                1,
                0
            ],
            "child_modules": {},
            "skipped": 1
        },