{
    "Modules": {
        "...MASTER...": {
            "end_perf": [
                0.24367809295654297,
                0.152447,
                0.075712000000000002,
                247096,
                247116,
                70343289318941,
                0,
                0
            ],
            "start_perf": [
                0.23867011070251465,
                0.149784,
                0.073788000000000006,
                246108,
                246124,
                1672400975.2471931,
                70343275307781
            ],
            "child_modules": {
                "rkv_i2c_tb": 1,
                "vcs_paramclassrepository_87QqAb": 1,
                "uvm_pkg": 1,
                "vcs_paramclassrepository": 1,
                "rkv_i2c_pkg": 1,
                "uvm_custom_install_verdi_recording": 1,
                "vcs_paramclassrepository_67wvne": 1,
                "std": 1,
                "_vcs_unit__3820934895": 1,
                "vcs_paramclassrepository_vcsintf": 1,
                "uvm_custom_install_recording": 1,
                "_vcs_msglog": 1,
                "lvc_i2c_pkg": 1,
                "lvc_apb_pkg": 1,
                "vcs_paramclassrepository_UF52ed": 1
            },
            "nMops": 0,
            "nQuads": 0,
            "nRouts": 5
        },
        "_vcs_msglog": {
            "end_perf": [
                0.24476289749145508,
                0.15295800000000001,
                0.075966000000000006,
                247100,
                247116,
                70343292276255,
                1,
                0
            ],
            "start_perf": [
                0.2447359561920166,
                0.15293999999999999,
                0.075956999999999997,
                247100,
                247116,
                1672400975.2532589,
                70343292197001
            ],
            "child_modules": {},
            "skipped": 1
        },
        "vcs_paramclassrepository_67wvne": {
            "end_perf": [
                0.24549603462219238,
                0.15324499999999999,
                0.076411999999999994,
                247100,
                247116,
                70343294311359,
                1,
                0
            ],
            "start_perf": [
                0.24547195434570312,
                0.15324499999999999,
                0.076387999999999998,
                247100,
                247116,
                1672400975.2539949,
                70343294247441
            ],
            "child_modules": {},
            "skipped": 1
        },
        "std": {
            "end_perf": [
                0.24464297294616699,
                0.15287799999999999,
                0.075925999999999993,
                247100,
                247116,
                70343291941802,
                1,
                0
            ],
            "start_perf": [
                0.24459004402160645,
                0.15284200000000001,
                0.075908000000000003,
                247100,
                247116,
                1672400975.253113,
                70343291842667
            ],
            "child_modules": {},
            "skipped": 1
        },
        "uvm_pkg": {
            "end_perf": [
                0.24470806121826172,
                0.152922,
                0.075947000000000001,
                247100,
                247116,
                70343292119364,
                1,
                0
            ],
            "start_perf": [
                0.24467897415161133,
                0.15290300000000001,
                0.075938000000000005,
                247100,
                247116,
                1672400975.253202,
                70343292042160
            ],
            "child_modules": {},
            "skipped": 1
        },
        "_vcs_unit__3820934895": {
            "end_perf": [
                0.24481892585754395,
                0.15299599999999999,
                0.075983999999999996,
                247100,
                247116,
                70343292427821,
                1,
                0
            ],
            "start_perf": [
                0.24479198455810547,
                0.152978,
                0.075975000000000001,
                247100,
                247116,
                1672400975.253315,
                70343292352981
            ],
            "child_modules": {},
            "skipped": 1
        },
        "lvc_i2c_pkg": {
            "end_perf": [
                0.24510812759399414,
                0.15318899999999999,
                0.076079999999999995,
                247100,
                247116,
                70343293237543,
                1,
                0
            ],
            "start_perf": [
                0.24505996704101562,
                0.15315699999999999,
                0.076064000000000007,
                247100,
                247116,
                1672400975.253583,
                70343293145321
            ],
            "child_modules": {},
            "skipped": 1
        },
        "lvc_apb_pkg": {
            "end_perf": [
                0.24499011039733887,
                0.15311,
                0.076040999999999997,
                247100,
                247116,
                70343292998041,
                1,
                0
            ],
            "start_perf": [
                0.24495792388916016,
                0.153089,
                0.07603,
                247100,
                247116,
                1672400975.2534809,
                70343292833498
            ],
            "child_modules": {},
            "skipped": 1
        },
        "vcs_paramclassrepository_vcsintf": {
            "end_perf": [
                0.24530196189880371,
                0.15324499999999999,
                0.076218999999999995,
                247100,
                247116,
                70343293769882,
                1,
                0
            ],
            "start_perf": [
                0.24527692794799805,
                0.15324499999999999,
                0.076192999999999997,
                247100,
                247116,
                1672400975.2537999,
                70343293699815
            ],
            "child_modules": {},
            "skipped": 1
        },
        "uvm_custom_install_recording": {
            "end_perf": [
                0.24487590789794922,
                0.153034,
                0.076003000000000001,
                247100,
                247116,
                70343292585623,
                1,
                0
            ],
            "start_perf": [
                0.24484610557556152,
                0.15301400000000001,
                0.075993000000000005,
                247100,
                247116,
                1672400975.2533691,
                70343292506872
            ],
            "child_modules": {},
            "skipped": 1
        },
        "rkv_i2c_pkg": {
            "end_perf": [
                0.24516701698303223,
                0.153228,
                0.076100000000000001,
                247100,
                247116,
                70343293390756,
                1,
                0
            ],
            "start_perf": [
                0.24514007568359375,
                0.15321000000000001,
                0.076091000000000006,
                247100,
                247116,
                1672400975.2536631,
                70343293322360
            ],
            "child_modules": {},
            "skipped": 1
        },
        "uvm_custom_install_verdi_recording": {
            "end_perf": [
                0.24493193626403809,
                0.15307100000000001,
                0.076022000000000006,
                247100,
                247116,
                70343292742944,
                1,
                0
            ],