{
    "Modules": {
        "...MASTER...": {
            "nMops": 0,
            "start_perf": [
                0.40650105476379395,
                0.26264999999999999,
                0.14111000000000001,
                246196,
                246212,
                1672493046.046576,
                70765853563975
            ],
            "nRouts": 5,
            "child_modules": {
                "rkv_i2c_tb": 1,
                "uvm_pkg": 1,
                "vcs_paramclassrepository_87QqAb": 1,
                "vcs_paramclassrepository": 1,
                "vcs_paramclassrepository_vcsintf": 1,
                "rkv_i2c_pkg": 1,
                "uvm_custom_install_verdi_recording": 1,
                "vcs_paramclassrepository_67wvne": 1,
                "std": 1,
                "_vcs_unit__3820934895": 1,
                "lvc_i2c_pkg": 1,
                "uvm_custom_install_recording": 1,
                "_vcs_msglog": 1,
                "lvc_apb_pkg": 1,
                "vcs_paramclassrepository_UF52ed": 1
            },
            "end_perf": [
                0.4141240119934082,
                0.26530300000000001,
                0.14601900000000001,
                247184,
                247204,
                70765874986760,
                0,
                0
            ],
            "nQuads": 0
        },
        "_vcs_unit__3820934895": {
            "start_perf": [
                0.41527795791625977,
                0.26641399999999998,
                0.146065,
                247188,
                247204,
                1672493046.0553529,
                70765877827358
            ],
            "child_modules": {},
            "end_perf": [
                0.4153139591217041,
                0.26643800000000001,
                0.14607700000000001,
                247188,
                247204,
                70765877927377,
                1,
                0
            ],
            "skipped": 1
        },
        "vcs_paramclassrepository_67wvne": {
            "start_perf": [
                0.41593813896179199,
                0.26678200000000002,
                0.14635500000000001,
                247188,
                247204,
                1672493046.0560131,
                70765879660414
            ],
            "child_modules": {},
            "end_perf": [
                0.41597414016723633,
                0.26678200000000002,
                0.14639199999999999,
                247188,
                247204,
                70765879739513,
                1,
                0
            ],
            "skipped": 1
        },
        "std": {
            "start_perf": [
                0.41493391990661621,
                0.26611400000000002,
                0.14601900000000001,
                247188,
                247204,
                1672493046.0550089,
                70765876926179
            ],
            "child_modules": {},
            "end_perf": [
                0.41499900817871094,
                0.26618000000000003,
                0.14601900000000001,
                247188,
                247204,
                70765877060382,
                1,
                0
            ],
            "skipped": 1
        },
        "rkv_i2c_tb": {
            "start_perf": [
                0.41562008857727051,
                0.26663500000000001,
                0.14618600000000001,
                247188,
                247204,
                1672493046.0556951,
                70765878754640
            ],
            "child_modules": {},
            "end_perf": [
                0.41564607620239258,
                0.266652,
                0.14619499999999999,
                247188,
                247204,
                70765878823547,
                1,
                0
            ],
            "skipped": 1
        },
        "uvm_pkg": {
            "start_perf": [
                0.41504812240600586,
                0.26622899999999999,
                0.14601900000000001,
                247188,
                247204,
                1672493046.0551231,
                70765877187430
            ],
            "child_modules": {},
            "end_perf": [
                0.41508793830871582,
                0.26626899999999998,
                0.14601900000000001,
                247188,
                247204,
                70765877350302,
                1,
                0
            ],
            "skipped": 1
        },
        "_vcs_msglog": {
            "start_perf": [
                0.41516494750976562,
                0.26634099999999999,
                0.14602399999999999,
                247188,
                247204,
                1672493046.0552399,
                70765877600186
            ],
            "child_modules": {},
            "end_perf": [
                0.4152369499206543,
                0.26638699999999998,
                0.14605000000000001,
                247188,
                247204,
                70765877720168,
                1,
                0
            ],
            "skipped": 1
        },
        "lvc_apb_pkg": {
            "start_perf": [
                0.41546893119812012,
                0.266538,
                0.14613200000000001,
                247188,
                247204,
                1672493046.0555439,
                70765878332790
            ],
            "child_modules": {},
            "end_perf": [
                0.41549396514892578,
                0.26655400000000001,
                0.14614099999999999,
                247188,
                247204,
                70765878397759,
                1,
                0
            ],
            "skipped": 1
        },
        "lvc_i2c_pkg": {
            "start_perf": [
                0.41551804542541504,
                0.266569,
                0.14615,
                247188,
                247204,
                1672493046.055593,
                70765878465707
            ],
            "child_modules": {},
            "end_perf": [
                0.4155421257019043,
                0.26658500000000002,
                0.14615800000000001,
                247188,
                247204,
                70765878533857,
                1,
                0
            ],
            "skipped": 1
        },
        "uvm_custom_install_recording": {
            "start_perf": [
                0.41535091400146484,
                0.266461,
                0.14609,
                247188,
                247204,
                1672493046.0554259,
                70765878026304
            ],
            "child_modules": {},
            "end_perf": [
                0.41538500785827637,
                0.26648300000000003,
                0.14610300000000001,
                247188,
                247204,
                70765878114602,
                1,
                0
            ],
            "skipped": 1
        },
        "vcs_paramclassrepository_vcsintf": {
            "start_perf": [
                0.41567111015319824,
                0.26666800000000002,
                0.146204,
                247188,
                247204,
                1672493046.0557461,
                70765878893483
            ],
            "child_modules": {},
            "end_perf": [
                0.41569709777832031,
                0.26668500000000001,
                0.14621300000000001,
                247188,
                247204,
                70765878972495,
                1,
                0
            ],
            "skipped": 1
        },
        "rkv_i2c_pkg": {
            "start_perf": [
                0.41557002067565918,
                0.26660299999999998,
                0.14616799999999999,
                247188,
                247204,
                1672493046.055645,
                70765878609836
            ],
            "child_modules": {},