{
    "Modules": {
        "_vcs_unit__3820934895": {
            "skipped": 1,
            "start_perf": [
                0.25120782852172852,
                0.166657,
                0.063388,
                247236,
                247252,
                1672834940.3835349,
                69391630998226
            ],
            "child_modules": {},
            "end_perf": [
                0.25124883651733398,
                0.166657,
                0.063428999999999999,
                247236,
                247252,
                69391631113760,
                1,
                0
            ]
        },
        "...MASTER...": {
            "start_perf": [
                0.24400186538696289,
                0.161051,
                0.061787000000000002,
                246244,
                246260,
                1672834940.3763289,
                69391610911377
            ],
            "child_modules": {
                "rkv_i2c_tb": 1,
                "vcs_paramclassrepository_87QqAb": 1,
                "uvm_pkg": 1,
                "uvm_custom_install_verdi_recording": 1,
                "std": 1,
                "vcs_paramclassrepository_67wvne": 1,
                "vcs_paramclassrepository": 1,
                "_vcs_unit__3820934895": 1,
                "rkv_i2c_pkg": 1,
                "vcs_paramclassrepository_vcsintf": 1,
                "lvc_apb_pkg": 1,
                "uvm_custom_install_recording": 1,
                "lvc_i2c_pkg": 1,
                "_vcs_msglog": 1,
                "vcs_paramclassrepository_UF52ed": 1
            },
            "end_perf": [
                0.25044393539428711,
                0.166657,
                0.062621999999999997,
                247232,
                247252,
                69391628952369,
                0,
                0
            ],
            "nQuads": 0,
            "nMops": 0,
            "nRouts": 5
        },
        "std": {
            "skipped": 1,
            "start_perf": [
                0.25092983245849609,
                0.166657,
                0.063108999999999998,
                247236,
                247252,
                1672834940.3832569,
                69391630275844
            ],
            "child_modules": {},
            "end_perf": [
                0.25099301338195801,
                0.166657,
                0.063173000000000007,
                247236,
                247252,
                69391630409304,
                1,
                0
            ]
        },
        "uvm_pkg": {
            "skipped": 1,
            "start_perf": [
                0.25104403495788574,
                0.166657,
                0.063224000000000002,
                247236,
                247252,
                1672834940.3833711,
                69391630550058
            ],
            "child_modules": {},
            "end_perf": [
                0.25108599662780762,
                0.166657,
                0.063267000000000004,
                247236,
                247252,
                69391630664210,
                1,
                0
            ]
        },
        "uvm_custom_install_verdi_recording": {
            "skipped": 1,
            "start_perf": [
                0.2513740062713623,
                0.166657,
                0.063555,
                247236,
                247252,
                1672834940.3837011,
                69391631465048
            ],
            "child_modules": {},
            "end_perf": [
                0.25141286849975586,
                0.166657,
                0.063593999999999998,
                247236,
                247252,
                69391631572064,
                1,
                0
            ]
        },
        "lvc_i2c_pkg": {
            "skipped": 1,
            "start_perf": [
                0.25153493881225586,
                0.166717,
                0.063655000000000003,
                247236,
                247252,
                1672834940.383862,
                69391631974395
            ],
            "child_modules": {},
            "end_perf": [
                0.2516019344329834,
                0.166765,
                0.063673999999999994,
                247236,
                247252,
                69391632111565,
                1,
                0
            ]
        },
        "_vcs_msglog": {
            "skipped": 1,
            "start_perf": [
                0.25112795829772949,
                0.166657,
                0.063308000000000003,
                247236,
                247252,
                1672834940.383455,
                69391630780103
            ],
            "child_modules": {},
            "end_perf": [
                0.25116801261901855,
                0.166657,
                0.063348000000000002,
                247236,
                247252,
                69391630889303,
                1,
                0
            ]
        },
        "vcs_paramclassrepository_vcsintf": {
            "skipped": 1,
            "start_perf": [
                0.25181388854980469,
                0.16691900000000001,
                0.063731999999999997,
                247236,
                247252,
                1672834940.384141,
                69391632695981
            ],
            "child_modules": {},
            "end_perf": [
                0.25185585021972656,
                0.16694899999999999,
                0.063743999999999995,
                247236,
                247252,
                69391632806531,
                1,
                0
            ]
        },
        "uvm_custom_install_recording": {
            "skipped": 1,
            "start_perf": [
                0.25128889083862305,
                0.166657,
                0.063468999999999998,
                247236,
                247252,
                1672834940.383616,
                69391631233329
            ],
            "child_modules": {},
            "end_perf": [
                0.25133085250854492,
                0.166657,
                0.063510999999999998,
                247236,
                247252,
                69391631348371,
                1,
                0
            ]
        },
        "lvc_apb_pkg": {
            "skipped": 1,
            "start_perf": [
                0.25145196914672852,
                0.166657,
                0.063631999999999994,
                247236,
                247252,
                1672834940.383779,
                69391631682187
            ],
            "child_modules": {},
            "end_perf": [
                0.25149202346801758,
                0.166685,
                0.063643000000000005,
                247236,
                247252,
                69391631792073,
                1,
                0
            ]
        },
        "rkv_i2c_pkg": {
            "skipped": 1,
            "start_perf": [
                0.25165081024169922,
                0.1668,
                0.063686999999999994,
                247236,
                247252,
                1672834940.3839779,
                69391632243062
            ],
            "child_modules": {},
            "end_perf": [
                0.25169181823730469,
                0.16683000000000001,
                0.063699000000000006,
                247236,
                247252,
                69391632352477,
                1,
                0
            ]
        },
        "rkv_i2c_tb": {
            "skipped": 1,
            "start_perf": [
                0.25173091888427734,
                0.16685900000000001,
                0.063709000000000002,
                247236,
                247252,
                1672834940.384058,
                69391632463646
            ],
            "child_modules": {},