{
    "Modules": {
        "...MASTER...": {
            "end_perf": [
                0.22276186943054199,
                0.14438000000000001,
                0.072694999999999996,
                247188,
                247208,
                81319695789334,
                0,
                0
            ],
            "start_perf": [
                0.21790003776550293,
                0.142487,
                0.069726999999999997,
                246200,
                246216,
                1672496823.9792891,
                81319682148285
            ],
            "child_modules": {
                "rkv_i2c_tb": 1,
                "_vcs_unit__3820934895": 1,
                "vcs_paramclassrepository_87QqAb": 1,
                "uvm_pkg": 1,
                "uvm_custom_install_verdi_recording": 1,
                "vcs_paramclassrepository_UF52ed": 1,
                "vcs_paramclassrepository_67wvne": 1,
                "lvc_apb_pkg": 1,
                "vcs_paramclassrepository": 1,
                "std": 1,
                "rkv_i2c_pkg": 1,
                "uvm_custom_install_recording": 1,
                "vcs_paramclassrepository_vcsintf": 1,
                "_vcs_msglog": 1,
                "lvc_i2c_pkg": 1
            },
            "nRouts": 5,
            "nMops": 0,
            "nQuads": 0
        },
        "_vcs_unit__3820934895": {
            "end_perf": [
                0.22373509407043457,
                0.14438000000000001,
                0.073668999999999998,
                247192,
                247208,
                81319698446628,
                1,
                0
            ],
            "start_perf": [
                0.22369599342346191,
                0.14438000000000001,
                0.073631000000000002,
                247192,
                247208,
                1672496823.985085,
                81319698336284
            ],
            "child_modules": {},
            "skipped": 1
        },
        "std": {
            "end_perf": [
                0.2234489917755127,
                0.14438000000000001,
                0.073383000000000004,
                247192,
                247208,
                81319697656635,
                1,
                0
            ],
            "start_perf": [
                0.22338294982910156,
                0.14438000000000001,
                0.073316000000000006,
                247192,
                247208,
                1672496823.984772,
                81319697524647
            ],
            "child_modules": {},
            "skipped": 1
        },
        "uvm_pkg": {
            "end_perf": [
                0.22354292869567871,
                0.14438000000000001,
                0.073477000000000001,
                247192,
                247208,
                81319697910073,
                1,
                0
            ],
            "start_perf": [
                0.22349905967712402,
                0.14438000000000001,
                0.073432999999999998,
                247192,
                247208,
                1672496823.9848881,
                81319697795003
            ],
            "child_modules": {},
            "skipped": 1
        },
        "uvm_custom_install_verdi_recording": {
            "end_perf": [
                0.22391986846923828,
                0.14448,
                0.073755000000000001,
                247192,
                247208,
                81319698975722,
                1,
                0
            ],
            "start_perf": [
                0.22387599945068359,
                0.14445,
                0.07374,
                247192,
                247208,
                1672496823.985265,
                81319698853682
            ],
            "child_modules": {},
            "skipped": 1
        },
        "vcs_paramclassrepository_vcsintf": {
            "end_perf": [
                0.22443890571594238,
                0.144678,
                0.074075000000000002,
                247192,
                247208,
                81319700375591,
                1,
                0
            ],
            "start_perf": [
                0.22441291809082031,
                0.144678,
                0.074050000000000005,
                247192,
                247208,
                1672496823.9858019,
                81319700307781
            ],
            "child_modules": {},
            "skipped": 1
        },
        "_vcs_msglog": {
            "end_perf": [
                0.22365307807922363,
                0.14438000000000001,
                0.073587,
                247192,
                247208,
                81319698217891,
                1,
                0
            ],
            "start_perf": [
                0.2236020565032959,
                0.14438000000000001,
                0.073536000000000004,
                247192,
                247208,
                1672496823.9849911,
                81319698097449
            ],
            "child_modules": {},
            "skipped": 1
        },
        "vcs_paramclassrepository": {
            "end_perf": [
                0.22448587417602539,
                0.144678,
                0.074122999999999994,
                247192,
                247208,
                81319700509416,
                1,
                0
            ],
            "start_perf": [
                0.22446203231811523,
                0.144678,
                0.074098999999999998,
                247192,
                247208,
                1672496823.985851,
                81319700441880
            ],
            "child_modules": {},
            "skipped": 1
        },
        "lvc_apb_pkg": {
            "end_perf": [
                0.22402191162109375,
                0.14454700000000001,
                0.073788999999999993,
                247192,
                247208,
                81319699284543,
                1,
                0
            ],
            "start_perf": [
                0.22397089004516602,
                0.144513,
                0.073772000000000004,
                247192,
                247208,
                1672496823.9853599,
                81319699134602
            ],
            "child_modules": {},
            "skipped": 1
        },
        "uvm_custom_install_recording": {
            "end_perf": [
                0.22382092475891113,
                0.14441399999999999,
                0.073720999999999995,
                247192,
                247208,
                81319698717768,
                1,
                0
            ],
            "start_perf": [
                0.22377896308898926,
                0.14438599999999999,
                0.073706999999999995,
                247192,
                247208,
                1672496823.985168,
                81319698574720
            ],
            "child_modules": {},
            "skipped": 1
        },
        "lvc_i2c_pkg": {
            "end_perf": [
                0.22412991523742676,
                0.144619,
                0.073826000000000003,
                247192,
                247208,
                81319699572188,
                1,
                0
            ],
            "start_perf": [
                0.22407889366149902,
                0.14458499999999999,
                0.073809,
                247192,
                247208,
                1672496823.9854679,
                81319699441355
            ],
            "child_modules": {},
            "skipped": 1
        },
        "rkv_i2c_pkg": {
            "end_perf": [
                0.22422003746032715,
                0.144678,
                0.073856000000000005,
                247192,
                247208,
                81319699992658,
                1,
                0
            ],