{
    "Modules": {
        "uvm_custom_install_recording": {
            "start_perf": [
                0.91682791709899902,
                0.46503800000000001,
                0.32965699999999998,
                247192,
                247208,
                1672750261.62238,
                67237430535910
            ],
            "child_modules": {},
            "skipped": 1,
            "end_perf": [
                0.91685295104980469,
                0.46503800000000001,
                0.329681,
                247192,
                247208,
                67237430603041,
                1,
                0
            ]
        },
        "vcs_paramclassrepository": {
            "start_perf": [
                0.91728687286376953,
                0.46504000000000001,
                0.33011299999999999,
                247192,
                247208,
                1672750261.622839,
                67237431816418
            ],
            "child_modules": {},
            "skipped": 1,
            "end_perf": [
                0.9173119068145752,
                0.465055,
                0.330123,
                247192,
                247208,
                67237431885713,
                1,
                0
            ]
        },
        "...MASTER...": {
            "start_perf": [
                0.90973401069641113,
                0.46304400000000001,
                0.324714,
                246200,
                246216,
                1672750261.6152861,
                67237410759625
            ],
            "nMops": 0,
            "child_modules": {
                "rkv_i2c_tb": 1,
                "vcs_paramclassrepository_87QqAb": 1,
                "uvm_custom_install_verdi_recording": 1,
                "_vcs_unit__3820934895": 1,
                "std": 1,
                "uvm_pkg": 1,
                "vcs_paramclassrepository_67wvne": 1,
                "vcs_paramclassrepository": 1,
                "vcs_paramclassrepository_UF52ed": 1,
                "rkv_i2c_pkg": 1,
                "uvm_custom_install_recording": 1,
                "lvc_apb_pkg": 1,
                "_vcs_msglog": 1,
                "lvc_i2c_pkg": 1,
                "vcs_paramclassrepository_vcsintf": 1
            },
            "end_perf": [
                0.91592097282409668,
                0.46503800000000001,
                0.32880100000000001,
                247188,
                247208,
                67237428116350,
                0,
                0
            ],
            "nQuads": 0,
            "nRouts": 5
        },
        "std": {
            "start_perf": [
                0.91657280921936035,
                0.46503800000000001,
                0.32940000000000003,
                247192,
                247208,
                1672750261.6221249,
                67237429886522
            ],
            "child_modules": {},
            "skipped": 1,
            "end_perf": [
                0.91662883758544922,
                0.46503800000000001,
                0.32945600000000003,
                247192,
                247208,
                67237429991439,
                1,
                0
            ]
        },
        "_vcs_unit__3820934895": {
            "start_perf": [
                0.91677594184875488,
                0.46503800000000001,
                0.32960400000000001,
                247192,
                247208,
                1672750261.622328,
                67237430392363
            ],
            "child_modules": {},
            "skipped": 1,
            "end_perf": [
                0.91680097579956055,
                0.46503800000000001,
                0.32962999999999998,
                247192,
                247208,
                67237430462568,
                1,
                0
            ]
        },
        "uvm_custom_install_verdi_recording": {
            "start_perf": [
                0.91687893867492676,
                0.46503800000000001,
                0.32970699999999997,
                247192,
                247208,
                1672750261.622431,
                67237430814176
            ],
            "child_modules": {},
            "skipped": 1,
            "end_perf": [
                0.91696286201477051,
                0.46503800000000001,
                0.32979000000000003,
                247192,
                247208,
                67237430981785,
                1,
                0
            ]
        },
        "uvm_pkg": {
            "start_perf": [
                0.91666483879089355,
                0.46503800000000001,
                0.32949299999999998,
                247192,
                247208,
                1672750261.6222169,
                67237430090014
            ],
            "child_modules": {},
            "skipped": 1,
            "end_perf": [
                0.91669678688049316,
                0.46503800000000001,
                0.32952500000000001,
                247192,
                247208,
                67237430173203,
                1,
                0
            ]
        },
        "_vcs_msglog": {
            "start_perf": [
                0.91672492027282715,
                0.46503800000000001,
                0.32955299999999998,
                247192,
                247208,
                1672750261.622277,
                67237430250646
            ],
            "child_modules": {},
            "skipped": 1,
            "end_perf": [
                0.91675090789794922,
                0.46503800000000001,
                0.32957900000000001,
                247192,
                247208,
                67237430320192,
                1,
                0
            ]
        },
        "lvc_apb_pkg": {
            "start_perf": [
                0.9170219898223877,
                0.46503800000000001,
                0.32984999999999998,
                247192,
                247208,
                1672750261.6225741,
                67237431089950
            ],
            "child_modules": {},
            "skipped": 1,
            "end_perf": [
                0.91705179214477539,
                0.46503800000000001,
                0.32988000000000001,
                247192,
                247208,
                67237431159790,
                1,
                0
            ]
        },
        "lvc_i2c_pkg": {
            "start_perf": [
                0.91707777976989746,
                0.46503800000000001,
                0.32990599999999998,
                247192,
                247208,
                1672750261.6226299,
                67237431233340
            ],
            "child_modules": {},
            "skipped": 1,
            "end_perf": [
                0.91710495948791504,
                0.46503800000000001,
                0.32993400000000001,
                247192,
                247208,
                67237431309237,
                1,
                0
            ]
        },
        "vcs_paramclassrepository_UF52ed": {
            "start_perf": [
                0.91733598709106445,
                0.46506900000000001,
                0.33013300000000001,
                247192,
                247208,
                1672750261.6228881,
                67237431953833
            ],
            "child_modules": {},
            "skipped": 1,
            "end_perf": [
                0.91736388206481934,
                0.46508500000000003,
                0.33014500000000002,
                247192,
                247208,
                67237432031038,
                1,
                0
            ]
        },
        "rkv_i2c_pkg": {
            "start_perf": [
                0.91713094711303711,
                0.46503800000000001,
                0.329959,
                247192,
                247208,
                1672750261.622683,
                67237431380200
            ],