{
    "reusePaths": {},
    "Modules": {
        "vcs_paramclassrepository": {
            "child_modules": {},
            "start_perf": [
                0.26170110702514648,
                0.18329100000000001,
                0.061227999999999998,
                247316,
                247332,
                1672926476.1539531,
                61684794514828
            ],
            "end_perf": [
                0.26172900199890137,
                0.18329100000000001,
                0.061255999999999998,
                247316,
                247332,
                61684794587770,
                1,
                0
            ],
            "skipped": 1
        },
        "vcs_paramclassrepository_vcsintf": {
            "child_modules": {},
            "start_perf": [
                0.26156902313232422,
                0.18329100000000001,
                0.061096999999999999,
                247316,
                247332,
                1672926476.153821,
                61684794320553
            ],
            "end_perf": [
                0.26166296005249023,
                0.18329100000000001,
                0.061189,
                247316,
                247332,
                61684794428085,
                1,
                0
            ],
            "skipped": 1
        },
        "...MASTER...": {
            "child_modules": {
                "rkv_i2c_tb": 1,
                "vcs_paramclassrepository_UF52ed": 1,
                "_vcs_msglog": 1,
                "vcs_paramclassrepository_87QqAb": 1,
                "vcs_paramclassrepository_vcsintf": 1,
                "uvm_custom_install_verdi_recording": 1,
                "vcs_paramclassrepository": 1,
                "std": 1,
                "uvm_pkg": 1,
                "vcs_paramclassrepository_67wvne": 1,
                "_vcs_unit__3820934895": 1,
                "rkv_i2c_pkg": 1,
                "uvm_custom_install_recording": 1,
                "lvc_apb_pkg": 1,
                "lvc_i2c_pkg": 1
            },
            "start_perf": [
                0.25647997856140137,
                0.18030299999999999,
                0.058993999999999998,
                246324,
                246340,
                1672926476.1487319,
                61684779968077
            ],
            "end_perf": [
                0.26074314117431641,
                0.182671,
                0.06089,
                247312,
                247332,
                61684791899392,
                0,
                0
            ],
            "nQuads": 0,
            "nMops": 0,
            "nRouts": 5
        },
        "std": {
            "child_modules": {},
            "start_perf": [
                0.26106095314025879,
                0.18290899999999999,
                0.060969000000000002,
                247316,
                247332,
                1672926476.1533129,
                61684792745570
            ],
            "end_perf": [
                0.26109695434570312,
                0.18293699999999999,
                0.060978999999999998,
                247316,
                247332,
                61684792826721,
                1,
                0
            ],
            "skipped": 1
        },
        "uvm_custom_install_verdi_recording": {
            "child_modules": {},
            "start_perf": [
                0.26132297515869141,
                0.18310699999999999,
                0.061034999999999999,
                247316,
                247332,
                1672926476.1535749,
                61684793453485
            ],
            "end_perf": [
                0.26134705543518066,
                0.18312400000000001,
                0.061040999999999998,
                247316,
                247332,
                61684793518427,
                1,
                0
            ],
            "skipped": 1
        },
        "uvm_pkg": {
            "child_modules": {},
            "start_perf": [
                0.26112699508666992,
                0.18296000000000001,
                0.060985999999999999,
                247316,
                247332,
                1672926476.153379,
                61684792906462
            ],
            "end_perf": [
                0.26115107536315918,
                0.182978,
                0.060991999999999998,
                247316,
                247332,
                61684792976974,
                1,
                0
            ],
            "skipped": 1
        },
        "vcs_paramclassrepository_87QqAb": {
            "child_modules": {},
            "start_perf": [
                0.26180315017700195,
                0.18329100000000001,
                0.061330999999999997,
                247316,
                247332,
                1672926476.1540551,
                61684794796580
            ],
            "end_perf": [
                0.26182794570922852,
                0.18329100000000001,
                0.061355,
                247316,
                247332,
                61684794866190,
                1,
                0
            ],
            "skipped": 1
        },
        "vcs_paramclassrepository_UF52ed": {
            "child_modules": {},
            "start_perf": [
                0.26175403594970703,
                0.18329100000000001,
                0.061281000000000002,
                247316,
                247332,
                1672926476.154006,
                61684794657712
            ],
            "end_perf": [
                0.26177811622619629,
                0.18329100000000001,
                0.061304999999999998,
                247316,
                247332,
                61684794724292,
                1,
                0
            ],
            "skipped": 1
        },
        "_vcs_msglog": {
            "child_modules": {},
            "start_perf": [
                0.26117706298828125,
                0.18299699999999999,
                0.060998999999999998,
                247316,
                247332,
                1672926476.153429,
                61684793046574
            ],
            "end_perf": [
                0.26120400428771973,
                0.18301700000000001,
                0.061004999999999997,
                247316,
                247332,
                61684793120276,
                1,
                0
            ],
            "skipped": 1
        },
        "_vcs_unit__3820934895": {
            "child_modules": {},
            "start_perf": [
                0.26122808456420898,
                0.183036,
                0.061011999999999997,
                247316,
                247332,
                1672926476.1534801,
                61684793188179
            ],
            "end_perf": [
                0.26125192642211914,
                0.18305299999999999,
                0.061017000000000002,
                247316,
                247332,
                61684793253832,
                1,
                0
            ],
            "skipped": 1
        },
        "uvm_custom_install_recording": {
            "child_modules": {},
            "start_perf": [
                0.2612760066986084,
                0.18307100000000001,
                0.061023000000000001,
                247316,
                247332,
                1672926476.153528,
                61684793320602
            ],
            "end_perf": [
                0.26129913330078125,
                0.183089,
                0.061029,
                247316,
                247332,
                61684793386216,
                1,
                0
            ],
            "skipped": 1
        },
        "lvc_apb_pkg": {
            "child_modules": {},