{
    "reusePaths": {},
    "Modules": {
        "...MASTER...": {
            "start_perf": [
                0.20608305931091309,
                0.15096799999999999,
                0.047988999999999997,
                246200,
                246216,
                1672494651.641134,
                75251155574061
            ],
            "nQuads": 0,
            "child_modules": {
                "rkv_i2c_tb": 1,
                "vcs_paramclassrepository_67wvne": 1,
                "vcs_paramclassrepository_87QqAb": 1,
                "lvc_i2c_pkg": 1,
                "uvm_pkg": 1,
                "uvm_custom_install_verdi_recording": 1,
                "vcs_paramclassrepository": 1,
                "lvc_apb_pkg": 1,
                "_vcs_unit__3820934895": 1,
                "std": 1,
                "rkv_i2c_pkg": 1,
                "uvm_custom_install_recording": 1,
                "_vcs_msglog": 1,
                "vcs_paramclassrepository_vcsintf": 1,
                "vcs_paramclassrepository_UF52ed": 1
            },
            "nRouts": 5,
            "end_perf": [
                0.21031308174133301,
                0.152139,
                0.051046000000000001,
                247188,
                247208,
                75251167537071,
                0,
                0
            ],
            "nMops": 0
        },
        "_vcs_unit__3820934895": {
            "start_perf": [
                0.21095514297485352,
                0.152139,
                0.051687999999999998,
                247192,
                247208,
                1672494651.6460061,
                75251169204938
            ],
            "child_modules": {},
            "skipped": 1,
            "end_perf": [
                0.21100091934204102,
                0.152139,
                0.051735999999999997,
                247192,
                247208,
                75251169422257,
                1,
                0
            ]
        },
        "lvc_apb_pkg": {
            "start_perf": [
                0.21119809150695801,
                0.152139,
                0.051933,
                247192,
                247208,
                1672494651.6462491,
                75251169826500
            ],
            "child_modules": {},
            "skipped": 1,
            "end_perf": [
                0.21122097969055176,
                0.152139,
                0.051956000000000002,
                247192,
                247208,
                75251169892468,
                1,
                0
            ]
        },
        "_vcs_msglog": {
            "start_perf": [
                0.21080112457275391,
                0.152139,
                0.051535999999999998,
                247192,
                247208,
                1672494651.6458521,
                75251168724874
            ],
            "child_modules": {},
            "skipped": 1,
            "end_perf": [
                0.21082806587219238,
                0.152139,
                0.051562999999999998,
                247192,
                247208,
                75251168986570,
                1,
                0
            ]
        },
        "std": {
            "start_perf": [
                0.2106781005859375,
                0.152139,
                0.051413,
                247192,
                247208,
                1672494651.6457291,
                75251168406909
            ],
            "child_modules": {},
            "skipped": 1,
            "end_perf": [
                0.21071696281433105,
                0.152139,
                0.051451999999999998,
                247192,
                247208,
                75251168487343,
                1,
                0
            ]
        },
        "lvc_i2c_pkg": {
            "start_perf": [
                0.21124505996704102,
                0.152139,
                0.051980999999999999,
                247192,
                247208,
                1672494651.646296,
                75251169962274
            ],
            "child_modules": {},
            "skipped": 1,
            "end_perf": [
                0.21126914024353027,
                0.152139,
                0.052005000000000003,
                247192,
                247208,
                75251170031864,
                1,
                0
            ]
        },
        "uvm_pkg": {
            "start_perf": [
                0.21074604988098145,
                0.152139,
                0.051480999999999999,
                247192,
                247208,
                1672494651.645797,
                75251168572330
            ],
            "child_modules": {},
            "skipped": 1,
            "end_perf": [
                0.21077299118041992,
                0.152139,
                0.051507999999999998,
                247192,
                247208,
                75251168646092,
                1,
                0
            ]
        },
        "uvm_custom_install_recording": {
            "start_perf": [
                0.21108198165893555,
                0.152139,
                0.051817000000000002,
                247192,
                247208,
                1672494651.6461329,
                75251169517557
            ],
            "child_modules": {},
            "skipped": 1,
            "end_perf": [
                0.21111202239990234,
                0.152139,
                0.051846999999999997,
                247192,
                247208,
                75251169590938,
                1,
                0
            ]
        },
        "uvm_custom_install_verdi_recording": {
            "start_perf": [
                0.21113991737365723,
                0.152139,
                0.051874999999999998,
                247192,
                247208,
                1672494651.6461909,
                75251169666983
            ],
            "child_modules": {},
            "skipped": 1,
            "end_perf": [
                0.21116495132446289,
                0.152139,
                0.051901000000000003,
                247192,
                247208,
                75251169761110,
                1,
                0
            ]
        },
        "rkv_i2c_pkg": {
            "start_perf": [
                0.21129512786865234,
                0.152139,
                0.052031000000000001,
                247192,
                247208,
                1672494651.6463461,
                75251170101563
            ],
            "child_modules": {},
            "skipped": 1,
            "end_perf": [
                0.2113189697265625,
                0.152145,
                0.052048999999999998,
                247192,
                247208,
                75251170166948,
                1,
                0
            ]
        },
        "rkv_i2c_tb": {
            "start_perf": [
                0.21134495735168457,
                0.15216399999999999,
                0.052055999999999998,
                247192,
                247208,
                1672494651.6463959,
                75251170241121
            ],
            "child_modules": {},
            "skipped": 1,
            "end_perf": [
                0.21136903762817383,
                0.15218200000000001,
                0.052061999999999997,
                247192,
                247208,
                75251170306635,
                1,
                0
            ]
        },
        "vcs_paramclassrepository_vcsintf": {
            "start_perf": [
                0.21139311790466309,
                0.1522,
                0.052068000000000003,
                247192,
                247208,
                1672494651.6464441,
                75251170379432
            ],
            "child_modules": {},
            "skipped": 1,