{
    "ObjArchives": [],
    "Modules": {
        "vcs_paramclassrepository_UF52ed": {
            "start_perf": [
                0.40997910499572754,
                0.224244,
                0.15168999999999999,
                247260,
                247276,
                1672838579.608557,
                79557980252427
            ],
            "child_modules": {},
            "end_perf": [
                0.41000223159790039,
                0.22426699999999999,
                0.15168999999999999,
                247260,
                247276,
                79557980317293,
                1,
                0
            ],
            "skipped": 1
        },
        "...MASTER...": {
            "start_perf": [
                0.40435504913330078,
                0.221024,
                0.149284,
                246268,
                246284,
                1672838579.6029329,
                79557964637768
            ],
            "child_modules": {
                "rkv_i2c_tb": 1,
                "vcs_paramclassrepository_87QqAb": 1,
                "uvm_custom_install_recording": 1,
                "_vcs_unit__3820934895": 1,
                "uvm_pkg": 1,
                "uvm_custom_install_verdi_recording": 1,
                "vcs_paramclassrepository_67wvne": 1,
                "vcs_paramclassrepository": 1,
                "lvc_i2c_pkg": 1,
                "_vcs_msglog": 1,
                "std": 1,
                "rkv_i2c_pkg": 1,
                "vcs_paramclassrepository_UF52ed": 1,
                "lvc_apb_pkg": 1,
                "vcs_paramclassrepository_vcsintf": 1
            },
            "nRouts": 5,
            "nMops": 0,
            "end_perf": [
                0.40897417068481445,
                0.22347400000000001,
                0.15145400000000001,
                247256,
                247276,
                79557977512985,
                0,
                0
            ],
            "nQuads": 0
        },
        "lvc_apb_pkg": {
            "start_perf": [
                0.4096832275390625,
                0.22394700000000001,
                0.15168999999999999,
                247260,
                247276,
                1672838579.6082611,
                79557979431070
            ],
            "child_modules": {},
            "end_perf": [
                0.40970921516418457,
                0.22397400000000001,
                0.15168999999999999,
                247260,
                247276,
                79557979500743,
                1,
                0
            ],
            "skipped": 1
        },
        "lvc_i2c_pkg": {
            "start_perf": [
                0.40973401069641113,
                0.223999,
                0.15168999999999999,
                247260,
                247276,
                1672838579.6083119,
                79557979568851
            ],
            "child_modules": {},
            "end_perf": [
                0.4097590446472168,
                0.224023,
                0.15168999999999999,
                247260,
                247276,
                79557979636820,
                1,
                0
            ],
            "skipped": 1
        },
        "std": {
            "start_perf": [
                0.40928411483764648,
                0.223659,
                0.15157899999999999,
                247260,
                247276,
                1672838579.607862,
                79557978352994
            ],
            "child_modules": {},
            "end_perf": [
                0.40932703018188477,
                0.22368499999999999,
                0.15159700000000001,
                247260,
                247276,
                79557978437551,
                1,
                0
            ],
            "skipped": 1
        },
        "_vcs_msglog": {
            "start_perf": [
                0.40941119194030762,
                0.22373499999999999,
                0.15163099999999999,
                247260,
                247276,
                1672838579.6079891,
                79557978666861
            ],
            "child_modules": {},
            "end_perf": [
                0.40943622589111328,
                0.22375,
                0.151641,
                247260,
                247276,
                79557978734221,
                1,
                0
            ],
            "skipped": 1
        },
        "_vcs_unit__3820934895": {
            "start_perf": [
                0.40946006774902344,
                0.22376399999999999,
                0.15165000000000001,
                247260,
                247276,
                1672838579.6080379,
                79557978802898
            ],
            "child_modules": {},
            "end_perf": [
                0.4094851016998291,
                0.22377900000000001,
                0.15166099999999999,
                247260,
                247276,
                79557978873740,
                1,
                0
            ],
            "skipped": 1
        },
        "uvm_custom_install_recording": {
            "start_perf": [
                0.40951013565063477,
                0.22379399999999999,
                0.151671,
                247260,
                247276,
                1672838579.608088,
                79557978942450
            ],
            "child_modules": {},
            "end_perf": [
                0.40953421592712402,
                0.22380800000000001,
                0.15168000000000001,
                247260,
                247276,
                79557979008745,
                1,
                0
            ],
            "skipped": 1
        },
        "uvm_pkg": {
            "start_perf": [
                0.40935921669006348,
                0.22370399999999999,
                0.15160999999999999,
                247260,
                247276,
                1672838579.6079371,
                79557978526479
            ],
            "child_modules": {},
            "end_perf": [
                0.40938520431518555,
                0.22372,
                0.15162,
                247260,
                247276,
                79557978594981,
                1,
                0
            ],
            "skipped": 1
        },
        "uvm_custom_install_verdi_recording": {
            "start_perf": [
                0.40955805778503418,
                0.22382299999999999,
                0.15168999999999999,
                247260,
                247276,
                1672838579.6081359,
                79557979215658
            ],
            "child_modules": {},
            "end_perf": [
                0.40964221954345703,
                0.22390499999999999,
                0.15168999999999999,
                247260,
                247276,
                79557979348248,
                1,
                0
            ],
            "skipped": 1
        },
        "rkv_i2c_pkg": {
            "start_perf": [
                0.40978407859802246,
                0.224049,
                0.15168999999999999,
                247260,
                247276,
                1672838579.608362,
                79557979708294
            ],
            "child_modules": {},
            "end_perf": [
                0.40980911254882812,
                0.22407299999999999,
                0.15168999999999999,
                247260,
                247276,
                79557979776708,
                1,
                0
            ],
            "skipped": 1
        },
        "vcs_paramclassrepository_87QqAb": {
            "start_perf": [
                0.41002821922302246,
                0.22429199999999999,
                0.15168999999999999,
                247260,
                247276,
                1672838579.6086061,
                79557980387169
            ],
            "child_modules": {},