{
    "Modules": {
        "_vcs_unit__3820934895": {
            "start_perf": [
                0.24046802520751953,
                0.14790300000000001,
                0.089043999999999998,
                247276,
                247292,
                1672921439.9577329,
                47616009586572
            ],
            "child_modules": {},
            "skipped": 1,
            "end_perf": [
                0.24049210548400879,
                0.14790300000000001,
                0.089067999999999994,
                247276,
                247292,
                47616009653805,
                1,
                0
            ]
        },
        "...MASTER...": {
            "start_perf": [
                0.23483419418334961,
                0.14610799999999999,
                0.085477999999999998,
                246284,
                246300,
                1672921439.9520991,
                47615993892194
            ],
            "child_modules": {
                "_vcs_msglog": 1,
                "uvm_custom_install_recording": 1,
                "rkv_i2c_tb": 1,
                "std": 1,
                "vcs_paramclassrepository_87QqAb": 1,
                "vcs_paramclassrepository_vcsintf": 1,
                "uvm_pkg": 1,
                "uvm_custom_install_verdi_recording": 1,
                "vcs_paramclassrepository_67wvne": 1,
                "vcs_paramclassrepository": 1,
                "_vcs_unit__3820934895": 1,
                "rkv_i2c_pkg": 1,
                "vcs_paramclassrepository_UF52ed": 1,
                "lvc_i2c_pkg": 1,
                "lvc_apb_pkg": 1
            },
            "end_perf": [
                0.23963212966918945,
                0.14790300000000001,
                0.088345000000000007,
                247272,
                247292,
                47616007330105,
                0,
                0
            ],
            "nQuads": 0,
            "nMops": 0,
            "nRouts": 5
        },
        "rkv_i2c_tb": {
            "start_perf": [
                0.24078011512756348,
                0.14791399999999999,
                0.089344000000000007,
                247276,
                247292,
                1672921439.958045,
                47616010471122
            ],
            "child_modules": {},
            "skipped": 1,
            "end_perf": [
                0.24080920219421387,
                0.14793300000000001,
                0.089355000000000004,
                247276,
                247292,
                47616010543615,
                1,
                0
            ]
        },
        "std": {
            "start_perf": [
                0.24028515815734863,
                0.14790300000000001,
                0.088859999999999995,
                247276,
                247292,
                1672921439.95755,
                47616009127025
            ],
            "child_modules": {},
            "skipped": 1,
            "end_perf": [
                0.24033308029174805,
                0.14790300000000001,
                0.088909000000000002,
                247276,
                247292,
                47616009218738,
                1,
                0
            ]
        },
        "_vcs_msglog": {
            "start_perf": [
                0.24041914939880371,
                0.14790300000000001,
                0.088995000000000005,
                247276,
                247292,
                1672921439.957684,
                47616009452609
            ],
            "child_modules": {},
            "skipped": 1,
            "end_perf": [
                0.24044299125671387,
                0.14790300000000001,
                0.089020000000000002,
                247276,
                247292,
                47616009518736,
                1,
                0
            ]
        },
        "uvm_custom_install_recording": {
            "start_perf": [
                0.24051618576049805,
                0.14790300000000001,
                0.089092000000000005,
                247276,
                247292,
                1672921439.9577811,
                47616009722025
            ],
            "child_modules": {},
            "skipped": 1,
            "end_perf": [
                0.24054121971130371,
                0.14790300000000001,
                0.089117000000000002,
                247276,
                247292,
                47616009791836,
                1,
                0
            ]
        },
        "vcs_paramclassrepository_vcsintf": {
            "start_perf": [
                0.24083614349365234,
                0.14795,
                0.089365,
                247276,
                247292,
                1672921439.958101,
                47616010620981
            ],
            "child_modules": {},
            "skipped": 1,
            "end_perf": [
                0.24086213111877441,
                0.14796599999999999,
                0.089374999999999996,
                247276,
                247292,
                47616010688994,
                1,
                0
            ]
        },
        "uvm_pkg": {
            "start_perf": [
                0.24036622047424316,
                0.14790300000000001,
                0.088941999999999993,
                247276,
                247292,
                1672921439.9576311,
                47616009307860
            ],
            "child_modules": {},
            "skipped": 1,
            "end_perf": [
                0.24039220809936523,
                0.14790300000000001,
                0.088968000000000005,
                247276,
                247292,
                47616009378677,
                1,
                0
            ]
        },
        "uvm_custom_install_verdi_recording": {
            "start_perf": [
                0.24056601524353027,
                0.14790300000000001,
                0.089141999999999999,
                247276,
                247292,
                1672921439.9578309,
                47616009860168
            ],
            "child_modules": {},
            "skipped": 1,
            "end_perf": [
                0.24058914184570312,
                0.14790300000000001,
                0.089164999999999994,
                247276,
                247292,
                47616009925682,
                1,
                0
            ]
        },
        "vcs_paramclassrepository_UF52ed": {
            "start_perf": [
                0.24093413352966309,
                0.148011,
                0.089401999999999995,
                247276,
                247292,
                1672921439.958199,
                47616010891240
            ],
            "child_modules": {},
            "skipped": 1,
            "end_perf": [
                0.24095916748046875,
                0.14802699999999999,
                0.089412000000000005,
                247276,
                247292,
                47616010961664,
                1,
                0
            ]
        },
        "lvc_i2c_pkg": {
            "start_perf": [
                0.2406611442565918,
                0.14790300000000001,
                0.089237999999999998,
                247276,
                247292,
                1672921439.957926,
                47616010126843
            ],
            "child_modules": {},
            "skipped": 1,
            "end_perf": [
                0.24068617820739746,
                0.14790300000000001,
                0.089261999999999994,
                247276,
                247292,
                47616010195693,
                1,
                0
            ]
        },