{
    "ObjArchives": [],
    "CompUnits": {
        "SIM_d": {
            "out": "objs/SIM_d.o",
            "mod": "...MASTER...",
            "checksum": 4294967295,
            "mode": 4,
            "text": 430,
            "bytes": 12848
        }
    },
    "Modules": {
        "vcs_paramclassrepository_vcsintf": {
            "start_perf": [
                0.89657282829284668,
                0.49882100000000001,
                0.624865,
                247184,
                247200,
                1672488059.1783509,
                56834807527181
            ],
            "child_modules": {},
            "end_perf": [
                0.89662981033325195,
                0.49882100000000001,
                0.62492099999999995,
                247184,
                247200,
                56834807682606,
                1,
                0
            ],
            "skipped": 1
        },
        "...MASTER...": {
            "start_perf": [
                0.85194087028503418,
                0.490263,
                0.609155,
                246192,
                246208,
                1672488059.133719,
                56834682938967
            ],
            "child_modules": {
                "rkv_i2c_tb": 1,
                "vcs_paramclassrepository_87QqAb": 1,
                "vcs_paramclassrepository": 1,
                "uvm_pkg": 1,
                "uvm_custom_install_verdi_recording": 1,
                "lvc_apb_pkg": 1,
                "vcs_paramclassrepository_67wvne": 1,
                "_vcs_unit__3820934895": 1,
                "std": 1,
                "_vcs_msglog": 1,
                "rkv_i2c_pkg": 1,
                "uvm_custom_install_recording": 1,
                "lvc_i2c_pkg": 1,
                "vcs_paramclassrepository_vcsintf": 1,
                "vcs_paramclassrepository_UF52ed": 1
            },
            "end_perf": [
                0.8888089656829834,
                0.49882100000000001,
                0.61885800000000002,
                247180,
                247200,
                56834786584575,
                0,
                0
            ],
            "nMops": 0,
            "nQuads": 0,
            "nRouts": 5
        },
        "vcs_paramclassrepository_67wvne": {
            "start_perf": [
                0.89725899696350098,
                0.49882100000000001,
                0.62555099999999997,
                247184,
                247200,
                1672488059.1790371,
                56834810785778
            ],
            "child_modules": {},
            "end_perf": [
                0.89783096313476562,
                0.49882100000000001,
                0.62612000000000001,
                247184,
                247200,
                56834811139880,
                1,
                0
            ],
            "skipped": 1
        },
        "std": {
            "start_perf": [
                0.89510297775268555,
                0.49882100000000001,
                0.62338300000000002,
                247184,
                247200,
                1672488059.1768811,
                56834804351838
            ],
            "child_modules": {},
            "end_perf": [
                0.89550399780273438,
                0.49882100000000001,
                0.62379399999999996,
                247184,
                247200,
                56834804547324,
                1,
                0
            ],
            "skipped": 1
        },
        "_vcs_unit__3820934895": {
            "start_perf": [
                0.89585781097412109,
                0.49882100000000001,
                0.62414700000000001,
                247184,
                247200,
                1672488059.1776359,
                56834805549585
            ],
            "child_modules": {},
            "end_perf": [
                0.89591789245605469,
                0.49882100000000001,
                0.62420900000000001,
                247184,
                247200,
                56834805691682,
                1,
                0
            ],
            "skipped": 1
        },
        "lvc_apb_pkg": {
            "start_perf": [
                0.89616990089416504,
                0.49882100000000001,
                0.62446100000000004,
                247184,
                247200,
                1672488059.177948,
                56834806391277
            ],
            "child_modules": {},
            "end_perf": [
                0.89621281623840332,
                0.49882100000000001,
                0.62450499999999998,
                247184,
                247200,
                56834806516977,
                1,
                0
            ],
            "skipped": 1
        },
        "uvm_pkg": {
            "start_perf": [
                0.89557290077209473,
                0.49882100000000001,
                0.62386399999999997,
                247184,
                247200,
                1672488059.177351,
                56834804738517
            ],
            "child_modules": {},
            "end_perf": [
                0.89562702178955078,
                0.49882100000000001,
                0.62391799999999997,
                247184,
                247200,
                56834804891121,
                1,
                0
            ],
            "skipped": 1
        },
        "uvm_custom_install_verdi_recording": {
            "start_perf": [
                0.89607596397399902,
                0.49882100000000001,
                0.62436700000000001,
                247184,
                247200,
                1672488059.1778541,
                56834806133159
            ],
            "child_modules": {},
            "end_perf": [
                0.89612197875976562,
                0.49882100000000001,
                0.624413,
                247184,
                247200,
                56834806262689,
                1,
                0
            ],
            "skipped": 1
        },
        "rkv_i2c_pkg": {
            "start_perf": [
                0.89636683464050293,
                0.49882100000000001,
                0.62465800000000005,
                247184,
                247200,
                1672488059.1781449,
                56834806942695
            ],
            "child_modules": {},
            "end_perf": [
                0.89641094207763672,
                0.49882100000000001,
                0.62470300000000001,
                247184,
                247200,
                56834807074746,
                1,
                0
            ],
            "skipped": 1
        },
        "_vcs_msglog": {
            "start_perf": [
                0.89568495750427246,
                0.49882100000000001,
                0.623977,
                247184,
                247200,
                1672488059.1774631,
                56834805049647
            ],
            "child_modules": {},
            "end_perf": [
                0.89573478698730469,
                0.49882100000000001,
                0.62402599999999997,
                247184,
                247200,
                56834805354871,
                1,
                0
            ],
            "skipped": 1
        },
        "uvm_custom_install_recording": {
            "start_perf": [
                0.8959658145904541,
                0.49882100000000001,
                0.62425699999999995,
                247184,
                247200,
                1672488059.1777439,
                56834805845437
            ],
            "child_modules": {},
            "end_perf": [
                0.89601993560791016,
                0.49882100000000001,
                0.62431099999999995,
                247184,
                247200,
                56834805975708,
                1,
                0
            ],
            "skipped": 1
        },