{
    "reusePaths": {},
    "Modules": {
        "rkv_i2c_tb": {
            "start_perf": [
                0.22504186630249023,
                0.15115999999999999,
                0.067308999999999994,
                247212,
                247228,
                1672821240.4845619,
                31120307436449
            ],
            "child_modules": {},
            "end_perf": [
                0.22506594657897949,
                0.15115999999999999,
                0.067333000000000004,
                247212,
                247228,
                31120307503198,
                1,
                0
            ],
            "skipped": 1
        },
        "_vcs_msglog": {
            "start_perf": [
                0.22463083267211914,
                0.15104000000000001,
                0.067017999999999994,
                247212,
                247228,
                1672821240.4841509,
                31120306289036
            ],
            "child_modules": {},
            "end_perf": [
                0.22465705871582031,
                0.151058,
                0.067025000000000001,
                247212,
                247228,
                31120306361164,
                1,
                0
            ],
            "skipped": 1
        },
        "...MASTER...": {
            "nQuads": 0,
            "start_perf": [
                0.21951103210449219,
                0.14897299999999999,
                0.063988000000000003,
                246220,
                246236,
                1672821240.4790311,
                31120292053129
            ],
            "nRouts": 5,
            "child_modules": {
                "_vcs_msglog": 1,
                "rkv_i2c_tb": 1,
                "lvc_apb_pkg": 1,
                "vcs_paramclassrepository_87QqAb": 1,
                "_vcs_unit__3820934895": 1,
                "uvm_custom_install_verdi_recording": 1,
                "uvm_pkg": 1,
                "vcs_paramclassrepository_67wvne": 1,
                "vcs_paramclassrepository_UF52ed": 1,
                "lvc_i2c_pkg": 1,
                "vcs_paramclassrepository": 1,
                "std": 1,
                "rkv_i2c_pkg": 1,
                "uvm_custom_install_recording": 1,
                "vcs_paramclassrepository_vcsintf": 1
            },
            "end_perf": [
                0.22416901588439941,
                0.15070500000000001,
                0.066868999999999998,
                247208,
                247228,
                31120305109129,
                0,
                0
            ],
            "nMops": 0
        },
        "std": {
            "start_perf": [
                0.22449684143066406,
                0.150947,
                0.066975999999999994,
                247212,
                247228,
                1672821240.4840169,
                31120305980195
            ],
            "child_modules": {},
            "end_perf": [
                0.22455000877380371,
                0.15098400000000001,
                0.066992999999999997,
                247212,
                247228,
                31120306068339,
                1,
                0
            ],
            "skipped": 1
        },
        "uvm_custom_install_verdi_recording": {
            "start_perf": [
                0.22477984428405762,
                0.151143,
                0.067062999999999998,
                247212,
                247228,
                1672821240.4842999,
                31120306702646
            ],
            "child_modules": {},
            "end_perf": [
                0.22480297088623047,
                0.15115999999999999,
                0.067071000000000006,
                247212,
                247228,
                31120306913527,
                1,
                0
            ],
            "skipped": 1
        },
        "uvm_pkg": {
            "start_perf": [
                0.22458100318908691,
                0.151005,
                0.067002000000000006,
                247212,
                247228,
                1672821240.4841011,
                31120306150141
            ],
            "child_modules": {},
            "end_perf": [
                0.22460603713989258,
                0.15102299999999999,
                0.06701,
                247212,
                247228,
                31120306218755,
                1,
                0
            ],
            "skipped": 1
        },
        "vcs_paramclassrepository_87QqAb": {
            "start_perf": [
                0.22524404525756836,
                0.15115999999999999,
                0.067511000000000002,
                247212,
                247228,
                1672821240.4847641,
                31120307998483
            ],
            "child_modules": {},
            "end_perf": [
                0.22526788711547852,
                0.15115999999999999,
                0.067534999999999998,
                247212,
                247228,
                31120308064778,
                1,
                0
            ],
            "skipped": 1
        },
        "_vcs_unit__3820934895": {
            "start_perf": [
                0.22468185424804688,
                0.15107499999999999,
                0.067032999999999995,
                247212,
                247228,
                1672821240.4842019,
                31120306430371
            ],
            "child_modules": {},
            "end_perf": [
                0.22470593452453613,
                0.151092,
                0.067041000000000003,
                247212,
                247228,
                31120306497341,
                1,
                0
            ],
            "skipped": 1
        },
        "lvc_apb_pkg": {
            "start_perf": [
                0.224884033203125,
                0.15115999999999999,
                0.067150000000000001,
                247212,
                247228,
                1672821240.4844041,
                31120307005037
            ],
            "child_modules": {},
            "end_perf": [
                0.2249150276184082,
                0.15115999999999999,
                0.067182000000000006,
                247212,
                247228,
                31120307081179,
                1,
                0
            ],
            "skipped": 1
        },
        "uvm_custom_install_recording": {
            "start_perf": [
                0.2247309684753418,
                0.15110899999999999,
                0.067047999999999996,
                247212,
                247228,
                1672821240.484251,
                31120306568861
            ],
            "child_modules": {},
            "end_perf": [
                0.22475600242614746,
                0.15112600000000001,
                0.067056000000000004,
                247212,
                247228,
                31120306634514,
                1,
                0
            ],
            "skipped": 1
        },
        "vcs_paramclassrepository_UF52ed": {
            "start_perf": [
                0.22519183158874512,
                0.15115999999999999,
                0.067459000000000005,
                247212,
                247228,
                1672821240.4847119,
                31120307853204
            ],
            "child_modules": {},
            "end_perf": [
                0.22521686553955078,
                0.15115999999999999,
                0.067484000000000002,
                247212,
                247228,
                31120307923679,
                1,
                0
            ],
            "skipped": 1
        },