{
    "Modules": {
        "uvm_custom_install_verdi_recording": {
            "child_modules": {},
            "start_perf": [
                0.33648681640625,
                0.16997200000000001,
                0.16797300000000001,
                247192,
                247208,
                1672757790.4677529,
                88269606442741
            ],
            "end_perf": [
                0.33650994300842285,
                0.169984,
                0.16798399999999999,
                247192,
                247208,
                88269606506935,
                1,
                0
            ],
            "skipped": 1
        },
        "...MASTER...": {
            "nMops": 0,
            "child_modules": {
                "rkv_i2c_tb": 1,
                "vcs_paramclassrepository_UF52ed": 1,
                "vcs_paramclassrepository_67wvne": 1,
                "vcs_paramclassrepository": 1,
                "_vcs_unit__3820934895": 1,
                "vcs_paramclassrepository_87QqAb": 1,
                "uvm_pkg": 1,
                "uvm_custom_install_verdi_recording": 1,
                "std": 1,
                "rkv_i2c_pkg": 1,
                "uvm_custom_install_recording": 1,
                "_vcs_msglog": 1,
                "lvc_i2c_pkg": 1,
                "lvc_apb_pkg": 1,
                "vcs_paramclassrepository_vcsintf": 1
            },
            "start_perf": [
                0.33125090599060059,
                0.168852,
                0.163856,
                246200,
                246216,
                1672757790.462517,
                88269591904412
            ],
            "nQuads": 0,
            "end_perf": [
                0.33589076995849609,
                0.16967199999999999,
                0.16767599999999999,
                247188,
                247208,
                88269604848341,
                0,
                0
            ],
            "nRouts": 5
        },
        "std": {
            "child_modules": {},
            "start_perf": [
                0.33622884750366211,
                0.16984199999999999,
                0.16784399999999999,
                247192,
                247208,
                1672757790.467495,
                88269605747262
            ],
            "end_perf": [
                0.33626484870910645,
                0.16986100000000001,
                0.16786200000000001,
                247192,
                247208,
                88269605825804,
                1,
                0
            ],
            "skipped": 1
        },
        "vcs_paramclassrepository_67wvne": {
            "child_modules": {},
            "start_perf": [
                0.33703088760375977,
                0.17042199999999999,
                0.168068,
                247192,
                247208,
                1672757790.468297,
                88269607963044
            ],
            "end_perf": [
                0.33705687522888184,
                0.17044699999999999,
                0.168068,
                247192,
                247208,
                88269608037939,
                1,
                0
            ],
            "skipped": 1
        },
        "vcs_paramclassrepository_UF52ed": {
            "child_modules": {},
            "start_perf": [
                0.33693385124206543,
                0.170324,
                0.168068,
                247192,
                247208,
                1672757790.4682,
                88269607691025
            ],
            "end_perf": [
                0.33695697784423828,
                0.170348,
                0.168068,
                247192,
                247208,
                88269607761429,
                1,
                0
            ],
            "skipped": 1
        },
        "vcs_paramclassrepository": {
            "child_modules": {},
            "start_perf": [
                0.33688497543334961,
                0.17027500000000001,
                0.168068,
                247192,
                247208,
                1672757790.4681511,
                88269607552926
            ],
            "end_perf": [
                0.33690881729125977,
                0.17029900000000001,
                0.168068,
                247192,
                247208,
                88269607621992,
                1,
                0
            ],
            "skipped": 1
        },
        "_vcs_unit__3820934895": {
            "child_modules": {},
            "start_perf": [
                0.33638978004455566,
                0.16992399999999999,
                0.16792499999999999,
                247192,
                247208,
                1672757790.4676559,
                88269606173092
            ],
            "end_perf": [
                0.33641386032104492,
                0.169936,
                0.167936,
                247192,
                247208,
                88269606240157,
                1,
                0
            ],
            "skipped": 1
        },
        "vcs_paramclassrepository_87QqAb": {
            "child_modules": {},
            "start_perf": [
                0.33698391914367676,
                0.170374,
                0.168068,
                247192,
                247208,
                1672757790.46825,
                88269607834270
            ],
            "end_perf": [
                0.33700799942016602,
                0.17039799999999999,
                0.168068,
                247192,
                247208,
                88269607898025,
                1,
                0
            ],
            "skipped": 1
        },
        "uvm_pkg": {
            "child_modules": {},
            "start_perf": [
                0.33629488945007324,
                0.169876,
                0.167877,
                247192,
                247208,
                1672757790.467561,
                88269605911192
            ],
            "end_perf": [
                0.33631992340087891,
                0.16988800000000001,
                0.16789000000000001,
                247192,
                247208,
                88269605976520,
                1,
                0
            ],
            "skipped": 1
        },
        "_vcs_msglog": {
            "child_modules": {},
            "start_perf": [
                0.33634376525878906,
                0.1699,
                0.16790099999999999,
                247192,
                247208,
                1672757790.4676099,
                88269606042400
            ],
            "end_perf": [
                0.33636689186096191,
                0.16991200000000001,
                0.16791300000000001,
                247192,
                247208,
                88269606107643,
                1,
                0
            ],
            "skipped": 1
        },
        "uvm_custom_install_recording": {
            "child_modules": {},
            "start_perf": [
                0.33643794059753418,
                0.16994799999999999,
                0.16794799999999999,
                247192,
                247208,
                1672757790.4677041,
                88269606306696
            ],
            "end_perf": [
                0.33646297454833984,
                0.16996,
                0.167961,
                247192,
                247208,
                88269606373920,
                1,
                0
            ],
            "skipped": 1
        },
        "lvc_i2c_pkg": {
            "child_modules": {},
            "start_perf": [
                0.33658099174499512,
                0.17002,
                0.168019,
                247192,
                247208,
                1672757790.4678471,
                88269606712210
            ],