{
    "reusePaths": {},
    "Modules": {
        "...MASTER...": {
            "start_perf": [
                0.2628629207611084,
                0.147952,
                0.100767,
                246200,
                246216,
                1672757389.117285,
                87148415515472
            ],
            "child_modules": {
                "lvc_i2c_pkg": 1,
                "std": 1,
                "rkv_i2c_tb": 1,
                "vcs_paramclassrepository": 1,
                "lvc_apb_pkg": 1,
                "vcs_paramclassrepository_67wvne": 1,
                "_vcs_msglog": 1,
                "vcs_paramclassrepository_87QqAb": 1,
                "uvm_pkg": 1,
                "uvm_custom_install_verdi_recording": 1,
                "_vcs_unit__3820934895": 1,
                "rkv_i2c_pkg": 1,
                "uvm_custom_install_recording": 1,
                "vcs_paramclassrepository_vcsintf": 1,
                "vcs_paramclassrepository_UF52ed": 1
            },
            "nMops": 0,
            "end_perf": [
                0.26777982711791992,
                0.14946899999999999,
                0.104022,
                247188,
                247208,
                87148429291871,
                0,
                0
            ],
            "nRouts": 5,
            "nQuads": 0
        },
        "lvc_i2c_pkg": {
            "start_perf": [
                0.26879787445068359,
                0.14991299999999999,
                0.104475,
                247192,
                247208,
                1672757389.12322,
                87148432057833
            ],
            "child_modules": {},
            "end_perf": [
                0.26883292198181152,
                0.14991299999999999,
                0.10451000000000001,
                247192,
                247208,
                87148432124640,
                1,
                0
            ],
            "skipped": 1
        },
        "std": {
            "start_perf": [
                0.26834988594055176,
                0.14973400000000001,
                0.10420599999999999,
                247192,
                247208,
                1672757389.122772,
                87148430818568
            ],
            "child_modules": {},
            "end_perf": [
                0.26839399337768555,
                0.14976,
                0.104224,
                247192,
                247208,
                87148430905794,
                1,
                0
            ],
            "skipped": 1
        },
        "uvm_pkg": {
            "start_perf": [
                0.26842689514160156,
                0.149779,
                0.104238,
                247192,
                247208,
                1672757389.122849,
                87148430999221
            ],
            "child_modules": {},
            "end_perf": [
                0.26845383644104004,
                0.14979500000000001,
                0.10424899999999999,
                247192,
                247208,
                87148431067799,
                1,
                0
            ],
            "skipped": 1
        },
        "vcs_paramclassrepository_67wvne": {
            "start_perf": [
                0.26924490928649902,
                0.14991299999999999,
                0.104922,
                247192,
                247208,
                1672757389.123667,
                87148433282547
            ],
            "child_modules": {},
            "end_perf": [
                0.26930880546569824,
                0.149976,
                0.104922,
                247192,
                247208,
                87148433514729,
                1,
                0
            ],
            "skipped": 1
        },
        "lvc_apb_pkg": {
            "start_perf": [
                0.26873779296875,
                0.14991299999999999,
                0.10441400000000001,
                247192,
                247208,
                1672757389.1231599,
                87148431881193
            ],
            "child_modules": {},
            "end_perf": [
                0.26877093315124512,
                0.14991299999999999,
                0.104448,
                247192,
                247208,
                87148431955719,
                1,
                0
            ],
            "skipped": 1
        },
        "vcs_paramclassrepository_87QqAb": {
            "start_perf": [
                0.26917290687561035,
                0.14991299999999999,
                0.10485,
                247192,
                247208,
                1672757389.123595,
                87148433082364
            ],
            "child_modules": {},
            "end_perf": [
                0.26919984817504883,
                0.14991299999999999,
                0.104877,
                247192,
                247208,
                87148433202894,
                1,
                0
            ],
            "skipped": 1
        },
        "_vcs_msglog": {
            "start_perf": [
                0.2684788703918457,
                0.14981,
                0.104259,
                247192,
                247208,
                1672757389.122901,
                87148431137923
            ],
            "child_modules": {},
            "end_perf": [
                0.26850295066833496,
                0.14982400000000001,
                0.104269,
                247192,
                247208,
                87148431205503,
                1,
                0
            ],
            "skipped": 1
        },
        "_vcs_unit__3820934895": {
            "start_perf": [
                0.26852798461914062,
                0.149839,
                0.10428,
                247192,
                247208,
                1672757389.1229501,
                87148431275416
            ],
            "child_modules": {},
            "end_perf": [
                0.26855182647705078,
                0.14985299999999999,
                0.10428999999999999,
                247192,
                247208,
                87148431342550,
                1,
                0
            ],
            "skipped": 1
        },
        "uvm_custom_install_recording": {
            "start_perf": [
                0.26857686042785645,
                0.149868,
                0.1043,
                247192,
                247208,
                1672757389.122999,
                87148431412824
            ],
            "child_modules": {},
            "end_perf": [
                0.26860284805297852,
                0.14988299999999999,
                0.10431,
                247192,
                247208,
                87148431484722,
                1,
                0
            ],
            "skipped": 1
        },
        "uvm_custom_install_verdi_recording": {
            "start_perf": [
                0.26862883567810059,
                0.149899,
                0.104321,
                247192,
                247208,
                1672757389.1230509,
                87148431558471
            ],
            "child_modules": {},
            "end_perf": [
                0.26865386962890625,
                0.14991299999999999,
                0.10433099999999999,
                247192,
                247208,
                87148431761913,
                1,
                0
            ],
            "skipped": 1
        },
        "rkv_i2c_pkg": {
            "start_perf": [
                0.26885700225830078,
                0.14991299999999999,
                0.104534,
                247192,
                247208,
                1672757389.1232791,
                87148432197028
            ],
            "child_modules": {},