{
    "CompUnits": {
        "SIM_d": {
            "mod": "...MASTER...",
            "text": 430,
            "out": "objs/SIM_d.o",
            "bytes": 12848,
            "mode": 4,
            "checksum": 4294967295
        }
    },
    "Modules": {
        "...MASTER...": {
            "nRouts": 5,
            "start_perf": [
                0.2403261661529541,
                0.145341,
                0.19545999999999999,
                246220,
                246236,
                1672814018.9416111,
                10946581650181
            ],
            "child_modules": {
                "uvm_pkg": 1,
                "rkv_i2c_tb": 1,
                "uvm_custom_install_recording": 1,
                "vcs_paramclassrepository_87QqAb": 1,
                "uvm_custom_install_verdi_recording": 1,
                "lvc_i2c_pkg": 1,
                "vcs_paramclassrepository_67wvne": 1,
                "std": 1,
                "lvc_apb_pkg": 1,
                "vcs_paramclassrepository": 1,
                "vcs_paramclassrepository_UF52ed": 1,
                "_vcs_unit__3820934895": 1,
                "rkv_i2c_pkg": 1,
                "_vcs_msglog": 1,
                "vcs_paramclassrepository_vcsintf": 1
            },
            "end_perf": [
                0.24556207656860352,
                0.14713599999999999,
                0.19883200000000001,
                247208,
                247228,
                10946596284083,
                0,
                0
            ],
            "nQuads": 0,
            "nMops": 0
        },
        "vcs_paramclassrepository": {
            "start_perf": [
                0.24673199653625488,
                0.14757999999999999,
                0.199433,
                247212,
                247228,
                1672814018.9480169,
                10946599436745
            ],
            "child_modules": {},
            "skipped": 1,
            "end_perf": [
                0.24675512313842773,
                0.14759,
                0.19944600000000001,
                247212,
                247228,
                10946599500576,
                1,
                0
            ]
        },
        "lvc_apb_pkg": {
            "start_perf": [
                0.24648523330688477,
                0.14747499999999999,
                0.199291,
                247212,
                247228,
                1672814018.9477701,
                10946598750687
            ],
            "child_modules": {},
            "skipped": 1,
            "end_perf": [
                0.24651002883911133,
                0.14748600000000001,
                0.19930500000000001,
                247212,
                247228,
                10946598819619,
                1,
                0
            ]
        },
        "vcs_paramclassrepository_67wvne": {
            "start_perf": [
                0.24687719345092773,
                0.147642,
                0.199516,
                247212,
                247228,
                1672814018.9481621,
                10946599842554
            ],
            "child_modules": {},
            "skipped": 1,
            "end_perf": [
                0.24690008163452148,
                0.14765200000000001,
                0.19953000000000001,
                247212,
                247228,
                10946599986931,
                1,
                0
            ]
        },
        "lvc_i2c_pkg": {
            "start_perf": [
                0.2465360164642334,
                0.14749699999999999,
                0.19932,
                247212,
                247228,
                1672814018.9478209,
                10946598893191
            ],
            "child_modules": {},
            "skipped": 1,
            "end_perf": [
                0.24656105041503906,
                0.147507,
                0.19933400000000001,
                247212,
                247228,
                10946598957694,
                1,
                0
            ]
        },
        "std": {
            "start_perf": [
                0.2461390495300293,
                0.14732799999999999,
                0.19909099999999999,
                247212,
                247228,
                1672814018.9474239,
                10946597829636
            ],
            "child_modules": {},
            "skipped": 1,
            "end_perf": [
                0.24618721008300781,
                0.14734800000000001,
                0.19911899999999999,
                247212,
                247228,
                10946597921700,
                1,
                0
            ]
        },
        "uvm_pkg": {
            "start_perf": [
                0.24621915817260742,
                0.14736199999999999,
                0.19913800000000001,
                247212,
                247228,
                1672814018.947504,
                10946598005669
            ],
            "child_modules": {},
            "skipped": 1,
            "end_perf": [
                0.24624419212341309,
                0.147373,
                0.199152,
                247212,
                247228,
                10946598128079,
                1,
                0
            ]
        },
        "_vcs_msglog": {
            "start_perf": [
                0.24629306793212891,
                0.147393,
                0.19918,
                247212,
                247228,
                1672814018.947578,
                10946598212091
            ],
            "child_modules": {},
            "skipped": 1,
            "end_perf": [
                0.24631810188293457,
                0.14740400000000001,
                0.19919500000000001,
                247212,
                247228,
                10946598281059,
                1,
                0
            ]
        },
        "vcs_paramclassrepository_UF52ed": {
            "start_perf": [
                0.24678206443786621,
                0.14760200000000001,
                0.199462,
                247212,
                247228,
                1672814018.9480669,
                10946599577420
            ],
            "child_modules": {},
            "skipped": 1,
            "end_perf": [
                0.24680614471435547,
                0.14761199999999999,
                0.19947500000000001,
                247212,
                247228,
                10946599641623,
                1,
                0
            ]
        },
        "_vcs_unit__3820934895": {
            "start_perf": [
                0.24634218215942383,
                0.14741399999999999,
                0.199209,
                247212,
                247228,
                1672814018.9476271,
                10946598349458
            ],
            "child_modules": {},
            "skipped": 1,
            "end_perf": [
                0.24636602401733398,
                0.147425,
                0.19922300000000001,
                247212,
                247228,
                10946598414427,
                1,
                0
            ]
        },
        "vcs_paramclassrepository_87QqAb": {
            "start_perf": [
                0.24682903289794922,
                0.147621,
                0.199489,
                247212,
                247228,
                1672814018.9481139,
                10946599708012
            ],
            "child_modules": {},
            "skipped": 1,
            "end_perf": [
                0.24685406684875488,
                0.14763200000000001,
                0.19950300000000001,
                247212,
                247228,
                10946599776032,
                1,
                0
            ]
        },