{
    "CompUnits": {
        "SIM_d": {
            "mod": "...MASTER...",
            "checksum": 4294967295,
            "out": "objs/SIM_d.o",
            "bytes": 12848,
            "mode": 4,
            "text": 430
        }
    },
    "Modules": {
        "rkv_i2c_tb": {
            "start_perf": [
                0.26106500625610352,
                0.14673700000000001,
                0.12080399999999999,
                247188,
                247204,
                1672493942.018846,
                73268793032328
            ],
            "child_modules": {},
            "end_perf": [
                0.26108908653259277,
                0.14673700000000001,
                0.12082900000000001,
                247188,
                247204,
                73268793100613,
                1,
                0
            ],
            "skipped": 1
        },
        "...MASTER...": {
            "nMops": 0,
            "start_perf": [
                0.25584197044372559,
                0.14673700000000001,
                0.115581,
                246196,
                246212,
                1672493942.013623,
                73268778464708
            ],
            "nQuads": 0,
            "child_modules": {
                "rkv_i2c_tb": 1,
                "vcs_paramclassrepository_67wvne": 1,
                "std": 1,
                "vcs_paramclassrepository_87QqAb": 1,
                "_vcs_unit__3820934895": 1,
                "uvm_pkg": 1,
                "uvm_custom_install_verdi_recording": 1,
                "vcs_paramclassrepository": 1,
                "lvc_apb_pkg": 1,
                "_vcs_msglog": 1,
                "rkv_i2c_pkg": 1,
                "uvm_custom_install_recording": 1,
                "lvc_i2c_pkg": 1,
                "vcs_paramclassrepository_vcsintf": 1,
                "vcs_paramclassrepository_UF52ed": 1
            },
            "end_perf": [
                0.26020503044128418,
                0.14673700000000001,
                0.11994299999999999,
                247184,
                247204,
                73268790700220,
                0,
                0
            ],
            "nRouts": 5
        },
        "vcs_paramclassrepository_67wvne": {
            "start_perf": [
                0.26130795478820801,
                0.14673700000000001,
                0.121048,
                247188,
                247204,
                1672493942.019089,
                73268793713429
            ],
            "child_modules": {},
            "end_perf": [
                0.26133203506469727,
                0.14673700000000001,
                0.121072,
                247188,
                247204,
                73268793775451,
                1,
                0
            ],
            "skipped": 1
        },
        "std": {
            "start_perf": [
                0.26049590110778809,
                0.14673700000000001,
                0.12023499999999999,
                247188,
                247204,
                1672493942.0182769,
                73268791466208
            ],
            "child_modules": {},
            "end_perf": [
                0.26053094863891602,
                0.14673700000000001,
                0.120271,
                247188,
                247204,
                73268791543715,
                1,
                0
            ],
            "skipped": 1
        },
        "_vcs_unit__3820934895": {
            "start_perf": [
                0.26065802574157715,
                0.14673700000000001,
                0.12039800000000001,
                247188,
                247204,
                1672493942.0184391,
                73268791893966
            ],
            "child_modules": {},
            "end_perf": [
                0.2606809139251709,
                0.14673700000000001,
                0.120421,
                247188,
                247204,
                73268791957538,
                1,
                0
            ],
            "skipped": 1
        },
        "uvm_pkg": {
            "start_perf": [
                0.26056098937988281,
                0.14673700000000001,
                0.1203,
                247188,
                247204,
                1672493942.018342,
                73268791626784
            ],
            "child_modules": {},
            "end_perf": [
                0.26058602333068848,
                0.14673700000000001,
                0.120325,
                247188,
                247204,
                73268791695888,
                1,
                0
            ],
            "skipped": 1
        },
        "rkv_i2c_pkg": {
            "start_perf": [
                0.26101589202880859,
                0.14673700000000001,
                0.120755,
                247188,
                247204,
                1672493942.0187969,
                73268792896307
            ],
            "child_modules": {},
            "end_perf": [
                0.26103997230529785,
                0.14673700000000001,
                0.120779,
                247188,
                247204,
                73268792962422,
                1,
                0
            ],
            "skipped": 1
        },
        "_vcs_msglog": {
            "start_perf": [
                0.26061201095581055,
                0.14673700000000001,
                0.120351,
                247188,
                247204,
                1672493942.018393,
                73268791765720
            ],
            "child_modules": {},
            "end_perf": [
                0.2606348991394043,
                0.14673700000000001,
                0.120375,
                247188,
                247204,
                73268791829097,
                1,
                0
            ],
            "skipped": 1
        },
        "lvc_apb_pkg": {
            "start_perf": [
                0.26091408729553223,
                0.14673700000000001,
                0.120653,
                247188,
                247204,
                1672493942.0186951,
                73268792620501
            ],
            "child_modules": {},
            "end_perf": [
                0.26094198226928711,
                0.14673700000000001,
                0.120682,
                247188,
                247204,
                73268792686472,
                1,
                0
            ],
            "skipped": 1
        },
        "uvm_custom_install_recording": {
            "start_perf": [
                0.26070404052734375,
                0.14673700000000001,
                0.120444,
                247188,
                247204,
                1672493942.0184851,
                73268792022595
            ],
            "child_modules": {},
            "end_perf": [
                0.2607269287109375,
                0.14673700000000001,
                0.120467,
                247188,
                247204,
                73268792085436,
                1,
                0
            ],
            "skipped": 1
        },
        "uvm_custom_install_verdi_recording": {
            "start_perf": [
                0.26075005531311035,
                0.14673700000000001,
                0.120489,
                247188,
                247204,
                1672493942.0185311,
                73268792339809
            ],
            "child_modules": {},
            "end_perf": [
                0.26085090637207031,
                0.14673700000000001,
                0.120589,
                247188,
                247204,
                73268792530444,
                1,
                0
            ],
            "skipped": 1
        },