{
    "Modules": {
        "...MASTER...": {
            "end_perf": [
                0.2598879337310791,
                0.173239,
                0.078106999999999996,
                247232,
                247252,
                65818124082268,
                0,
                0
            ],
            "start_perf": [
                0.25503110885620117,
                0.17013800000000001,
                0.076352000000000003,
                246244,
                246260,
                1672833661.1784921,
                65818110540750
            ],
            "nQuads": 0,
            "child_modules": {
                "vcs_paramclassrepository_67wvne": 1,
                "uvm_custom_install_recording": 1,
                "rkv_i2c_tb": 1,
                "vcs_paramclassrepository_87QqAb": 1,
                "lvc_i2c_pkg": 1,
                "uvm_pkg": 1,
                "vcs_paramclassrepository": 1,
                "std": 1,
                "uvm_custom_install_verdi_recording": 1,
                "_vcs_unit__3820934895": 1,
                "rkv_i2c_pkg": 1,
                "_vcs_msglog": 1,
                "lvc_apb_pkg": 1,
                "vcs_paramclassrepository_UF52ed": 1,
                "vcs_paramclassrepository_vcsintf": 1
            },
            "nMops": 0,
            "nRouts": 5
        },
        "lvc_apb_pkg": {
            "end_perf": [
                0.26056909561157227,
                0.173709,
                0.078320000000000001,
                247236,
                247252,
                65818125914081,
                1,
                0
            ],
            "start_perf": [
                0.26054692268371582,
                0.17369399999999999,
                0.078312999999999994,
                247236,
                247252,
                1672833661.1840079,
                65818125851379
            ],
            "child_modules": {},
            "skipped": 1
        },
        "vcs_paramclassrepository": {
            "end_perf": [
                0.26093697547912598,
                0.17382500000000001,
                0.078548999999999994,
                247236,
                247252,
                65818126946850,
                1,
                0
            ],
            "start_perf": [
                0.26091098785400391,
                0.17382500000000001,
                0.078521999999999995,
                247236,
                247252,
                1672833661.1843719,
                65818126877610
            ],
            "child_modules": {},
            "skipped": 1
        },
        "lvc_i2c_pkg": {
            "end_perf": [
                0.26061797142028809,
                0.17374300000000001,
                0.078335000000000002,
                247236,
                247252,
                65818126052782,
                1,
                0
            ],
            "start_perf": [
                0.26059412956237793,
                0.17372599999999999,
                0.078326999999999994,
                247236,
                247252,
                1672833661.1840551,
                65818125986469
            ],
            "child_modules": {},
            "skipped": 1
        },
        "std": {
            "end_perf": [
                0.26027798652648926,
                0.173508,
                0.078229000000000007,
                247236,
                247252,
                65818125105433,
                1,
                0
            ],
            "start_perf": [
                0.26023602485656738,
                0.17347899999999999,
                0.078215999999999994,
                247236,
                247252,
                1672833661.183697,
                65818125022777
            ],
            "child_modules": {},
            "skipped": 1
        },
        "uvm_pkg": {
            "end_perf": [
                0.26033306121826172,
                0.17354600000000001,
                0.078245999999999996,
                247236,
                247252,
                65818125254466,
                1,
                0
            ],
            "start_perf": [
                0.26030898094177246,
                0.17352999999999999,
                0.078239000000000003,
                247236,
                247252,
                1672833661.1837699,
                65818125189418
            ],
            "child_modules": {},
            "skipped": 1
        },
        "_vcs_msglog": {
            "end_perf": [
                0.26038002967834473,
                0.17357900000000001,
                0.078260999999999997,
                247236,
                247252,
                65818125384289,
                1,
                0
            ],
            "start_perf": [
                0.26035714149475098,
                0.173563,
                0.078254000000000004,
                247236,
                247252,
                1672833661.1838181,
                65818125320770
            ],
            "child_modules": {},
            "skipped": 1
        },
        "_vcs_unit__3820934895": {
            "end_perf": [
                0.26042699813842773,
                0.17361199999999999,
                0.078275999999999998,
                247236,
                247252,
                65818125518291,
                1,
                0
            ],
            "start_perf": [
                0.26040315628051758,
                0.173595,
                0.078268000000000004,
                247236,
                247252,
                1672833661.1838641,
                65818125453638
            ],
            "child_modules": {},
            "skipped": 1
        },
        "rkv_i2c_tb": {
            "end_perf": [
                0.26071310043334961,
                0.17380899999999999,
                0.078364000000000003,
                247236,
                247252,
                65818126316636,
                1,
                0
            ],
            "start_perf": [
                0.26069092750549316,
                0.173793,
                0.078356999999999996,
                247236,
                247252,
                1672833661.1841519,
                65818126253365
            ],
            "child_modules": {},
            "skipped": 1
        },
        "uvm_custom_install_recording": {
            "end_perf": [
                0.26047611236572266,
                0.17364499999999999,
                0.078290999999999999,
                247236,
                247252,
                65818125654330,
                1,
                0
            ],
            "start_perf": [
                0.2604520320892334,
                0.17362900000000001,
                0.078283000000000005,
                247236,
                247252,
                1672833661.183913,
                65818125587395
            ],
            "child_modules": {},
            "skipped": 1
        },
        "uvm_custom_install_verdi_recording": {
            "end_perf": [
                0.26052403450012207,
                0.173678,
                0.078306000000000001,
                247236,
                247252,
                65818125786811,
                1,
                0
            ],
            "start_perf": [
                0.26050114631652832,
                0.17366200000000001,
                0.078298000000000006,
                247236,
                247252,
                1672833661.1839621,
                65818125723422
            ],
            "child_modules": {},
            "skipped": 1
        },
        "rkv_i2c_pkg": {
            "end_perf": [
                0.26066708564758301,
                0.17377600000000001,
                0.078350000000000003,
                247236,
                247252,
                65818126189407,
                1,
                0
            ],