{
    "Modules": {
        "...MASTER...": {
            "nMops": 0,
            "start_perf": [
                0.23518800735473633,
                0.163019,
                0.066415000000000002,
                246248,
                246264,
                1672832293.810039,
                61998301255987
            ],
            "nRouts": 5,
            "child_modules": {
                "vcs_paramclassrepository_vcsintf": 1,
                "uvm_pkg": 1,
                "std": 1,
                "rkv_i2c_tb": 1,
                "vcs_paramclassrepository_87QqAb": 1,
                "uvm_custom_install_verdi_recording": 1,
                "vcs_paramclassrepository_67wvne": 1,
                "vcs_paramclassrepository": 1,
                "_vcs_unit__3820934895": 1,
                "lvc_apb_pkg": 1,
                "rkv_i2c_pkg": 1,
                "uvm_custom_install_recording": 1,
                "_vcs_msglog": 1,
                "lvc_i2c_pkg": 1,
                "vcs_paramclassrepository_UF52ed": 1
            },
            "end_perf": [
                0.2406010627746582,
                0.16453300000000001,
                0.070226999999999998,
                247236,
                247256,
                61998316416930,
                0,
                0
            ],
            "nQuads": 0
        },
        "_vcs_msglog": {
            "start_perf": [
                0.24115800857543945,
                0.16492499999999999,
                0.070393999999999998,
                247240,
                247256,
                1672832293.816009,
                61998317897066
            ],
            "child_modules": {},
            "end_perf": [
                0.2411808967590332,
                0.164941,
                0.070401000000000005,
                247240,
                247256,
                61998317960874,
                1,
                0
            ],
            "skipped": 1
        },
        "vcs_paramclassrepository_vcsintf": {
            "start_perf": [
                0.24159598350524902,
                0.16509099999999999,
                0.070666000000000007,
                247240,
                247256,
                1672832293.816447,
                61998319121954
            ],
            "child_modules": {},
            "end_perf": [
                0.24162006378173828,
                0.16509099999999999,
                0.070690000000000003,
                247240,
                247256,
                61998319189033,
                1,
                0
            ],
            "skipped": 1
        },
        "std": {
            "start_perf": [
                0.24103307723999023,
                0.16483700000000001,
                0.070357000000000003,
                247240,
                247256,
                1672832293.8158841,
                61998317592435
            ],
            "child_modules": {},
            "end_perf": [
                0.24107694625854492,
                0.16486799999999999,
                0.070370000000000002,
                247240,
                247256,
                61998317677431,
                1,
                0
            ],
            "skipped": 1
        },
        "uvm_pkg": {
            "start_perf": [
                0.24110889434814453,
                0.16489000000000001,
                0.070379999999999998,
                247240,
                247256,
                1672832293.8159599,
                61998317763518
            ],
            "child_modules": {},
            "end_perf": [
                0.24113297462463379,
                0.164908,
                0.070387000000000005,
                247240,
                247256,
                61998317830848,
                1,
                0
            ],
            "skipped": 1
        },
        "_vcs_unit__3820934895": {
            "start_perf": [
                0.24120497703552246,
                0.16495799999999999,
                0.070408999999999999,
                247240,
                247256,
                1672832293.816056,
                61998318031095
            ],
            "child_modules": {},
            "end_perf": [
                0.24122905731201172,
                0.16497400000000001,
                0.070416000000000006,
                247240,
                247256,
                61998318099471,
                1,
                0
            ],
            "skipped": 1
        },
        "uvm_custom_install_recording": {
            "start_perf": [
                0.24125289916992188,
                0.164992,
                0.070422999999999999,
                247240,
                247256,
                1672832293.8161039,
                61998318164879
            ],
            "child_modules": {},
            "end_perf": [
                0.24127888679504395,
                0.16500999999999999,
                0.070430999999999994,
                247240,
                247256,
                61998318235362,
                1,
                0
            ],
            "skipped": 1
        },
        "rkv_i2c_pkg": {
            "start_perf": [
                0.24150204658508301,
                0.16509099999999999,
                0.070571999999999996,
                247240,
                247256,
                1672832293.8163531,
                61998318860720
            ],
            "child_modules": {},
            "end_perf": [
                0.24152493476867676,
                0.16509099999999999,
                0.070595000000000005,
                247240,
                247256,
                61998318923452,
                1,
                0
            ],
            "skipped": 1
        },
        "lvc_apb_pkg": {
            "start_perf": [
                0.2413480281829834,
                0.16505800000000001,
                0.070451,
                247240,
                247256,
                1672832293.8161991,
                61998318427230
            ],
            "child_modules": {},
            "end_perf": [
                0.24136996269226074,
                0.165074,
                0.070458000000000007,
                247240,
                247256,
                61998318490109,
                1,
                0
            ],
            "skipped": 1
        },
        "uvm_custom_install_verdi_recording": {
            "start_perf": [
                0.2413020133972168,
                0.16502600000000001,
                0.070438000000000001,
                247240,
                247256,
                1672832293.816153,
                61998318299544
            ],
            "child_modules": {},
            "end_perf": [
                0.24132490158081055,
                0.16504199999999999,
                0.070444000000000007,
                247240,
                247256,
                61998318363393,
                1,
                0
            ],
            "skipped": 1
        },
        "lvc_i2c_pkg": {
            "start_perf": [
                0.24139595031738281,
                0.16509099999999999,
                0.070466000000000001,
                247240,
                247256,
                1672832293.816247,
                61998318668326
            ],
            "child_modules": {},
            "end_perf": [
                0.24146199226379395,
                0.16509099999999999,
                0.070531999999999997,
                247240,
                247256,
                61998318758047,
                1,
                0
            ],
            "skipped": 1
        },
        "rkv_i2c_tb": {
            "start_perf": [
                0.24154806137084961,
                0.16509099999999999,
                0.070618,
                247240,
                247256,
                1672832293.8163991,
                61998318988138
            ],
            "child_modules": {},