{
    "CompUnits": {
        "SIM_d": {
            "mode": 4,
            "text": 430,
            "mod": "...MASTER...",
            "out": "objs/SIM_d.o",
            "bytes": 12848,
            "checksum": 4294967295
        }
    },
    "Modules": {
        "...MASTER...": {
            "start_perf": [
                0.24439406394958496,
                0.150561,
                0.1061,
                246220,
                246236,
                1672821122.1000521,
                30789594690316
            ],
            "nMops": 0,
            "child_modules": {
                "vcs_paramclassrepository_vcsintf": 1,
                "rkv_i2c_tb": 1,
                "std": 1,
                "vcs_paramclassrepository_87QqAb": 1,
                "_vcs_unit__3820934895": 1,
                "lvc_i2c_pkg": 1,
                "uvm_pkg": 1,
                "uvm_custom_install_verdi_recording": 1,
                "vcs_paramclassrepository_67wvne": 1,
                "lvc_apb_pkg": 1,
                "vcs_paramclassrepository": 1,
                "rkv_i2c_pkg": 1,
                "uvm_custom_install_recording": 1,
                "_vcs_msglog": 1,
                "vcs_paramclassrepository_UF52ed": 1
            },
            "end_perf": [
                0.24867892265319824,
                0.153142,
                0.107804,
                247208,
                247228,
                30789606677574,
                0,
                0
            ],
            "nQuads": 0,
            "nRouts": 5
        },
        "uvm_custom_install_verdi_recording": {
            "skipped": 1,
            "start_perf": [
                0.24927902221679688,
                0.15349499999999999,
                0.108052,
                247212,
                247228,
                1672821122.1049371,
                30789608283987
            ],
            "child_modules": {},
            "end_perf": [
                0.24930191040039062,
                0.15350800000000001,
                0.108061,
                247212,
                247228,
                30789608346480,
                1,
                0
            ]
        },
        "vcs_paramclassrepository_vcsintf": {
            "skipped": 1,
            "start_perf": [
                0.2496638298034668,
                0.153812,
                0.10811999999999999,
                247212,
                247228,
                1672821122.1053219,
                30789609363845
            ],
            "child_modules": {},
            "end_perf": [
                0.24969005584716797,
                0.153837,
                0.10811999999999999,
                247212,
                247228,
                30789609433176,
                1,
                0
            ]
        },
        "rkv_i2c_tb": {
            "skipped": 1,
            "start_perf": [
                0.2495720386505127,
                0.15367,
                0.10811999999999999,
                247212,
                247228,
                1672821122.1052301,
                30789609164230
            ],
            "child_modules": {},
            "end_perf": [
                0.24963188171386719,
                0.153779,
                0.10811999999999999,
                247212,
                247228,
                30789609277169,
                1,
                0
            ]
        },
        "std": {
            "skipped": 1,
            "start_perf": [
                0.24901390075683594,
                0.153339,
                0.107942,
                247212,
                247228,
                1672821122.104672,
                30789607589257
            ],
            "child_modules": {},
            "end_perf": [
                0.24905800819396973,
                0.153365,
                0.107961,
                247212,
                247228,
                30789607673493,
                1,
                0
            ]
        },
        "_vcs_msglog": {
            "skipped": 1,
            "start_perf": [
                0.24913787841796875,
                0.15341199999999999,
                0.10799400000000001,
                247212,
                247228,
                1672821122.1047959,
                30789607891014
            ],
            "child_modules": {},
            "end_perf": [
                0.2491610050201416,
                0.15342600000000001,
                0.108003,
                247212,
                247228,
                30789607957333,
                1,
                0
            ]
        },
        "lvc_i2c_pkg": {
            "skipped": 1,
            "start_perf": [
                0.24937295913696289,
                0.15354999999999999,
                0.10809100000000001,
                247212,
                247228,
                1672821122.105031,
                30789608546132
            ],
            "child_modules": {},
            "end_perf": [
                0.24939703941345215,
                0.15356400000000001,
                0.108101,
                247212,
                247228,
                30789608612577,
                1,
                0
            ]
        },
        "uvm_pkg": {
            "skipped": 1,
            "start_perf": [
                0.24908804893493652,
                0.15338299999999999,
                0.107973,
                247212,
                247228,
                1672821122.1047461,
                30789607756729
            ],
            "child_modules": {},
            "end_perf": [
                0.24911284446716309,
                0.15339700000000001,
                0.107984,
                247212,
                247228,
                30789607823838,
                1,
                0
            ]
        },
        "vcs_paramclassrepository_87QqAb": {
            "skipped": 1,
            "start_perf": [
                0.24980998039245605,
                0.15395700000000001,
                0.10811999999999999,
                247212,
                247228,
                1672821122.105468,
                30789609771454
            ],
            "child_modules": {},
            "end_perf": [
                0.24983406066894531,
                0.15398200000000001,
                0.10811999999999999,
                247212,
                247228,
                30789609834722,
                1,
                0
            ]
        },
        "_vcs_unit__3820934895": {
            "skipped": 1,
            "start_perf": [
                0.24918484687805176,
                0.15343999999999999,
                0.108013,
                247212,
                247228,
                1672821122.1048429,
                30789608022703
            ],
            "child_modules": {},
            "end_perf": [
                0.24920797348022461,
                0.15345300000000001,
                0.10802299999999999,
                247212,
                247228,
                30789608087350,
                1,
                0
            ]
        },
        "vcs_paramclassrepository": {
            "skipped": 1,
            "start_perf": [
                0.24971389770507812,
                0.153861,
                0.10811999999999999,
                247212,
                247228,
                1672821122.105372,
                30789609502359
            ],
            "child_modules": {},
            "end_perf": [
                0.24973797798156738,
                0.153886,
                0.10811999999999999,
                247212,
                247228,
                30789609566152,
                1,
                0
            ]
        },
        "lvc_apb_pkg": {
            "skipped": 1,