{
    "ObjArchives": [],
    "Modules": {
        "lvc_apb_pkg": {
            "end_perf": [
                0.35155010223388672,
                0.20746800000000001,
                0.136548,
                247276,
                247292,
                31085481585424,
                1,
                0
            ],
            "start_perf": [
                0.35150909423828125,
                0.20744299999999999,
                0.13653100000000001,
                247276,
                247292,
                1672915522.5324631,
                31085481474120
            ],
            "child_modules": {},
            "skipped": 1
        },
        "vcs_paramclassrepository_87QqAb": {
            "end_perf": [
                0.35226106643676758,
                0.20754500000000001,
                0.137182,
                247276,
                247292,
                31085483575806,
                1,
                0
            ],
            "start_perf": [
                0.35221505165100098,
                0.20754500000000001,
                0.13713600000000001,
                247276,
                247292,
                1672915522.533169,
                31085483453087
            ],
            "child_modules": {},
            "skipped": 1
        },
        "...MASTER...": {
            "end_perf": [
                0.34998893737792969,
                0.206595,
                0.13597300000000001,
                247272,
                247292,
                31085477327659,
                0,
                0
            ],
            "start_perf": [
                0.34322190284729004,
                0.20388800000000001,
                0.132052,
                246284,
                246300,
                1672915522.5241759,
                31085458344564
            ],
            "nMops": 0,
            "child_modules": {
                "rkv_i2c_tb": 1,
                "vcs_paramclassrepository_87QqAb": 1,
                "uvm_pkg": 1,
                "_vcs_unit__3820934895": 1,
                "vcs_paramclassrepository_UF52ed": 1,
                "vcs_paramclassrepository_67wvne": 1,
                "uvm_custom_install_verdi_recording": 1,
                "std": 1,
                "vcs_paramclassrepository_vcsintf": 1,
                "lvc_i2c_pkg": 1,
                "_vcs_msglog": 1,
                "vcs_paramclassrepository": 1,
                "rkv_i2c_pkg": 1,
                "uvm_custom_install_recording": 1,
                "lvc_apb_pkg": 1
            },
            "nQuads": 0,
            "nRouts": 5
        },
        "vcs_paramclassrepository": {
            "end_perf": [
                0.35205698013305664,
                0.20754500000000001,
                0.13697799999999999,
                247276,
                247292,
                31085483003998,
                1,
                0
            ],
            "start_perf": [
                0.35201501846313477,
                0.20754500000000001,
                0.136936,
                247276,
                247292,
                1672915522.532969,
                31085482890003
            ],
            "child_modules": {},
            "skipped": 1
        },
        "vcs_paramclassrepository_vcsintf": {
            "end_perf": [
                0.35197210311889648,
                0.20754500000000001,
                0.13689299999999999,
                247276,
                247292,
                31085482767121,
                1,
                0
            ],
            "start_perf": [
                0.3519289493560791,
                0.20754500000000001,
                0.13685,
                247276,
                247292,
                1672915522.5328829,
                31085482651237
            ],
            "child_modules": {},
            "skipped": 1
        },
        "lvc_i2c_pkg": {
            "end_perf": [
                0.35163593292236328,
                0.20752000000000001,
                0.13658200000000001,
                247276,
                247292,
                31085481824075,
                1,
                0
            ],
            "start_perf": [
                0.35159397125244141,
                0.20749400000000001,
                0.13656499999999999,
                247276,
                247292,
                1672915522.532548,
                31085481709989
            ],
            "child_modules": {},
            "skipped": 1
        },
        "_vcs_msglog": {
            "end_perf": [
                0.3512120246887207,
                0.20725099999999999,
                0.136405,
                247276,
                247292,
                31085480657125,
                1,
                0
            ],
            "start_perf": [
                0.3511500358581543,
                0.20722699999999999,
                0.13638900000000001,
                247276,
                247292,
                1672915522.532104,
                31085480464936
            ],
            "child_modules": {},
            "skipped": 1
        },
        "std": {
            "end_perf": [
                0.35098695755004883,
                0.20712800000000001,
                0.136324,
                247276,
                247292,
                31085480072933,
                1,
                0
            ],
            "start_perf": [
                0.35091090202331543,
                0.20708099999999999,
                0.136293,
                247276,
                247292,
                1672915522.5318649,
                31085479873007
            ],
            "child_modules": {},
            "skipped": 1
        },
        "uvm_pkg": {
            "end_perf": [
                0.35110712051391602,
                0.207201,
                0.13637199999999999,
                247276,
                247292,
                31085480345027,
                1,
                0
            ],
            "start_perf": [
                0.35106110572814941,
                0.207173,
                0.136353,
                247276,
                247292,
                1672915522.5320151,
                31085480230169
            ],
            "child_modules": {},
            "skipped": 1
        },
        "_vcs_unit__3820934895": {
            "end_perf": [
                0.35129904747009277,
                0.207317,
                0.13644800000000001,
                247276,
                247292,
                31085480880329,
                1,
                0
            ],
            "start_perf": [
                0.35125994682312012,
                0.20729300000000001,
                0.136433,
                247276,
                247292,
                1672915522.5322139,
                31085480768959
            ],
            "child_modules": {},
            "skipped": 1
        },
        "uvm_custom_install_recording": {
            "end_perf": [
                0.35138392448425293,
                0.207368,
                0.13648199999999999,
                247276,
                247292,
                31085481124934,
                1,
                0
            ],
            "start_perf": [
                0.35133910179138184,
                0.207341,
                0.136464,
                247276,
                247292,
                1672915522.5322931,
                31085480999667
            ],
            "child_modules": {},
            "skipped": 1
        },
        "uvm_custom_install_verdi_recording": {
            "end_perf": [
                0.35146808624267578,
                0.20741899999999999,
                0.136515,
                247276,
                247292,
                31085481355775,
                1,
                0
            ],