{
    "Modules": {
        "...MASTER...": {
            "start_perf": [
                0.26488995552062988,
                0.16338,
                0.089206999999999995,
                246224,
                246240,
                1672820774.439611,
                29818388605379
            ],
            "child_modules": {
                "rkv_i2c_tb": 1,
                "vcs_paramclassrepository_87QqAb": 1,
                "_vcs_msglog": 1,
                "std": 1,
                "uvm_pkg": 1,
                "uvm_custom_install_verdi_recording": 1,
                "vcs_paramclassrepository_67wvne": 1,
                "lvc_apb_pkg": 1,
                "rkv_i2c_pkg": 1,
                "vcs_paramclassrepository": 1,
                "uvm_custom_install_recording": 1,
                "_vcs_unit__3820934895": 1,
                "lvc_i2c_pkg": 1,
                "vcs_paramclassrepository_vcsintf": 1,
                "vcs_paramclassrepository_UF52ed": 1
            },
            "nRouts": 5,
            "end_perf": [
                0.26963996887207031,
                0.166218,
                0.091119000000000006,
                247212,
                247232,
                29818401892198,
                0,
                0
            ],
            "nQuads": 0,
            "nMops": 0
        },
        "std": {
            "start_perf": [
                0.27006793022155762,
                0.166495,
                0.091271000000000005,
                247216,
                247232,
                1672820774.4447889,
                29818403065831
            ],
            "child_modules": {},
            "end_perf": [
                0.27011203765869141,
                0.166523,
                0.091286999999999993,
                247216,
                247232,
                29818403150421,
                1,
                0
            ],
            "skipped": 1
        },
        "_vcs_msglog": {
            "start_perf": [
                0.27019095420837402,
                0.166575,
                0.091314999999999993,
                247216,
                247232,
                1672820774.444912,
                29818403365458
            ],
            "child_modules": {},
            "end_perf": [
                0.27021503448486328,
                0.16658999999999999,
                0.091323000000000001,
                247216,
                247232,
                29818403431078,
                1,
                0
            ],
            "skipped": 1
        },
        "uvm_pkg": {
            "start_perf": [
                0.27014303207397461,
                0.166543,
                0.091298000000000004,
                247216,
                247232,
                1672820774.444864,
                29818403232411
            ],
            "child_modules": {},
            "end_perf": [
                0.27016711235046387,
                0.16655900000000001,
                0.091305999999999998,
                247216,
                247232,
                29818403299269,
                1,
                0
            ],
            "skipped": 1
        },
        "_vcs_unit__3820934895": {
            "start_perf": [
                0.27023792266845703,
                0.166605,
                0.091331999999999997,
                247216,
                247232,
                1672820774.4449589,
                29818403496692
            ],
            "child_modules": {},
            "end_perf": [
                0.27026104927062988,
                0.16661999999999999,
                0.091340000000000005,
                247216,
                247232,
                29818403561422,
                1,
                0
            ],
            "skipped": 1
        },
        "uvm_custom_install_recording": {
            "start_perf": [
                0.27028489112854004,
                0.16663500000000001,
                0.091347999999999999,
                247216,
                247232,
                1672820774.4450059,
                29818403627284
            ],
            "child_modules": {},
            "end_perf": [
                0.27030801773071289,
                0.16664999999999999,
                0.091356000000000007,
                247216,
                247232,
                29818403690880,
                1,
                0
            ],
            "skipped": 1
        },
        "vcs_paramclassrepository_67wvne": {
            "start_perf": [
                0.27087306976318359,
                0.16667999999999999,
                0.091892000000000001,
                247216,
                247232,
                1672820774.4455941,
                29818405268915
            ],
            "child_modules": {},
            "end_perf": [
                0.27089595794677734,
                0.16667999999999999,
                0.091913999999999996,
                247216,
                247232,
                29818405331556,
                1,
                0
            ],
            "skipped": 1
        },
        "uvm_custom_install_verdi_recording": {
            "start_perf": [
                0.27033209800720215,
                0.16666500000000001,
                0.091364000000000001,
                247216,
                247232,
                1672820774.4450531,
                29818403756008
            ],
            "child_modules": {},
            "end_perf": [
                0.27035403251647949,
                0.16667999999999999,
                0.091371999999999995,
                247216,
                247232,
                29818404000971,
                1,
                0
            ],
            "skipped": 1
        },
        "vcs_paramclassrepository": {
            "start_perf": [
                0.27072906494140625,
                0.16667999999999999,
                0.091746999999999995,
                247216,
                247232,
                1672820774.4454501,
                29818404869762
            ],
            "child_modules": {},
            "end_perf": [
                0.27075290679931641,
                0.16667999999999999,
                0.091771000000000005,
                247216,
                247232,
                29818404933555,
                1,
                0
            ],
            "skipped": 1
        },
        "rkv_i2c_pkg": {
            "start_perf": [
                0.27058601379394531,
                0.16667999999999999,
                0.091604000000000005,
                247216,
                247232,
                1672820774.445307,
                29818404466099
            ],
            "child_modules": {},
            "end_perf": [
                0.27060794830322266,
                0.16667999999999999,
                0.091627,
                247216,
                247232,
                29818404529323,
                1,
                0
            ],
            "skipped": 1
        },
        "lvc_apb_pkg": {
            "start_perf": [
                0.27045893669128418,
                0.16667999999999999,
                0.091476000000000002,
                247216,
                247232,
                1672820774.4451799,
                29818404164799
            ],
            "child_modules": {},
            "end_perf": [
                0.27050590515136719,
                0.16667999999999999,
                0.091523999999999994,
                247216,
                247232,
                29818404253476,
                1,
                0
            ],
            "skipped": 1
        },
        "lvc_i2c_pkg": {
            "start_perf": [
                0.27053499221801758,
                0.16667999999999999,
                0.091553999999999996,
                247216,
                247232,
                1672820774.445256,
                29818404327376
            ],
            "child_modules": {},