{
    "Modules": {
        "uvm_custom_install_verdi_recording": {
            "skipped": 1,
            "start_perf": [
                0.26751708984375,
                0.15557699999999999,
                0.14828,
                247128,
                247144,
                1671633192.703871,
                17500049502438
            ],
            "child_modules": {},
            "end_perf": [
                0.26754212379455566,
                0.15560199999999999,
                0.14828,
                247128,
                247144,
                17500049571799,
                1,
                0
            ]
        },
        "...MASTER...": {
            "nMops": 0,
            "start_perf": [
                0.2607581615447998,
                0.155055,
                0.14213400000000001,
                246136,
                246144,
                1671633192.6971121,
                17500030638835
            ],
            "child_modules": {
                "lvc_apb_pkg": 1,
                "rkv_i2c_pkg": 1,
                "rkv_i2c_tb": 1,
                "vcs_paramclassrepository": 1,
                "vcs_paramclassrepository_67wvne": 1,
                "vcs_paramclassrepository_87QqAb": 1,
                "uvm_pkg": 1,
                "uvm_custom_install_verdi_recording": 1,
                "_vcs_unit__3820934895": 1,
                "vcs_paramclassrepository_UF52ed": 1,
                "std": 1,
                "uvm_custom_install_recording": 1,
                "_vcs_msglog": 1,
                "lvc_i2c_pkg": 1,
                "vcs_paramclassrepository_vcsintf": 1
            },
            "end_perf": [
                0.26693105697631836,
                0.155115,
                0.14815500000000001,
                247124,
                247144,
                17500047927697,
                0,
                0
            ],
            "nRouts": 5,
            "nQuads": 0
        },
        "vcs_paramclassrepository_UF52ed": {
            "skipped": 1,
            "start_perf": [
                0.26786303520202637,
                0.15592300000000001,
                0.14828,
                247128,
                247144,
                1671633192.704217,
                17500050464981
            ],
            "child_modules": {},
            "end_perf": [
                0.26788616180419922,
                0.155947,
                0.14828,
                247128,
                247144,
                17500050529678,
                1,
                0
            ]
        },
        "std": {
            "skipped": 1,
            "start_perf": [
                0.26718616485595703,
                0.155246,
                0.14828,
                247128,
                247144,
                1671633192.7035401,
                17500048600157
            ],
            "child_modules": {},
            "end_perf": [
                0.26727914810180664,
                0.155338,
                0.14828,
                247128,
                247144,
                17500048862770,
                1,
                0
            ]
        },
        "uvm_pkg": {
            "skipped": 1,
            "start_perf": [
                0.26731705665588379,
                0.15537799999999999,
                0.14828,
                247128,
                247144,
                1671633192.703671,
                17500048945547
            ],
            "child_modules": {},
            "end_perf": [
                0.26734304428100586,
                0.15540399999999999,
                0.14828,
                247128,
                247144,
                17500049014539,
                1,
                0
            ]
        },
        "_vcs_msglog": {
            "skipped": 1,
            "start_perf": [
                0.26736807823181152,
                0.15542800000000001,
                0.14828,
                247128,
                247144,
                1671633192.703722,
                17500049082859
            ],
            "child_modules": {},
            "end_perf": [
                0.26739501953125,
                0.15545500000000001,
                0.14828,
                247128,
                247144,
                17500049157469,
                1,
                0
            ]
        },
        "_vcs_unit__3820934895": {
            "skipped": 1,
            "start_perf": [
                0.26742005348205566,
                0.15548000000000001,
                0.14828,
                247128,
                247144,
                1671633192.703774,
                17500049228177
            ],
            "child_modules": {},
            "end_perf": [
                0.26744413375854492,
                0.155504,
                0.14828,
                247128,
                247144,
                17500049294224,
                1,
                0
            ]
        },
        "uvm_custom_install_recording": {
            "skipped": 1,
            "start_perf": [
                0.26746797561645508,
                0.155528,
                0.14828,
                247128,
                247144,
                1671633192.7038219,
                17500049361188
            ],
            "child_modules": {},
            "end_perf": [
                0.26749110221862793,
                0.155552,
                0.14828,
                247128,
                247144,
                17500049427483,
                1,
                0
            ]
        },
        "vcs_paramclassrepository": {
            "skipped": 1,
            "start_perf": [
                0.26781296730041504,
                0.15587300000000001,
                0.14828,
                247128,
                247144,
                1671633192.7041669,
                17500050325072
            ],
            "child_modules": {},
            "end_perf": [
                0.2678380012512207,
                0.15589800000000001,
                0.14828,
                247128,
                247144,
                17500050394863,
                1,
                0
            ]
        },
        "rkv_i2c_tb": {
            "skipped": 1,
            "start_perf": [
                0.2677149772644043,
                0.155775,
                0.14828,
                247128,
                247144,
                1671633192.7040689,
                17500050051925
            ],
            "child_modules": {},
            "end_perf": [
                0.26773810386657715,
                0.15579899999999999,
                0.14828,
                247128,
                247144,
                17500050116192,
                1,
                0
            ]
        },
        "rkv_i2c_pkg": {
            "skipped": 1,
            "start_perf": [
                0.26766419410705566,
                0.155724,
                0.14828,
                247128,
                247144,
                1671633192.7040181,
                17500049910073
            ],
            "child_modules": {},
            "end_perf": [
                0.26769018173217773,
                0.155751,
                0.14828,
                247128,
                247144,
                17500049982158,
                1,
                0
            ]
        },
        "lvc_apb_pkg": {
            "skipped": 1,
            "start_perf": [
                0.26756715774536133,
                0.15562699999999999,
                0.14828,
                247128,
                247144,
                1671633192.7039211,
                17500049638769
            ],
            "child_modules": {},
            "end_perf": [
                0.26759099960327148,
                0.15565100000000001,
                0.14828,
                247128,
                247144,
                17500049703660,
                1,
                0
            ]
        },