{
    "CompUnits": {
        "SIM_d": {
            "mod": "...MASTER...",
            "out": "objs/SIM_d.o",
            "checksum": 4294967295,
            "mode": 4,
            "bytes": 12848,
            "text": 430
        }
    },
    "Modules": {
        "vcs_paramclassrepository_67wvne": {
            "start_perf": [
                0.30206108093261719,
                0.17448,
                0.089204000000000006,
                247276,
                247292,
                1672921560.4458511,
                47952597230942
            ],
            "child_modules": {},
            "end_perf": [
                0.3020930290222168,
                0.17448,
                0.089235999999999996,
                247276,
                247292,
                47952597328183,
                1,
                0
            ],
            "skipped": 1
        },
        "...MASTER...": {
            "nQuads": 0,
            "start_perf": [
                0.29442596435546875,
                0.17241400000000001,
                0.083655999999999994,
                246284,
                246300,
                1672921560.438216,
                47952575927127
            ],
            "nMops": 0,
            "child_modules": {
                "uvm_pkg": 1,
                "_vcs_unit__3820934895": 1,
                "_vcs_msglog": 1,
                "rkv_i2c_tb": 1,
                "vcs_paramclassrepository_87QqAb": 1,
                "uvm_custom_install_verdi_recording": 1,
                "uvm_custom_install_recording": 1,
                "vcs_paramclassrepository_67wvne": 1,
                "std": 1,
                "vcs_paramclassrepository": 1,
                "lvc_apb_pkg": 1,
                "rkv_i2c_pkg": 1,
                "lvc_i2c_pkg": 1,
                "vcs_paramclassrepository_vcsintf": 1,
                "vcs_paramclassrepository_UF52ed": 1
            },
            "end_perf": [
                0.30084800720214844,
                0.17397699999999999,
                0.088514999999999996,
                247272,
                247292,
                47952593911669,
                0,
                0
            ],
            "nRouts": 5
        },
        "uvm_custom_install_recording": {
            "start_perf": [
                0.30138111114501953,
                0.17433199999999999,
                0.088694999999999996,
                247276,
                247292,
                1672921560.4451711,
                47952595333216
            ],
            "child_modules": {},
            "end_perf": [
                0.3014070987701416,
                0.174349,
                0.088704000000000005,
                247276,
                247292,
                47952595406064,
                1,
                0
            ],
            "skipped": 1
        },
        "std": {
            "start_perf": [
                0.3011629581451416,
                0.17418600000000001,
                0.088621000000000005,
                247276,
                247292,
                1672921560.444953,
                47952594750141
            ],
            "child_modules": {},
            "end_perf": [
                0.30120110511779785,
                0.17421300000000001,
                0.088634000000000004,
                247276,
                247292,
                47952594835721,
                1,
                0
            ],
            "skipped": 1
        },
        "uvm_pkg": {
            "start_perf": [
                0.30123305320739746,
                0.174233,
                0.088645000000000002,
                247276,
                247292,
                1672921560.4450231,
                47952594919951
            ],
            "child_modules": {},
            "end_perf": [
                0.30125808715820312,
                0.17424999999999999,
                0.088652999999999996,
                247276,
                247292,
                47952594988540,
                1,
                0
            ],
            "skipped": 1
        },
        "_vcs_unit__3820934895": {
            "start_perf": [
                0.30133199691772461,
                0.17429900000000001,
                0.088678000000000007,
                247276,
                247292,
                1672921560.445122,
                47952595194690
            ],
            "child_modules": {},
            "end_perf": [
                0.30135607719421387,
                0.174315,
                0.088686000000000001,
                247276,
                247292,
                47952595262501,
                1,
                0
            ],
            "skipped": 1
        },
        "rkv_i2c_tb": {
            "start_perf": [
                0.30171704292297363,
                0.17448,
                0.088882000000000003,
                247276,
                247292,
                1672921560.445507,
                47952596490787
            ],
            "child_modules": {},
            "end_perf": [
                0.30182409286499023,
                0.17448,
                0.088966000000000003,
                247276,
                247292,
                47952596595371,
                1,
                0
            ],
            "skipped": 1
        },
        "_vcs_msglog": {
            "start_perf": [
                0.3012840747833252,
                0.17426700000000001,
                0.088662000000000005,
                247276,
                247292,
                1672921560.4450741,
                47952595060699
            ],
            "child_modules": {},
            "end_perf": [
                0.30130791664123535,
                0.17428299999999999,
                0.088669999999999999,
                247276,
                247292,
                47952595126694,
                1,
                0
            ],
            "skipped": 1
        },
        "uvm_custom_install_verdi_recording": {
            "start_perf": [
                0.30143189430236816,
                0.17436499999999999,
                0.088711999999999999,
                247276,
                247292,
                1672921560.4452219,
                47952595473809
            ],
            "child_modules": {},
            "end_perf": [
                0.30145597457885742,
                0.17438100000000001,
                0.088719999999999993,
                247276,
                247292,
                47952595539235,
                1,
                0
            ],
            "skipped": 1
        },
        "rkv_i2c_pkg": {
            "start_perf": [
                0.30157804489135742,
                0.17446200000000001,
                0.088761000000000007,
                247276,
                247292,
                1672921560.4453681,
                47952595885881
            ],
            "child_modules": {},
            "end_perf": [
                0.30160403251647949,
                0.17448,
                0.088770000000000002,
                247276,
                247292,
                47952596182382,
                1,
                0
            ],
            "skipped": 1
        },
        "lvc_apb_pkg": {
            "start_perf": [
                0.30147910118103027,
                0.174397,
                0.088728000000000001,
                247276,
                247292,
                1672921560.4452691,
                47952595606450
            ],
            "child_modules": {},
            "end_perf": [
                0.30150294303894043,
                0.17441300000000001,
                0.088735999999999995,
                247276,
                247292,
                47952595672421,
                1,
                0
            ],
            "skipped": 1
        },