{
    "stat": {
        "totalObjSize": 1120274,
        "ru_self_cgstart": {
            "ru_maxrss_kb": 117824,
            "ru_stime_sec": 0.52658899999999997,
            "ru_utime_sec": 2.087078,
            "ru_minflt": 45802,
            "ru_majflt": 53,
            "ru_nvcsw": 98,
            "ru_nivcsw": 124
        },
        "CodeGen(%)": 21.366684315613274,
        "ru_childs_end": {
            "ru_maxrss_kb": 60360,
            "ru_stime_sec": 0.118588,
            "ru_utime_sec": 0.047064000000000002,
            "ru_minflt": 10692,
            "ru_majflt": 19,
            "ru_nvcsw": 50,
            "ru_nivcsw": 8
        },
        "cpu_cycles_total": 10486694208,
        "cpu_cycles_end": 17418174935188,
        "mopSpeed": 33750.588462513428,
        "ru_self_end": {
            "ru_maxrss_kb": 124752,
            "ru_stime_sec": 0.72248800000000002,
            "ru_utime_sec": 2.666979,
            "ru_minflt": 51050,
            "ru_majflt": 62,
            "ru_nvcsw": 106,
            "ru_nivcsw": 163
        },
        "Frontend(%)": 78.63331568438673,
        "nMops": 19572,
        "ru_childs_cgstart": {
            "ru_maxrss_kb": 60360,
            "ru_stime_sec": 0.118588,
            "ru_utime_sec": 0.047064000000000002,
            "ru_minflt": 10692,
            "ru_majflt": 19,
            "ru_nvcsw": 50,
            "ru_nivcsw": 8
        },
        "cpu_cycles_cgstart": 17415854855456,
        "nQuads": 8402,
        "quadSpeed": 14488.67996433874,
        "mop/quad": 2.3294453701499642,
        "outputSizePerQuad": 133.3342061413949,
        "peak_mem_kb": 306188,
        "realTime": 3.9880411624908447
    },
    "cycles_program_begin": 17407688240980,
    "perf": [
        {
            "stat": [
                "main",
                "entry",
                0.23415207862854004,
                0.131742,
                0.12508900000000001,
                259536,
                259536,
                0.0,
                0.0,
                1671633159.641572,
                17407688736365
            ],
            "sub": [
                {
                    "stat": [
                        "doParsingAndDesignResolution",
                        "entry",
                        0.23612213134765625,
                        0.13336200000000001,
                        0.12543899999999999,
                        259536,
                        259540,
                        0.0,
                        0.0,
                        1671633159.6435421,
                        17407694120023
                    ],
                    "sub": []
                },
                {
                    "stat": [
                        "doParsingAndDesignResolution",
                        "exit",
                        1.2360260486602783,
                        0.94638,
                        0.25921499999999997,
                        292168,
                        292168,
                        0.0,
                        0.0,
                        1671633160.643446,
                        17410487445199
                    ],
                    "sub": []
                },
                {
                    "stat": [
                        "doPostDesignResolutionToVir2Vcs",
                        "entry",
                        1.238116979598999,
                        0.94638,
                        0.26130700000000001,
                        292168,
                        292172,
                        0.0,
                        0.0,
                        1671633160.6455369,
                        17410493364756
                    ],
                    "sub": [
                        {
                            "stat": [
                                "doUptoVir2VcsNoSepCleanup",
                                "entry",
                                1.5796070098876953,
                                1.2337469999999999,
                                0.29763499999999998,
                                293568,
                                293572,
                                0.0,
                                0.0,
                                1671633160.9870269,
                                17411447335153
                            ],
                            "sub": []
                        },
                        {
                            "stat": [
                                "doUptoVir2VcsNoSepCleanup",
                                "exit",
                                2.7495741844177246,
                                1.955284,
                                0.49940099999999998,
                                303888,
                                303912,
                                0.010496,
                                0.046600999999999997,
                                1671633162.1569941,
                                17414715703772
                            ],
                            "sub": []
                        },
                        {
                            "stat": [
                                "doRadify_vir2vcsAll",
                                "entry",
                                2.7503170967102051,
                                1.955284,
                                0.50006399999999995,
                                303888,
                                303912,
                                0.010496,
                                0.046600999999999997,
                                1671633162.157737,
                                17414717720423
                            ],
                            "sub": []
                        },
                        {
                            "stat": [
                                "doRadify_vir2vcsAll",
                                "exit",
                                2.9326550960540771,
                                2.0789650000000002,
                                0.51702899999999996,
                                303888,
                                303912,
                                0.010496,
                                0.046600999999999997,
                                1671633162.340075,
                                17415227085064
                            ],
                            "sub": []
                        }
                    ]
                },
                {
                    "stat": [
                        "doPostDesignResolutionToVir2Vcs",
                        "exit",
                        2.9327590465545654,
                        2.0790510000000002,
                        0.51705100000000004,
                        303888,
                        303912,
                        0.010496,
                        0.046600999999999997,
                        1671633162.340179,
                        17415227262923
                    ],
                    "sub": []
                },
                {
                    "stat": [
                        "doGAToPass2",
                        "entry",
                        2.9328131675720215,
                        2.0790950000000001,
                        0.51706200000000002,
                        303888,
                        303912,
                        0.010496,
                        0.046600999999999997,
                        1671633162.3402331,
                        17415227392967
                    ],