{
    "Modules": {
        "...MASTER...": {
            "nRouts": 5,
            "nQuads": 0,
            "start_perf": [
                1.666071891784668,
                1.437889,
                0.17672299999999999,
                303916,
                314908,
                1672494782.164079,
                75615777488932
            ],
            "child_modules": {
                "lvc_i2c_pkg": 1,
                "uvm_pkg": 1,
                "std": 1,
                "vcs_paramclassrepository_vcsintf": 1,
                "pc__SNPS_VCS_intf_repository": 1,
                "lvc_apb_pkg": 1,
                "rkv_i2c_pkg": 1,
                "vcs_paramclassrepository_pc_skel": 1
            },
            "end_perf": [
                1.6668498516082764,
                1.438666,
                0.17672299999999999,
                303916,
                314908,
                75615779671900,
                0,
                0
            ],
            "nMops": 0
        },
        "rkv_i2c_pkg": {
            "start_perf": [
                1.9858050346374512,
                1.740685,
                0.193632,
                306200,
                314908,
                1672494782.4838121,
                75616670587312
            ],
            "child_modules": {},
            "end_perf": [
                1.9858338832855225,
                1.7407110000000001,
                0.193635,
                306200,
                314908,
                75616670661749,
                51539607553,
                0
            ],
            "skipped": 1
        },
        "lvc_apb_pkg": {
            "start_perf": [
                1.9685368537902832,
                1.726348,
                0.19070100000000001,
                306200,
                314908,
                1672494782.4665439,
                75616622376811
            ],
            "child_modules": {},
            "end_perf": [
                1.9685769081115723,
                1.7263839999999999,
                0.19070500000000001,
                306200,
                314908,
                75616622487355,
                34359738369,
                0
            ],
            "skipped": 1
        },
        "lvc_apb_if_1146083354_12": {
            "nRouts": 536,
            "nQuads": 4598,
            "start_perf": [
                1.8480849266052246,
                1.6098669999999999,
                0.18673000000000001,
                306040,
                314908,
                1672494782.346092,
                75616285901604
            ],
            "child_modules": {},
            "end_perf": [
                1.9541828632354736,
                1.7140279999999999,
                0.188663,
                306200,
                314908,
                75616582417845,
                -2869941886796308292,
                0
            ],
            "nMops": 7904,
            "svclass": [
                "lvc_apb_if_1146083354_12_vcs_virt_intf_C",
                0,
                0,
                0,
                0,
                0,
                "cg_lvc_apb_command",
                2690,
                355,
                13,
                6,
                -2869941886796301198,
                "cg_lvc_apb_trans_timing_group",
                3476,
                432,
                18,
                12,
                -2869941886796301218,
                "cg_lvc_apb_write_read_order_group",
                2436,
                303,
                10,
                4,
                -2869941886796301234
            ]
        },
        "vcs_paramclassrepository_vcsintf": {
            "nRouts": 178,
            "nQuads": 3068,
            "start_perf": [
                1.6670198440551758,
                1.4388380000000001,
                0.17672299999999999,
                303924,
                314908,
                1672494782.1650269,
                75615780112635
            ],
            "child_modules": {},
            "end_perf": [
                1.84751296043396,
                1.6092919999999999,
                0.18673000000000001,
                306040,
                314908,
                75616284446815,
                1,
                0
            ],
            "nMops": 9908,