{
    "Modules": {
        "std": {
            "start_perf": [
                2.0831379890441895,
                1.7669999999999999,
                0.27477699999999999,
                306016,
                324476,
                1672756701.0607281,
                85226297805949
            ],
            "skipped": 1,
            "child_modules": {},
            "end_perf": [
                2.0831630229949951,
                1.7670219999999999,
                0.274781,
                306016,
                324476,
                85226297876903,
                60129542145,
                0
            ]
        },
        "lvc_i2c_if_1146083354_12": {
            "start_perf": [
                2.1956169605255127,
                1.8665229999999999,
                0.28769699999999998,
                306176,
                324476,
                1672756701.173207,
                85226612047699
            ],
            "svclass": [
                "lvc_i2c_if_1146083354_12_vcs_virt_intf_C",
                0,
                0,
                0,
                0,
                0
            ],
            "child_modules": {},
            "nQuads": 382,
            "end_perf": [
                2.2109780311584473,
                1.879834,
                0.28974499999999997,
                306176,
                324476,
                85226655075972,
                -7917036585569840515,
                0
            ],
            "nMops": 870,
            "nRouts": 70
        },
        "...MASTER...": {
            "start_perf": [
                1.8766119480133057,
                1.5777749999999999,
                0.25761600000000001,
                303896,
                324476,
                1672756700.854202,
                85225720924314
            ],
            "child_modules": {
                "vcs_paramclassrepository_pc_skel": 1,
                "rkv_i2c_pkg": 1,
                "uvm_pkg": 1,
                "std": 1,
                "vcs_paramclassrepository_vcsintf": 1,
                "pc__SNPS_VCS_intf_repository": 1,
                "lvc_i2c_pkg": 1,
                "lvc_apb_pkg": 1
            },
            "nQuads": 0,
            "end_perf": [
                1.877288818359375,
                1.5784500000000001,
                0.25761600000000001,
                303896,
                324476,
                85225722874613,
                0,
                0
            ],
            "nMops": 0,
            "nRouts": 5
        },
        "lvc_apb_pkg": {
            "start_perf": [
                2.2111790180206299,
                1.88001,
                0.28977199999999997,
                306176,
                324476,
                1672756701.1887691,
                85226655535430
            ],
            "skipped": 1,
            "child_modules": {},
            "end_perf": [
                2.2112209796905518,
                1.880047,
                0.28977700000000001,
                306176,
                324476,
                85226655650242,
                34359738369,
                0
            ]
        },
        "vcs_paramclassrepository_vcsintf": {
            "start_perf": [
                1.8774499893188477,
                1.578613,
                0.25761600000000001,
                303904,
                324476,
                1672756700.8550401,
                85225723235732
            ],
            "svclass": [
                "vcs_type_T_29780162601987252642_63_29057405201454559803_10",
                0,
                0,
                0,
                0,
                0,
                "uvm_pkg_uvm_visitor_18580828213016376278_35",
                3590,
                174,
                7,
                7,
                -6449646537939171136,
                "uvm_pkg_uvm_pool_19409840873840241338_85",
                15968,
                1185,
                20,
                20,
                9206707313424593048,
                "uvm_pkg_uvm_event_17002614941379949671_32",
                16065,
                1579,
                17,
                15,
                8950033938334007463,
                "uvm_pkg_uvm_queue_10131729133184263146_34",
                17581,
                1517,
                19,
                19,
                8971049544030457753,
                "uvm_pkg_uvm_queue_12401831152739582252_34",
                0,
                0,
                0,
                0,
                8971049544030457753,
                "uvm_pkg_uvm_queue_22079939174174364057_39",
                0,
                0,
                0,
                0,
                8971049544030457753,
                "uvm_pkg_uvm_queue_31897947402315526169_41",
                0,
                0,
                0,
                0,
                8971049544030457753,
                "uvm_pkg_uvm_component_registry_5812522081072586346_105",
                13152,
                1022,
                12,
                12,
                4032157183706020740,
                "uvm_pkg_uvm_object_registry_2512958503635835114_81",
                13559,
                1077,
                12,
                12,
                4032157183706020622,
                "uvm_pkg_uvm_object_registry_33331550721853239193_53",
                0,
                0,
                0,
                0,
                4032157183706020622,
                "uvm_pkg_uvm_object_registry_36654213551487052203_87",
                0,
                0,
                0,
                0,
                4032157183706020622,
                "uvm_pkg_uvm_object_registry_21048711651200398669_63",
                0,
                0,
                0,
                0,
                4032157183706020622,
                "uvm_pkg_uvm_object_registry_6469859573939592844_63",
                0,
                0,
                0,
                0,
                4032157183706020622,
                "uvm_pkg_uvm_object_registry_2560846769148885325_99",
                0,
                0,
                0,
                0,
                4032157183706020622,
                "uvm_pkg_uvm_object_registry_1906819324266042653_63",
                0,
                0,
                0,
                0,
                4032157183706020622,
                "uvm_pkg_uvm_object_registry_3002397424346383469_47",
                0,
                0,
                0,
                0,
                4032157183706020622,
                "uvm_pkg_uvm_object_registry_747914060163035432_74",
                0,
                0,
                0,
                0,
                4032157183706020622,
                "uvm_pkg_uvm_object_registry_27138642393390246789_61",
                0,
                0,
                0,
                0,
                4032157183706020622,
                "uvm_pkg_uvm_object_registry_14439487293049952778_53",
                0,
                0,
                0,
                0,
                4032157183706020622,
                "uvm_pkg_uvm_object_registry_13870511283927333234_55",
                0,
                0,
                0,
                0,
                4032157183706020622,
                "uvm_pkg_uvm_object_registry_20195001883255690309_51",
                0,
                0,
                0,
                0,
                4032157183706020622,
                "uvm_pkg_uvm_object_registry_1837333109238589200_49",
                0,
                0,
                0,
                0,
                4032157183706020622,
                "uvm_pkg_uvm_object_registry_4364088662927209418_59",
                0,
                0,
                0,
                0,
                4032157183706020622,
                "uvm_pkg_uvm_set_get_dap_base_42077948452638614245_35",
                4398,
                199,
                8,
