{
    "Modules": {
        "rkv_i2c_if_1146083354_12": {
            "start_perf": [
                3.1264359951019287,
                2.6418189999999999,
                0.42980099999999999,
                306168,
                309648,
                1672489639.0382991,
                61248218988207
            ],
            "child_modules": {},
            "nRouts": 70,
            "end_perf": [
                3.1588377952575684,
                2.6708750000000001,
                0.433145,
                306168,
                309648,
                61248309608292,
                1795991131300588936,
                0
            ],
            "nQuads": 354,
            "svclass": [
                "rkv_i2c_if_1146083354_12_vcs_virt_intf_C",
                0,
                0,
                0,
                0,
                0
            ],
            "nMops": 890
        },
        "...MASTER...": {
            "start_perf": [
                2.318065881729126,
                1.9402189999999999,
                0.34232699999999999,
                303912,
                309648,
                1672489638.229929,
                61245960799050
            ],
            "child_modules": {
                "uvm_pkg": 1,
                "std": 1,
                "rkv_i2c_pkg": 1,
                "lvc_apb_pkg": 1,
                "lvc_i2c_pkg": 1,
                "vcs_paramclassrepository_vcsintf": 1,
                "pc__SNPS_VCS_intf_repository": 1,
                "vcs_paramclassrepository_pc_skel": 1
            },
            "nRouts": 5,
            "end_perf": [
                2.31911301612854,
                1.9412639999999999,
                0.34232699999999999,
                303912,
                309648,
                61245963760327,
                0,
                0
            ],
            "nQuads": 0,
            "nMops": 0
        },
        "vcs_paramclassrepository_vcsintf": {
            "start_perf": [
                2.319350004196167,
                1.941473,
                0.34235500000000002,
                303920,
                309648,
                1672489638.2312131,
                61245964383946
            ],
            "child_modules": {},
            "significant_routs": [
                [
                    31,
                    "Fuvm_pkg_uvm_event_uvm_event_grp_2772331405_trigger",
                    37760057,
                    3160,
                    502
                ],
                [
                    37,
                    "Fuvm_pkg_uvm_event_uvm_event_grp_2772331405_do_copy",
                    33077245,
                    1338,
                    156
                ],
                [
                    62,
                    "Fuvm_pkg_uvm_component_registry_uvm_component_registry_grp_2204971198_create",
                    51255339,
                    3115,
                    260
                ]
            ],
            "nRouts": 178,
            "end_perf": [
                2.7165908813476562,
                2.3007719999999998,
                0.37796800000000003,
                306036,
                309648,
                61247074179596,
                1,
                0
            ],
            "nQuads": 3068,
            "svclass": [
                "vcs_type_T_29780162601987252642_63_29057405201454559803_10",
                0,
                0,
                0,
                0,
                0,
                "uvm_pkg_uvm_visitor_18580828213016376278_35",
                3590,
                174,
                7,
                7,
                -6449646537939171136,
                "uvm_pkg_uvm_pool_19409840873840241338_85",
                15968,
                1185,
                20,
                20,
                9206707313424593048,
                "uvm_pkg_uvm_event_17002614941379949671_32",
                16065,
                1579,
                17,
                15,
                8950033938334007463,
                "uvm_pkg_uvm_queue_10131729133184263146_34",
                17581,
                1517,
                19,
                19,
                8971049544030457753,
                "uvm_pkg_uvm_queue_12401831152739582252_34",
                0,
                0,
                0,
                0,
                8971049544030457753,
                "uvm_pkg_uvm_queue_22079939174174364057_39",
                0,
                0,
                0,
                0,
                8971049544030457753,
                "uvm_pkg_uvm_queue_31897947402315526169_41",
                0,
                0,
                0,
                0,
                8971049544030457753,
                "uvm_pkg_uvm_component_registry_5812522081072586346_105",
                13152,
                1022,
                12,
                12,
                4032157183706020740,
                "uvm_pkg_uvm_object_registry_2512958503635835114_81",
                13559,
                1077,
                12,
                12,
                4032157183706020622,
                "uvm_pkg_uvm_object_registry_33331550721853239193_53",
                0,
                0,
                0,
                0,
                4032157183706020622,
                "uvm_pkg_uvm_object_registry_36654213551487052203_87",
                0,
                0,
                0,
                0,
                4032157183706020622,
                "uvm_pkg_uvm_object_registry_21048711651200398669_63",
                0,
                0,
                0,
                0,
                4032157183706020622,
                "uvm_pkg_uvm_object_registry_6469859573939592844_63",
                0,
                0,
                0,
                0,
                4032157183706020622,
                "uvm_pkg_uvm_object_registry_2560846769148885325_99",
                0,
                0,
                0,
                0,
                4032157183706020622,
                "uvm_pkg_uvm_object_registry_1906819324266042653_63",
                0,
                0,
                0,
                0,
                4032157183706020622,
                "uvm_pkg_uvm_object_registry_3002397424346383469_47",
                0,
                0,
                0,
                0,
                4032157183706020622,
                "uvm_pkg_uvm_object_registry_747914060163035432_74",
                0,
                0,
                0,
                0,
                4032157183706020622,
                "uvm_pkg_uvm_object_registry_27138642393390246789_61",
                0,
                0,
                0,
                0,
                4032157183706020622,
                "uvm_pkg_uvm_object_registry_14439487293049952778_53",
                0,
                0,
                0,
                0,
                4032157183706020622,
                "uvm_pkg_uvm_object_registry_13870511283927333234_55",
                0,
                0,
                0,
                0,
                4032157183706020622,
                "uvm_pkg_uvm_object_registry_20195001883255690309_51",
                0,
                0,
                0,
                0,
                4032157183706020622,
                "uvm_pkg_uvm_object_registry_1837333109238589200_49",
                0,
                0,
                0,
                0,
                4032157183706020622,
                "uvm_pkg_uvm_object_registry_4364088662927209418_59",
                0,
                0,
                0,
                0,
                4032157183706020622,
                "uvm_pkg_uvm_set_get_dap_base_42077948452638614245_35",
                4398,
                199,
                8,
                8,
                -6512956335544990861,
                "uvm_pkg_uvm_set_get_dap_base_25072624061353900623_41",
                0,
