{
    "ObjArchives": [
        {
            "objects": [
                [
                    "vcs_paramclassrepository_vcsintf_d.o",
                    663592
                ],
                [
                    "lvc_apb_if_1146083354_12_d.o",
                    235008
                ],
                [
                    "lvc_i2c_if_1146083354_12_d.o",
                    36780
                ],
                [
                    "rkv_i2c_if_1146083354_12_d.o",
                    48246
                ],
                [
                    "SIMB.o",
                    136672
                ]
            ],
            "archive": "archive.0/__SNPS_VCS_intf_repositor_1_archive_1.a",
            "size": 1120298
        }
    ],
    "Modules": {
        "rkv_i2c_pkg": {
            "start_perf": [
                2.2140440940856934,
                1.728332,
                0.42983300000000002,
                306204,
                335572,
                1672820108.4256971,
                27957846873208
            ],
            "skipped": 1,
            "child_modules": {},
            "end_perf": [
                2.2140970230102539,
                1.728375,
                0.429844,
                306204,
                335572,
                27957847001947,
                51539607553,
                0
            ]
        },
        "...MASTER...": {
            "nMops": 0,
            "start_perf": [
                1.8738601207733154,
                1.417483,
                0.40085300000000001,
                303920,
                335572,
                1672820108.0855131,
                27956896533539
            ],
            "child_modules": {
                "lvc_i2c_pkg": 1,
                "std": 1,
                "uvm_pkg": 1,
                "rkv_i2c_pkg": 1,
                "lvc_apb_pkg": 1,
                "pc__SNPS_VCS_intf_repository": 1,
                "vcs_paramclassrepository_pc_skel": 1,
                "vcs_paramclassrepository_vcsintf": 1
            },
            "nQuads": 0,
            "end_perf": [
                1.8749821186065674,
                1.418577,
                0.40088000000000001,
                303920,
                335572,
                27956899692378,
                0,
                0
            ],
            "nRouts": 5
        },
        "vcs_paramclassrepository_vcsintf": {
            "nMops": 9908,
            "start_perf": [
                1.8751480579376221,
                1.4187080000000001,
                0.40091700000000002,
                303928,
                335572,
                1672820108.0868011,
                27956900128872
            ],
            "child_modules": {},
            "nQuads": 3068,
            "svclass": [
                "vcs_type_T_29780162601987252642_63_29057405201454559803_10",
                0,
                0,
                0,
                0,
                0,
                "uvm_pkg_uvm_visitor_18580828213016376278_35",
                3590,
                174,
                7,
                7,
                -6449646537939171136,
                "uvm_pkg_uvm_pool_19409840873840241338_85",
                15968,
                1185,
                20,
                20,
                9206707313424593048,
                "uvm_pkg_uvm_event_17002614941379949671_32",
                16065,
                1579,
                17,
                15,
                8950033938334007463,
                "uvm_pkg_uvm_queue_10131729133184263146_34",
                17581,
                1517,
                19,
                19,
                8971049544030457753,
                "uvm_pkg_uvm_queue_12401831152739582252_34",
                0,
                0,
                0,
                0,
                8971049544030457753,
                "uvm_pkg_uvm_queue_22079939174174364057_39",
                0,
                0,
                0,
                0,
                8971049544030457753,
                "uvm_pkg_uvm_queue_31897947402315526169_41",
                0,
                0,
                0,
                0,
                8971049544030457753,
                "uvm_pkg_uvm_component_registry_5812522081072586346_105",
                13152,
                1022,
                12,
                12,
                4032157183706020740,
                "uvm_pkg_uvm_object_registry_2512958503635835114_81",
                13559,
                1077,
                12,
                12,
                4032157183706020622,
                "uvm_pkg_uvm_object_registry_33331550721853239193_53",
                0,
                0,
                0,
                0,
                4032157183706020622,
                "uvm_pkg_uvm_object_registry_36654213551487052203_87",
                0,
                0,
                0,
                0,
                4032157183706020622,
                "uvm_pkg_uvm_object_registry_21048711651200398669_63",
                0,
                0,
                0,
                0,
                4032157183706020622,
                "uvm_pkg_uvm_object_registry_6469859573939592844_63",
                0,
                0,
                0,
                0,
                4032157183706020622,
                "uvm_pkg_uvm_object_registry_2560846769148885325_99",
                0,
                0,
                0,
                0,
                4032157183706020622,
                "uvm_pkg_uvm_object_registry_1906819324266042653_63",
                0,
                0,
                0,
                0,
                4032157183706020622,
                "uvm_pkg_uvm_object_registry_3002397424346383469_47",
                0,
                0,
                0,
                0,
                4032157183706020622,
                "uvm_pkg_uvm_object_registry_747914060163035432_74",
                0,
                0,
                0,
                0,
                4032157183706020622,
                "uvm_pkg_uvm_object_registry_27138642393390246789_61",
                0,
                0,
                0,
                0,
                4032157183706020622,
                "uvm_pkg_uvm_object_registry_14439487293049952778_53",
                0,
                0,
                0,
                0,
                4032157183706020622,
                "uvm_pkg_uvm_object_registry_13870511283927333234_55",
                0,
                0,
                0,
                0,
                4032157183706020622,
                "uvm_pkg_uvm_object_registry_20195001883255690309_51",
                0,
                0,
                0,
                0,
                4032157183706020622,
                "uvm_pkg_uvm_object_registry_1837333109238589200_49",
                0,
                0,
                0,
                0,
                4032157183706020622,
                "uvm_pkg_uvm_object_registry_4364088662927209418_59",
                0,
                0,
                0,
                0,
                4032157183706020622,
                "uvm_pkg_uvm_set_get_dap_base_42077948452638614245_35",
                4398,
                199,
                8,
                8,
                -6512956335544990861,
                "uvm_pkg_uvm_set_get_dap_base_25072624061353900623_41",
                0,
                0,
                0,
                0,
                -6512956335544990861,
                "uvm_pkg_uvm_set_get_dap_base_2190068584822684823_31",
                0,
                0,
                0,
                0,
                -6512956335544990861,
                "uvm_pkg_uvm_set_before_get_dap_42077948452638614245_35",
                16125,
                1083,
                17,
                17,
                2247440847313661530,
