{
    "Modules": {
        "...MASTER...": {
            "end_perf": [
                2.0214259624481201,
                1.436509,
                0.50464699999999996,
                303928,
                335500,
                19482794544115,
                0,
                0
            ],
            "start_perf": [
                2.0206010341644287,
                1.435686,
                0.50464699999999996,
                303928,
                335500,
                1672817074.6295581,
                19482792120880
            ],
            "child_modules": {
                "pc__SNPS_VCS_intf_repository": 1,
                "uvm_pkg": 1,
                "std": 1,
                "lvc_apb_pkg": 1,
                "rkv_i2c_pkg": 1,
                "vcs_paramclassrepository_vcsintf": 1,
                "lvc_i2c_pkg": 1,
                "vcs_paramclassrepository_pc_skel": 1
            },
            "nQuads": 0,
            "nMops": 0,
            "nRouts": 5
        },
        "lvc_i2c_pkg": {
            "end_perf": [
                2.3498489856719971,
                1.74333,
                0.52541599999999999,
                306212,
                335500,
                19483711911130,
                34359738369,
                0
            ],
            "start_perf": [
                2.3498039245605469,
                1.74333,
                0.52537100000000003,
                306212,
                335500,
                1672817074.958761,
                19483711776261
            ],
            "child_modules": {},
            "skipped": 1
        },
        "vcs_paramclassrepository_vcsintf": {
            "end_perf": [
                2.2333250045776367,
                1.6334040000000001,
                0.519034,
                306052,
                335500,
                19483386645328,
                1,
                0
            ],
            "start_perf": [
                2.0216438770294189,
                1.4367179999999999,
                0.50465700000000002,
                303936,
                335500,
                1672817074.6306009,
                19482795039512
            ],
            "child_modules": {},
            "nMops": 9908,
            "svclass": [
                "vcs_type_T_29780162601987252642_63_29057405201454559803_10",
                0,
                0,
                0,
                0,
                0,
                "uvm_pkg_uvm_visitor_18580828213016376278_35",
                3590,
                174,
                7,
                7,
                -6449646537939171136,
                "uvm_pkg_uvm_pool_19409840873840241338_85",
                15968,
                1185,
                20,
                20,
                9206707313424593048,
                "uvm_pkg_uvm_event_17002614941379949671_32",
                16065,
                1579,
                17,
                15,
                8950033938334007463,
                "uvm_pkg_uvm_queue_10131729133184263146_34",
                17581,
                1517,
                19,
                19,
                8971049544030457753,
                "uvm_pkg_uvm_queue_12401831152739582252_34",
                0,
                0,
                0,
                0,
                8971049544030457753,
                "uvm_pkg_uvm_queue_22079939174174364057_39",
                0,
                0,
                0,
                0,
                8971049544030457753,
                "uvm_pkg_uvm_queue_31897947402315526169_41",
                0,
                0,
                0,
                0,
                8971049544030457753,
                "uvm_pkg_uvm_component_registry_5812522081072586346_105",
                13152,
                1022,
                12,
                12,
                4032157183706020740,
                "uvm_pkg_uvm_object_registry_2512958503635835114_81",
                13559,
                1077,
                12,
                12,
                4032157183706020622,
                "uvm_pkg_uvm_object_registry_33331550721853239193_53",
                0,
                0,
                0,
                0,
                4032157183706020622,
                "uvm_pkg_uvm_object_registry_36654213551487052203_87",
                0,
                0,
                0,
                0,
                4032157183706020622,
                "uvm_pkg_uvm_object_registry_21048711651200398669_63",
                0,
                0,
                0,
                0,
                4032157183706020622,
                "uvm_pkg_uvm_object_registry_6469859573939592844_63",
                0,
                0,
                0,
                0,
                4032157183706020622,
                "uvm_pkg_uvm_object_registry_2560846769148885325_99",
                0,
                0,
                0,
                0,
                4032157183706020622,
                "uvm_pkg_uvm_object_registry_1906819324266042653_63",
                0,
                0,
                0,
                0,
                4032157183706020622,
                "uvm_pkg_uvm_object_registry_3002397424346383469_47",
                0,
                0,
                0,
                0,
                4032157183706020622,
                "uvm_pkg_uvm_object_registry_747914060163035432_74",
                0,
                0,
                0,
                0,
                4032157183706020622,
                "uvm_pkg_uvm_object_registry_27138642393390246789_61",
                0,
                0,
                0,
                0,
                4032157183706020622,
                "uvm_pkg_uvm_object_registry_14439487293049952778_53",
                0,
                0,
                0,
                0,
                4032157183706020622,
                "uvm_pkg_uvm_object_registry_13870511283927333234_55",
                0,
                0,
                0,
                0,
                4032157183706020622,
                "uvm_pkg_uvm_object_registry_20195001883255690309_51",
                0,
                0,
                0,
                0,
                4032157183706020622,
                "uvm_pkg_uvm_object_registry_1837333109238589200_49",
                0,
                0,
                0,
                0,
                4032157183706020622,
                "uvm_pkg_uvm_object_registry_4364088662927209418_59",
                0,
                0,
                0,
                0,
                4032157183706020622,
                "uvm_pkg_uvm_set_get_dap_base_42077948452638614245_35",
                4398,
                199,
                8,
                8,
                -6512956335544990861,
                "uvm_pkg_uvm_set_get_dap_base_25072624061353900623_41",
                0,
                0,
                0,
                0,
                -6512956335544990861,
                "uvm_pkg_uvm_set_get_dap_base_2190068584822684823_31",
                0,
                0,
                0,
                0,
                -6512956335544990861,
                "uvm_pkg_uvm_set_before_get_dap_42077948452638614245_35",
                16125,
                1083,
                17,
                17,
                2247440847313661530,
                "uvm_pkg_uvm_set_before_get_dap_25072624061353900623_41",
                0,
                0,
                0,
                0,
                2247440847313661530,
                "uvm_pkg_uvm_event_callback_17002614941379949671_32",
                4123,
                197,
                7,
                7,
                6905783333964035553,
                "uvm_pkg_uvm_get_to_lock_dap_2190068584822684823_31",
                16454,
                1133,
                17,
                17,
                5863447363740502697
            ],