{
    "stat": {
        "ru_self_end": {
            "ru_utime_sec": 2.484629,
            "ru_stime_sec": 0.414464,
            "ru_nvcsw": 52,
            "ru_maxrss_kb": 126024,
            "ru_minflt": 56018,
            "ru_majflt": 13,
            "ru_nivcsw": 69
        },
        "ru_childs_end": {
            "ru_utime_sec": 0.035895000000000003,
            "ru_stime_sec": 0.123303,
            "ru_nvcsw": 40,
            "ru_maxrss_kb": 60764,
            "ru_minflt": 10607,
            "ru_majflt": 17,
            "ru_nivcsw": 21
        },
        "cpu_cycles_end": 67303646692118,
        "peak_mem_kb": 309872
    },
    "Modules": {
        "...MASTER...": {
            "start_perf": [
                2.4885220527648926,
                2.0159150000000001,
                0.33128999999999997,
                303924,
                309872,
                1672491806.1348381,
                67302102969550
            ],
            "child_modules": {
                "uvm_pkg": 1,
                "std": 1,
                "rkv_i2c_pkg": 1,
                "lvc_i2c_pkg": 1,
                "lvc_apb_pkg": 1,
                "vcs_paramclassrepository_vcsintf": 1,
                "pc__SNPS_VCS_intf_repository": 1,
                "vcs_paramclassrepository_pc_skel": 1
            },
            "nRouts": 5,
            "end_perf": [
                2.4899489879608154,
                2.0159150000000001,
                0.33271800000000001,
                303924,
                309872,
                67302106966322,
                0,
                0
            ],
            "nQuads": 0,
            "nMops": 0
        },
        "pc__SNPS_VCS_intf_repository": {
            "start_perf": [
                2.7757189273834229,
                2.2820390000000002,
                0.35211100000000001,
                306048,
                309872,
                1672491806.422035,
                67302905132597
            ],
            "child_modules": {
                "lvc_apb_if_1146083354_12": 1,
                "rkv_i2c_if_1146083354_12": 1,
                "lvc_i2c_if_1146083354_12": 1
            },
            "end_perf": [
                2.7757668495178223,
                2.2820869999999998,
                0.35211100000000001,
                306048,
                309872,
                67302905266700,
                60129542145,
                0
            ],
            "skipped": 1
        },
        "vcs_paramclassrepository_vcsintf": {
            "start_perf": [
                2.4901778697967529,
                2.0159150000000001,
                0.33294800000000002,
                303932,
                309872,
                1672491806.1364939,
                67302107522795
            ],
            "child_modules": {},
            "nRouts": 178,
            "end_perf": [
                2.7753658294677734,
                2.2816830000000001,
                0.35211100000000001,
                306048,
                309872,
                67302904278727,
                1,
                0
            ],
            "svclass": [
                "vcs_type_T_29780162601987252642_63_29057405201454559803_10",
                0,
                0,
                0,
                0,
                0,
                "uvm_pkg_uvm_visitor_18580828213016376278_35",
                3590,
                174,
                7,
                7,
                -6449646537939171136,
                "uvm_pkg_uvm_pool_19409840873840241338_85",
                15968,
                1185,
                20,
                20,
                9206707313424593048,
                "uvm_pkg_uvm_event_17002614941379949671_32",
                16065,
                1579,
                17,
                15,
                8950033938334007463,
                "uvm_pkg_uvm_queue_10131729133184263146_34",
                17581,
                1517,
                19,
                19,
                8971049544030457753,
                "uvm_pkg_uvm_queue_12401831152739582252_34",
                0,
                0,
                0,
                0,
                8971049544030457753,
                "uvm_pkg_uvm_queue_22079939174174364057_39",
                0,
                0,
                0,
                0,
                8971049544030457753,
                "uvm_pkg_uvm_queue_31897947402315526169_41",
                0,
                0,
                0,
                0,
                8971049544030457753,
                "uvm_pkg_uvm_component_registry_5812522081072586346_105",
                13152,
                1022,
                12,
                12,
                4032157183706020740,
                "uvm_pkg_uvm_object_registry_2512958503635835114_81",
                13559,
                1077,
                12,
                12,
                4032157183706020622,
                "uvm_pkg_uvm_object_registry_33331550721853239193_53",
                0,
                0,
                0,
                0,
                4032157183706020622,
                "uvm_pkg_uvm_object_registry_36654213551487052203_87",
                0,
                0,
                0,
                0,
                4032157183706020622,
                "uvm_pkg_uvm_object_registry_21048711651200398669_63",
                0,
                0,
                0,
                0,
                4032157183706020622,
                "uvm_pkg_uvm_object_registry_6469859573939592844_63",
                0,
                0,
                0,
                0,
                4032157183706020622,
                "uvm_pkg_uvm_object_registry_2560846769148885325_99",
                0,
                0,
                0,
                0,
                4032157183706020622,
                "uvm_pkg_uvm_object_registry_1906819324266042653_63",
                0,
                0,
                0,
                0,
                4032157183706020622,
                "uvm_pkg_uvm_object_registry_3002397424346383469_47",
                0,
                0,
                0,
                0,
                4032157183706020622,
                "uvm_pkg_uvm_object_registry_747914060163035432_74",
                0,
                0,
                0,
                0,
                4032157183706020622,
                "uvm_pkg_uvm_object_registry_27138642393390246789_61",
                0,
                0,
                0,
                0,
                4032157183706020622,
                "uvm_pkg_uvm_object_registry_14439487293049952778_53",
                0,
                0,
                0,
                0,
                4032157183706020622,
                "uvm_pkg_uvm_object_registry_13870511283927333234_55",
                0,
                0,
                0,
                0,
                4032157183706020622,
                "uvm_pkg_uvm_object_registry_20195001883255690309_51",
                0,
                0,
                0,
                0,
                4032157183706020622,
                "uvm_pkg_uvm_object_registry_1837333109238589200_49",
                0,
                0,
                0,
                0,
                4032157183706020622,
                "uvm_pkg_uvm_object_registry_4364088662927209418_59",
                0,
                0,
                0,
                0,
                4032157183706020622,
                "uvm_pkg_uvm_set_get_dap_base_42077948452638614245_35",
                4398,
                199,
                8,
                8,
                -6512956335544990861,
                "uvm_pkg_uvm_set_get_dap_base_25072624061353900623_41",
                0,
                0,
                0,
                0,
                -6512956335544990861,
                "uvm_pkg_uvm_set_get_dap_base_2190068584822684823_31",
                0,
