{
    "Modules": {
        "...MASTER...": {
            "nMops": 0,
            "start_perf": [
                2.5375471115112305,
                2.1667149999999999,
                0.29053400000000001,
                303920,
                312344,
                1672492677.204859,
                69735477057449
            ],
            "child_modules": {
                "uvm_pkg": 1,
                "vcs_paramclassrepository_pc_skel": 1,
                "std": 1,
                "rkv_i2c_pkg": 1,
                "lvc_apb_pkg": 1,
                "lvc_i2c_pkg": 1,
                "vcs_paramclassrepository_vcsintf": 1,
                "pc__SNPS_VCS_intf_repository": 1
            },
            "end_perf": [
                2.5383460521697998,
                2.1667149999999999,
                0.29133199999999998,
                303920,
                312344,
                69735479317833,
                0,
                0
            ],
            "nQuads": 0,
            "nRouts": 5
        },
        "pc__SNPS_VCS_intf_repository": {
            "start_perf": [
                2.8377480506896973,
                2.4334120000000001,
                0.316722,
                306048,
                312344,
                1672492677.50506,
                69736315641890
            ],
            "child_modules": {
                "rkv_i2c_if_1146083354_12": 1,
                "lvc_i2c_if_1146083354_12": 1,
                "lvc_apb_if_1146083354_12": 1
            },
            "end_perf": [
                2.837799072265625,
                2.4334579999999999,
                0.31672800000000001,
                306048,
                312344,
                69736315784206,
                60129542145,
                0
            ],
            "skipped": 1
        },
        "lvc_i2c_if_1146083354_12": {
            "nMops": 870,
            "start_perf": [
                3.0030779838562012,
                2.5716429999999999,
                0.34229300000000001,
                306208,
                312344,
                1672492677.6703899,
                69736777526135
            ],
            "child_modules": {},
            "end_perf": [
                3.0201079845428467,
                2.586668,
                0.34429599999999999,
                306208,
                312344,
                69736825184374,
                -7917036585569840515,
                0
            ],
            "svclass": [
                "lvc_i2c_if_1146083354_12_vcs_virt_intf_C",
                0,
                0,
                0,
                0,
                0
            ],
            "nQuads": 382,
            "nRouts": 70
        },
        "vcs_paramclassrepository_vcsintf": {
            "nMops": 9908,
            "start_perf": [
                2.5386090278625488,
                2.1667999999999998,
                0.29151199999999999,
                303928,
                312344,
                1672492677.2059209,
                69735480028416
            ],
            "significant_routs": [
                [
                    31,
                    "Fuvm_pkg_uvm_event_uvm_event_grp_2772331405_trigger",
                    41155741,
                    3160,
                    502
                ],
                [
                    44,
                    "Fuvm_pkg_uvm_queue_uvm_queue_grp_1332051627_get",
                    34617611,
                    1689,
                    166
                ]
            ],
            "child_modules": {},
            "end_perf": [
                2.8374559879302979,
                2.4331529999999999,
                0.316689,
                306048,
                312344,
                69736314925971,
                1,
                0
            ],
            "svclass": [
                "vcs_type_T_29780162601987252642_63_29057405201454559803_10",
                0,
                0,
                0,
                0,
                0,
                "uvm_pkg_uvm_visitor_18580828213016376278_35",
                3590,
                174,
                7,
                7,
                -6449646537939171136,
                "uvm_pkg_uvm_pool_19409840873840241338_85",
                15968,
                1185,
                20,
                20,
                9206707313424593048,
                "uvm_pkg_uvm_event_17002614941379949671_32",
                16065,
                1579,
                17,
                15,
                8950033938334007463,
                "uvm_pkg_uvm_queue_10131729133184263146_34",
                17581,
                1517,
                19,
                19,
                8971049544030457753,
                "uvm_pkg_uvm_queue_12401831152739582252_34",
                0,
                0,
                0,
                0,
                8971049544030457753,
                "uvm_pkg_uvm_queue_22079939174174364057_39",
                0,
                0,
                0,
                0,
                8971049544030457753,
                "uvm_pkg_uvm_queue_31897947402315526169_41",
                0,
                0,
                0,
                0,
                8971049544030457753,
                "uvm_pkg_uvm_component_registry_5812522081072586346_105",
                13152,
                1022,
                12,
                12,
                4032157183706020740,
                "uvm_pkg_uvm_object_registry_2512958503635835114_81",
                13559,
                1077,
                12,
                12,
                4032157183706020622,
                "uvm_pkg_uvm_object_registry_33331550721853239193_53",
                0,
                0,
                0,
                0,
                4032157183706020622,
                "uvm_pkg_uvm_object_registry_36654213551487052203_87",
                0,
                0,
                0,
                0,
                4032157183706020622,
                "uvm_pkg_uvm_object_registry_21048711651200398669_63",
                0,
                0,
                0,
                0,
                4032157183706020622,
                "uvm_pkg_uvm_object_registry_6469859573939592844_63",
                0,
                0,
                0,
                0,
                4032157183706020622,
                "uvm_pkg_uvm_object_registry_2560846769148885325_99",
                0,
                0,
                0,
                0,
                4032157183706020622,
                "uvm_pkg_uvm_object_registry_1906819324266042653_63",
                0,
                0,
                0,
                0,
                4032157183706020622,
                "uvm_pkg_uvm_object_registry_3002397424346383469_47",
                0,
                0,
                0,
                0,
                4032157183706020622,
                "uvm_pkg_uvm_object_registry_747914060163035432_74",
                0,
                0,
                0,
                0,
                4032157183706020622,
                "uvm_pkg_uvm_object_registry_27138642393390246789_61",
                0,
                0,
                0,
                0,
                4032157183706020622,
                "uvm_pkg_uvm_object_registry_14439487293049952778_53",
                0,
                0,
                0,
                0,
                4032157183706020622,
                "uvm_pkg_uvm_object_registry_13870511283927333234_55",
                0,
                0,
                0,
                0,
                4032157183706020622,
                "uvm_pkg_uvm_object_registry_20195001883255690309_51",
                0,
                0,
                0,
                0,
                4032157183706020622,
                "uvm_pkg_uvm_object_registry_1837333109238589200_49",
                0,
                0,
                0,
