{
    "reusePaths": {},
    "Modules": {
        "...MASTER...": {
            "nMops": 0,
            "end_perf": [
                2.6719629764556885,
                1.8421810000000001,
                0.74664900000000001,
                303924,
                347036,
                61912336079754,
                0,
                0
            ],
            "start_perf": [
                2.6697380542755127,
                1.8399570000000001,
                0.74664900000000001,
                303924,
                347036,
                1672832263.0350311,
                61912329825441
            ],
            "child_modules": {
                "uvm_pkg": 1,
                "vcs_paramclassrepository_pc_skel": 1,
                "std": 1,
                "rkv_i2c_pkg": 1,
                "pc__SNPS_VCS_intf_repository": 1,
                "lvc_apb_pkg": 1,
                "lvc_i2c_pkg": 1,
                "vcs_paramclassrepository_vcsintf": 1
            },
            "nQuads": 0,
            "nRouts": 5
        },
        "lvc_apb_if_1146083354_12": {
            "nMops": 7904,
            "end_perf": [
                3.0274040699005127,
                2.1788720000000001,
                0.76516200000000001,
                306212,
                347036,
                61913329114295,
                -2869941886796308292,
                0
            ],
            "start_perf": [
                2.9136240482330322,
                2.069448,
                0.76081100000000002,
                306052,
                347036,
                1672832263.2789171,
                61913011075979
            ],
            "child_modules": {},
            "svclass": [
                "lvc_apb_if_1146083354_12_vcs_virt_intf_C",
                0,
                0,
                0,
                0,
                0,
                "cg_lvc_apb_command",
                2690,
                355,
                13,
                6,
                -2869941886796301198,
                "cg_lvc_apb_trans_timing_group",
                3476,
                432,
                18,
                12,
                -2869941886796301218,
                "cg_lvc_apb_write_read_order_group",
                2436,
                303,
                10,
                4,
                -2869941886796301234
            ],
            "nQuads": 4598,
            "nRouts": 536
        },
        "lvc_apb_pkg": {
            "end_perf": [
                3.0422849655151367,
                2.191433,
                0.76748499999999997,
                306212,
                347036,
                61913370730792,
                34359738369,
                0
            ],
            "start_perf": [
                3.0421068668365479,
                2.191433,
                0.76730799999999999,
                306212,
                347036,
                1672832263.4073999,
                61913370396436
            ],
            "child_modules": {},
            "skipped": 1
        },
        "pc__SNPS_VCS_intf_repository": {
            "end_perf": [
                2.9135479927062988,
                2.0693920000000001,
                0.760791,
                306052,
                347036,
                61913010863588,
                60129542145,
                0
            ],
            "start_perf": [
                2.913517951965332,
                2.0693700000000002,
                0.76078199999999996,
                306052,
                347036,
                1672832263.278811,
                61913010780602
            ],
            "child_modules": {
                "rkv_i2c_if_1146083354_12": 1,
                "lvc_i2c_if_1146083354_12": 1,
                "lvc_apb_if_1146083354_12": 1
            },
            "skipped": 1
        },
        "vcs_paramclassrepository_vcsintf": {
            "nMops": 9908,
            "end_perf": [
                2.9133269786834717,
                2.069229,
                0.76073100000000005,
                306052,
                347036,
                61913010350749,
                1,
                0
            ],
            "start_perf": [
                2.6721830368041992,
                1.842403,
                0.74664900000000001,
                303932,
                347036,
                1672832263.0374761,
                61912336624358
            ],
            "child_modules": {},