{
    "stat": {
        "ru_self_end": {
            "ru_nivcsw": 42,
            "ru_utime_sec": 1.726853,
            "ru_stime_sec": 0.36960999999999999,
            "ru_maxrss_kb": 133132,
            "ru_minflt": 60960,
            "ru_majflt": 18,
            "ru_nvcsw": 45
        },
        "ru_childs_end": {
            "ru_nivcsw": 21,
            "ru_utime_sec": 0.035099999999999999,
            "ru_stime_sec": 0.094391000000000003,
            "ru_maxrss_kb": 60756,
            "ru_minflt": 10601,
            "ru_majflt": 23,
            "ru_nvcsw": 62
        },
        "peak_mem_kb": 326868,
        "cpu_cycles_end": 86172717234353
    },
    "reusePaths": {},
    "Modules": {
        "...MASTER...": {
            "nRouts": 5,
            "start_perf": [
                1.7696428298950195,
                1.4104049999999999,
                0.27546900000000002,
                303924,
                326868,
                1672757039.4364719,
                86171566077220
            ],
            "child_modules": {
                "uvm_pkg": 1,
                "rkv_i2c_pkg": 1,
                "std": 1,
                "vcs_paramclassrepository_vcsintf": 1,
                "lvc_apb_pkg": 1,
                "lvc_i2c_pkg": 1,
                "pc__SNPS_VCS_intf_repository": 1,
                "vcs_paramclassrepository_pc_skel": 1
            },
            "end_perf": [
                1.7702939510345459,
                1.4104049999999999,
                0.27611799999999997,
                303924,
                326868,
                86171567890206,
                0,
                0
            ],
            "nQuads": 0,
            "nMops": 0
        },
        "lvc_apb_pkg": {
            "start_perf": [
                2.1387379169464111,
                1.705935,
                0.34759800000000002,
                306208,
                326868,
                1672757039.805567,
                86172597137129
            ],
            "child_modules": {},
            "end_perf": [
                2.1387808322906494,
                1.7059709999999999,
                0.347605,
                306208,
                326868,
                86172597249522,
                34359738369,
                0
            ],
            "skipped": 1
        },
        "vcs_paramclassrepository_vcsintf": {
            "nRouts": 178,
            "start_perf": [
                1.7704288959503174,
                1.4104049999999999,
                0.276256,
                303932,
                326868,
                1672757039.437258,
                86171568231667
            ],
            "svclass": [
                "vcs_type_T_29780162601987252642_63_29057405201454559803_10",
                0,
                0,
                0,
                0,
                0,
                "uvm_pkg_uvm_visitor_18580828213016376278_35",
                3590,
                174,
                7,
                7,
                -6449646537939171136,
                "uvm_pkg_uvm_pool_19409840873840241338_85",
                15968,
                1185,
                20,
                20,
                9206707313424593048,
                "uvm_pkg_uvm_event_17002614941379949671_32",
                16065,
                1579,
                17,
                15,
                8950033938334007463,
                "uvm_pkg_uvm_queue_10131729133184263146_34",
                17581,
                1517,
                19,
                19,
                8971049544030457753,
                "uvm_pkg_uvm_queue_12401831152739582252_34",
                0,
                0,
                0,
                0,
                8971049544030457753,
                "uvm_pkg_uvm_queue_22079939174174364057_39",
                0,
                0,
                0,
                0,
                8971049544030457753,
                "uvm_pkg_uvm_queue_31897947402315526169_41",
                0,
                0,
                0,
                0,
                8971049544030457753,
                "uvm_pkg_uvm_component_registry_5812522081072586346_105",
                13152,
                1022,
                12,
                12,
                4032157183706020740,
                "uvm_pkg_uvm_object_registry_2512958503635835114_81",
                13559,
                1077,
                12,
                12,
                4032157183706020622,
                "uvm_pkg_uvm_object_registry_33331550721853239193_53",
                0,
                0,
                0,
                0,
                4032157183706020622,
                "uvm_pkg_uvm_object_registry_36654213551487052203_87",
                0,
                0,
                0,
                0,
                4032157183706020622,
                "uvm_pkg_uvm_object_registry_21048711651200398669_63",
                0,
                0,
                0,
                0,
                4032157183706020622,
                "uvm_pkg_uvm_object_registry_6469859573939592844_63",
                0,
                0,
                0,
                0,
                4032157183706020622,
                "uvm_pkg_uvm_object_registry_2560846769148885325_99",
                0,
                0,
                0,
                0,
                4032157183706020622,
                "uvm_pkg_uvm_object_registry_1906819324266042653_63",
                0,
                0,
                0,
                0,
                4032157183706020622,
                "uvm_pkg_uvm_object_registry_3002397424346383469_47",
                0,
                0,
                0,
                0,
                4032157183706020622,
                "uvm_pkg_uvm_object_registry_747914060163035432_74",
                0,
                0,
                0,
                0,
                4032157183706020622,
                "uvm_pkg_uvm_object_registry_27138642393390246789_61",
                0,
                0,
                0,
                0,
                4032157183706020622,
                "uvm_pkg_uvm_object_registry_14439487293049952778_53",
                0,
                0,
                0,
                0,
                4032157183706020622,
                "uvm_pkg_uvm_object_registry_13870511283927333234_55",
                0,
                0,
                0,
                0,
                4032157183706020622,
                "uvm_pkg_uvm_object_registry_20195001883255690309_51",
                0,
                0,
                0,
                0,
                4032157183706020622,
                "uvm_pkg_uvm_object_registry_1837333109238589200_49",
                0,
                0,
                0,
                0,
                4032157183706020622,
                "uvm_pkg_uvm_object_registry_4364088662927209418_59",
                0,
                0,
                0,
                0,
                4032157183706020622,
                "uvm_pkg_uvm_set_get_dap_base_42077948452638614245_35",
                4398,
                199,
                8,
                8,
                -6512956335544990861,
                "uvm_pkg_uvm_set_get_dap_base_25072624061353900623_41",
                0,
                0,
                0,
                0,
                -6512956335544990861,
                "uvm_pkg_uvm_set_get_dap_base_2190068584822684823_31",
                0,
                0,
                0,
                0,
                -6512956335544990861,
                "uvm_pkg_uvm_set_before_get_dap_42077948452638614245_35",
                16125,
                1083,
                17,
                17,
                2247440847313661530,
                "uvm_pkg_uvm_set_before_get_dap_25072624061353900623_41",
                0,
                0,
                0,
                0,
