{
    "ObjArchives": [
        {
            "archive": "archive.0/__SNPS_VCS_intf_repositor_1_archive_1.a",
            "objects": [
                [
                    "vcs_paramclassrepository_vcsintf_d.o",
                    663592
                ],
                [
                    "lvc_apb_if_1146083354_12_d.o",
                    235008
                ],
                [
                    "lvc_i2c_if_1146083354_12_d.o",
                    36780
                ],
                [
                    "rkv_i2c_if_1146083354_12_d.o",
                    48246
                ],
                [
                    "SIMB.o",
                    136648
                ]
            ],
            "size": 1120274
        }
    ],
    "Modules": {
        "lvc_i2c_pkg": {
            "skipped": 1,
            "start_perf": [
                3.8641061782836914,
                2.6161690000000002,
                0.65600499999999995,
                306164,
                306188,
                1671633163.2715261,
                17417828992966
            ],
            "child_modules": {},
            "end_perf": [
                3.8641510009765625,
                2.6161690000000002,
                0.65605100000000005,
                306164,
                306188,
                17417829136432,
                34359738369,
                0
            ]
        },
        "...MASTER...": {
            "nQuads": 0,
            "start_perf": [
                3.157555103302002,
                2.0871559999999998,
                0.52660899999999999,
                303888,
                303912,
                1671633162.564975,
                17415855277895
            ],
            "child_modules": {
                "pc__SNPS_VCS_intf_repository": 1,
                "uvm_pkg": 1,
                "std": 1,
                "rkv_i2c_pkg": 1,
                "lvc_i2c_pkg": 1,
                "lvc_apb_pkg": 1,
                "vcs_paramclassrepository_vcsintf": 1,
                "vcs_paramclassrepository_pc_skel": 1
            },
            "end_perf": [
                3.1594040393829346,
                2.0879120000000002,
                0.52769999999999995,
                303888,
                303912,
                17415860477253,
                0,
                0
            ],
            "nMops": 0,
            "nRouts": 5
        },
        "vcs_paramclassrepository_vcsintf": {
            "nQuads": 3068,
            "start_perf": [
                3.1596460342407227,
                2.0881059999999998,
                0.52774900000000002,
                303896,
                303912,
                1671633162.567066,
                17415861106905
            ],
            "child_modules": {},
            "end_perf": [
                3.53466796875,
                2.3981430000000001,
                0.57278099999999998,
                305868,
                305868,
                17416908864151,
                1,
                0
            ],
            "significant_routs": [
                [
                    16,
                    "Fuvm_pkg_uvm_pool_uvm_pool_grp_3880867972_add",
                    95225102,
                    781,
                    44
                ],
                [
                    31,
                    "Fuvm_pkg_uvm_event_uvm_event_grp_2772331405_trigger",
                    62271830,
                    3160,
                    502
                ]
            ],
            "svclass": [
                "vcs_type_T_29780162601987252642_63_29057405201454559803_10",
                0,
                0,
                0,
                0,
                0,
                "uvm_pkg_uvm_visitor_18580828213016376278_35",
                3590,
                174,
                7,
                7,
                -6449646537939171136,
                "uvm_pkg_uvm_pool_19409840873840241338_85",
                15968,
                1185,
                20,
                20,
                9206707313424593048,
                "uvm_pkg_uvm_event_17002614941379949671_32",
                16065,
                1579,
                17,
                15,
                8950033938334007463,
                "uvm_pkg_uvm_queue_10131729133184263146_34",
                17581,
                1517,
                19,
                19,
                8971049544030457753,
                "uvm_pkg_uvm_queue_12401831152739582252_34",
                0,
                0,
                0,
                0,
                8971049544030457753,
                "uvm_pkg_uvm_queue_22079939174174364057_39",
                0,
                0,
                0,
                0,
                8971049544030457753,
                "uvm_pkg_uvm_queue_31897947402315526169_41",
                0,
                0,
                0,
                0,
                8971049544030457753,
                "uvm_pkg_uvm_component_registry_5812522081072586346_105",
                13152,
                1022,
                12,
                12,
                4032157183706020740,
                "uvm_pkg_uvm_object_registry_2512958503635835114_81",
                13559,
                1077,
                12,
                12,
                4032157183706020622,
                "uvm_pkg_uvm_object_registry_33331550721853239193_53",
                0,
                0,
                0,
                0,
                4032157183706020622,
                "uvm_pkg_uvm_object_registry_36654213551487052203_87",
                0,
                0,
                0,
                0,
                4032157183706020622,
                "uvm_pkg_uvm_object_registry_21048711651200398669_63",
                0,
                0,
                0,
                0,
                4032157183706020622,
                "uvm_pkg_uvm_object_registry_6469859573939592844_63",
                0,
                0,
                0,
                0,
                4032157183706020622,
                "uvm_pkg_uvm_object_registry_2560846769148885325_99",
                0,
                0,
                0,
                0,
                4032157183706020622,
                "uvm_pkg_uvm_object_registry_1906819324266042653_63",
                0,
                0,
                0,
                0,
                4032157183706020622,
                "uvm_pkg_uvm_object_registry_3002397424346383469_47",
                0,
                0,
                0,
                0,
                4032157183706020622,
                "uvm_pkg_uvm_object_registry_747914060163035432_74",
                0,
                0,
                0,
                0,
                4032157183706020622,
                "uvm_pkg_uvm_object_registry_27138642393390246789_61",
                0,
                0,
                0,
                0,
                4032157183706020622,
                "uvm_pkg_uvm_object_registry_14439487293049952778_53",
                0,
                0,
                0,
                0,
                4032157183706020622,
                "uvm_pkg_uvm_object_registry_13870511283927333234_55",
                0,
                0,
                0,
                0,
                4032157183706020622,
                "uvm_pkg_uvm_object_registry_20195001883255690309_51",
                0,
                0,
                0,
                0,
                4032157183706020622,
                "uvm_pkg_uvm_object_registry_1837333109238589200_49",
                0,
                0,
                0,
                0,
                4032157183706020622,
                "uvm_pkg_uvm_object_registry_4364088662927209418_59",
                0,
                0,
                0,
                0,
                4032157183706020622,
