{
    "Modules": {
        "...MASTER...": {
            "child_modules": {
                "pc__SNPS_VCS_intf_repository": 1,
                "uvm_pkg": 1,
                "std": 1,
                "lvc_i2c_pkg": 1,
                "rkv_i2c_pkg": 1,
                "vcs_paramclassrepository_vcsintf": 1,
                "lvc_apb_pkg": 1,
                "vcs_paramclassrepository_pc_skel": 1
            },
            "start_perf": [
                1.8064560890197754,
                1.5305930000000001,
                0.235016,
                303920,
                330636,
                1672812067.099122,
                5494016359648
            ],
            "end_perf": [
                1.8073129653930664,
                1.5305930000000001,
                0.235873,
                303920,
                330636,
                5494018633638,
                0,
                0
            ],
            "nRouts": 5,
            "nQuads": 0,
            "nMops": 0
        },
        "pc__SNPS_VCS_intf_repository": {
            "child_modules": {
                "lvc_apb_if_1146083354_12": 1,
                "rkv_i2c_if_1146083354_12": 1,
                "lvc_i2c_if_1146083354_12": 1
            },
            "start_perf": [
                2.0532200336456299,
                1.755728,
                0.256328,
                306044,
                330636,
                1672812067.345886,
                5494705509074
            ],
            "end_perf": [
                2.0532670021057129,
                1.7557739999999999,
                0.256328,
                306044,
                330636,
                5494705636138,
                60129542145,
                0
            ],
            "skipped": 1
        },
        "uvm_pkg": {
            "child_modules": {},
            "start_perf": [
                2.1793460845947266,
                1.873793,
                0.26428099999999999,
                306204,
                330636,
                1672812067.472012,
                5495057829510
            ],
            "end_perf": [
                2.1793789863586426,
                1.873826,
                0.26428099999999999,
                306204,
                330636,
                5495057910543,
                34359738369,
                0
            ],
            "skipped": 1
        },
        "lvc_apb_pkg": {
            "child_modules": {},
            "start_perf": [
                2.179408073425293,
                1.8738540000000001,
                0.26428099999999999,
                306204,
                330636,
                1672812067.472074,
                5495057989579
            ],
            "end_perf": [
                2.179434061050415,
                1.8738809999999999,
                0.26428099999999999,
                306204,
                330636,
                5495058065043,
                34359738369,
                0
            ],
            "skipped": 1
        },
        "vcs_paramclassrepository_vcsintf": {
            "child_modules": {},
            "start_perf": [
                1.8074920177459717,
                1.5306280000000001,
                0.236017,
                303928,
                330636,
                1672812067.100158,
                5494019097669
            ],
            "end_perf": [
                2.0528979301452637,
                1.7554020000000001,
                0.256328,
                306044,
                330636,
                5494704752199,
                1,
                0
            ],
            "svclass": [
                "vcs_type_T_29780162601987252642_63_29057405201454559803_10",
                0,
                0,
                0,
                0,
                0,
                "uvm_pkg_uvm_visitor_18580828213016376278_35",
                3590,
                174,
                7,
                7,
                -6449646537939171136,
                "uvm_pkg_uvm_pool_19409840873840241338_85",
                15968,
                1185,
                20,
                20,
                9206707313424593048,
                "uvm_pkg_uvm_event_17002614941379949671_32",
                16065,
                1579,
                17,
                15,
                8950033938334007463,
                "uvm_pkg_uvm_queue_10131729133184263146_34",
                17581,
                1517,
                19,
                19,
                8971049544030457753,
                "uvm_pkg_uvm_queue_12401831152739582252_34",
                0,
                0,
                0,
                0,
                8971049544030457753,
                "uvm_pkg_uvm_queue_22079939174174364057_39",
                0,
                0,
                0,
                0,
                8971049544030457753,
                "uvm_pkg_uvm_queue_31897947402315526169_41",
                0,
                0,
                0,
                0,
                8971049544030457753,
                "uvm_pkg_uvm_component_registry_5812522081072586346_105",
                13152,
                1022,
                12,
                12,
                4032157183706020740,
                "uvm_pkg_uvm_object_registry_2512958503635835114_81",
                13559,
                1077,
                12,
                12,
                4032157183706020622,
                "uvm_pkg_uvm_object_registry_33331550721853239193_53",
                0,
                0,
                0,
                0,
                4032157183706020622,
                "uvm_pkg_uvm_object_registry_36654213551487052203_87",
                0,
                0,
                0,
                0,
                4032157183706020622,
                "uvm_pkg_uvm_object_registry_21048711651200398669_63",
                0,
                0,
                0,
                0,
                4032157183706020622,
                "uvm_pkg_uvm_object_registry_6469859573939592844_63",
                0,
                0,
                0,
                0,
                4032157183706020622,
                "uvm_pkg_uvm_object_registry_2560846769148885325_99",
                0,
                0,
                0,
                0,
                4032157183706020622,
                "uvm_pkg_uvm_object_registry_1906819324266042653_63",
                0,
                0,
                0,
                0,
                4032157183706020622,
                "uvm_pkg_uvm_object_registry_3002397424346383469_47",
                0,
                0,
                0,
                0,
                4032157183706020622,
                "uvm_pkg_uvm_object_registry_747914060163035432_74",
                0,
                0,
                0,
                0,
                4032157183706020622,
                "uvm_pkg_uvm_object_registry_27138642393390246789_61",
                0,
                0,
                0,
                0,
                4032157183706020622,
                "uvm_pkg_uvm_object_registry_14439487293049952778_53",
                0,
                0,
                0,
                0,
                4032157183706020622,
                "uvm_pkg_uvm_object_registry_13870511283927333234_55",
                0,
                0,
                0,
                0,
                4032157183706020622,
                "uvm_pkg_uvm_object_registry_20195001883255690309_51",
                0,
                0,
                0,
                0,
                4032157183706020622,
                "uvm_pkg_uvm_object_registry_1837333109238589200_49",
                0,
                0,
                0,
                0,
                4032157183706020622,
                "uvm_pkg_uvm_object_registry_4364088662927209418_59",
                0,
                0,
                0,
                0,
