{
    "ObjArchives": [
        {
            "size": 1120298,
            "archive": "archive.0/__SNPS_VCS_intf_repositor_1_archive_1.a",
            "objects": [
                [
                    "vcs_paramclassrepository_vcsintf_d.o",
                    663592
                ],
                [
                    "lvc_apb_if_1146083354_12_d.o",
                    235008
                ],
                [
                    "lvc_i2c_if_1146083354_12_d.o",
                    36780
                ],
                [
                    "rkv_i2c_if_1146083354_12_d.o",
                    48246
                ],
                [
                    "SIMB.o",
                    136672
                ]
            ]
        }
    ],
    "Modules": {
        "pc__SNPS_VCS_intf_repository": {
            "start_perf": [
                2.0680949687957764,
                1.738335,
                0.30523400000000001,
                306036,
                369020,
                1672926255.105365,
                61067287827877
            ],
            "child_modules": {
                "rkv_i2c_if_1146083354_12": 1,
                "lvc_i2c_if_1146083354_12": 1,
                "lvc_apb_if_1146083354_12": 1
            },
            "end_perf": [
                2.0681450366973877,
                1.7383769999999998,
                0.30524099999999998,
                306036,
                369020,
                61067287965540,
                60129542145,
                0
            ],
            "skipped": 1
        },
        "lvc_apb_if_1146083354_12": {
            "start_perf": [
                2.0682709217071533,
                1.7384840000000001,
                0.30525999999999998,
                306036,
                369020,
                1672926255.105541,
                61067288317532
            ],
            "svclass": [
                "lvc_apb_if_1146083354_12_vcs_virt_intf_C",
                0,
                0,
                0,
                0,
                0,
                "cg_lvc_apb_command",
                2690,
                355,
                13,
                6,
                -2869941886796301198,
                "cg_lvc_apb_trans_timing_group",
                3476,
                432,
                18,
                12,
                -2869941886796301218,
                "cg_lvc_apb_write_read_order_group",
                2436,
                303,
                10,
                4,
                -2869941886796301234
            ],
            "child_modules": {},
            "nRouts": 536,
            "end_perf": [
                2.1811339855194092,
                1.8453200000000001,
                0.311222,
                306196,
                369020,
                61067603686769,
                -2869941886796308292,
                0
            ],
            "nQuads": 4598,
            "nMops": 7904
        },
        "...MASTER...": {
            "start_perf": [
                1.8368668556213379,
                1.5243199999999999,
                0.28824899999999998,
                303916,
                369020,
                1672926254.8741369,
                61066641882797
            ],
            "child_modules": {
                "uvm_pkg": 1,
                "vcs_paramclassrepository_vcsintf": 1,
                "lvc_apb_pkg": 1,
                "std": 1,
                "rkv_i2c_pkg": 1,
                "lvc_i2c_pkg": 1,
                "vcs_paramclassrepository_pc_skel": 1,
                "pc__SNPS_VCS_intf_repository": 1
            },
            "nRouts": 5,
            "end_perf": [
                1.8376028537750244,
                1.5243199999999999,
                0.28898499999999999,
                303916,
                369020,
                61066643974848,
                0,
                0
            ],
            "nQuads": 0,
            "nMops": 0
        },
        "vcs_paramclassrepository_pc_skel": {
            "start_perf": [
                2.0679788589477539,
                1.7382339999999998,
                0.30521599999999999,
                306036,
                369020,
                1672926255.1052489,
                61067287563814
            ],
            "child_modules": {},
            "end_perf": [
                2.068047046661377,
                1.738294,
                0.30522700000000003,
                306036,
                369020,
                61067287701606,
                60129542145,
                0
            ],
            "skipped": 1
        },
        "rkv_i2c_if_1146083354_12": {
            "start_perf": [
                2.1931829452514648,
                1.8553649999999999,
                0.31323000000000001,
                306196,
                369020,
                1672926255.230453,
                61067637219251
            ],
            "svclass": [
                "rkv_i2c_if_1146083354_12_vcs_virt_intf_C",
                0,
                0,
                0,
                0,
                0
            ],
            "child_modules": {},
            "nRouts": 70,
            "end_perf": [
                2.2102398872375488,
                1.8694109999999999,
                0.31623800000000002,
                306196,
                369020,
                61067685025577,
                1795991131300588936,
                0
            ],
            "nQuads": 354,
            "nMops": 890
        },
        "vcs_paramclassrepository_vcsintf": {
            "start_perf": [
                1.8377459049224854,
                1.5243199999999999,
                0.28912900000000002,
                303924,
                369020,
                1672926254.875016,
                61066644403454
            ],