{
    "stat": {
        "ru_self_end": {
            "ru_nivcsw": 61,
            "ru_utime_sec": 1.864339,
            "ru_nvcsw": 91,
            "ru_stime_sec": 0.65351999999999999,
            "ru_majflt": 75,
            "ru_maxrss_kb": 154812,
            "ru_minflt": 68882
        },
        "ru_childs_end": {
            "ru_nivcsw": 19,
            "ru_utime_sec": 0.025819999999999999,
            "ru_nvcsw": 103,
            "ru_stime_sec": 0.083402000000000004,
            "ru_majflt": 16,
            "ru_maxrss_kb": 61664,
            "ru_minflt": 10608
        },
        "cpu_cycles_end": 18544696569472,
        "peak_mem_kb": 350620
    },
    "Modules": {
        "...MASTER...": {
            "start_perf": [
                2.3276691436767578,
                1.5321150000000001,
                0.61665599999999998,
                303904,
                350620,
                1672911032.9380641,
                18543647290400
            ],
            "child_modules": {
                "uvm_pkg": 1,
                "std": 1,
                "lvc_i2c_pkg": 1,
                "rkv_i2c_pkg": 1,
                "vcs_paramclassrepository_vcsintf": 1,
                "lvc_apb_pkg": 1,
                "pc__SNPS_VCS_intf_repository": 1,
                "vcs_paramclassrepository_pc_skel": 1
            },
            "nMops": 0,
            "end_perf": [
                2.3288061618804932,
                1.533212,
                0.61669399999999996,
                303904,
                350620,
                18543650533790,
                0,
                0
            ],
            "nRouts": 5,
            "nQuads": 0
        },
        "lvc_apb_pkg": {
            "start_perf": [
                2.6618161201477051,
                1.838174,
                0.64080300000000001,
                306188,
                350620,
                1672911033.2722111,
                18544580725064
            ],
            "child_modules": {},
            "end_perf": [
                2.661855936050415,
                1.838203,
                0.64081299999999997,
                306188,
                350620,
                18544580832064,
                34359738369,
                0
            ],
            "skipped": 1
        },
        "lvc_i2c_if_1146083354_12": {
            "start_perf": [
                2.6426219940185547,
                1.8201160000000001,
                0.64080099999999995,
                306188,
                350620,
                1672911033.2530169,
                18544527122928
            ],
            "child_modules": {},
            "nMops": 870,
            "end_perf": [
                2.6615879535675049,
                1.837944,
                0.64080099999999995,
                306188,
                350620,
                18544580202339,
                -7917036585569840515,
                0
            ],
            "svclass": [
                "lvc_i2c_if_1146083354_12_vcs_virt_intf_C",
                0,
                0,
                0,
                0,
                0
            ],
            "nRouts": 70,
            "nQuads": 382
        },
        "vcs_paramclassrepository_vcsintf": {
            "start_perf": [
                2.3291399478912354,
                1.533212,
                0.61702900000000005,
                303912,
                350620,
                1672911032.9395349,
                18543651417967
            ],
            "child_modules": {},
            "nMops": 9908,
            "end_perf": [
                2.5383241176605225,
                1.723489,
                0.63365000000000005,
                306028,
                350620,
                18544235885481,
                1,
                0
            ],
            "svclass": [
                "vcs_type_T_29780162601987252642_63_29057405201454559803_10",
                0,
                0,
                0,
                0,
                0,
                "uvm_pkg_uvm_visitor_18580828213016376278_35",
                3590,
                174,
                7,
                7,
                -6449646537939171136,
                "uvm_pkg_uvm_pool_19409840873840241338_85",
                15968,
                1185,
                20,
                20,
                9206707313424593048,
                "uvm_pkg_uvm_event_17002614941379949671_32",
                16065,
                1579,
                17,
                15,
                8950033938334007463,
                "uvm_pkg_uvm_queue_10131729133184263146_34",
                17581,
                1517,
                19,
                19,
                8971049544030457753,
                "uvm_pkg_uvm_queue_12401831152739582252_34",
                0,
                0,
                0,
                0,
                8971049544030457753,
                "uvm_pkg_uvm_queue_22079939174174364057_39",
                0,
                0,
                0,
                0,
                8971049544030457753,
                "uvm_pkg_uvm_queue_31897947402315526169_41",
                0,
                0,
                0,
                0,
                8971049544030457753,
                "uvm_pkg_uvm_component_registry_5812522081072586346_105",
                13152,
                1022,
                12,
                12,
                4032157183706020740,
                "uvm_pkg_uvm_object_registry_2512958503635835114_81",
                13559,
                1077,
                12,
                12,
                4032157183706020622,
                "uvm_pkg_uvm_object_registry_33331550721853239193_53",
                0,
                0,
                0,
                0,
                4032157183706020622,
                "uvm_pkg_uvm_object_registry_36654213551487052203_87",
                0,
                0,
                0,
                0,
                4032157183706020622,
                "uvm_pkg_uvm_object_registry_21048711651200398669_63",
                0,
                0,
                0,
                0,
                4032157183706020622,
                "uvm_pkg_uvm_object_registry_6469859573939592844_63",
                0,
                0,
                0,
                0,
                4032157183706020622,
                "uvm_pkg_uvm_object_registry_2560846769148885325_99",
                0,
                0,
                0,
                0,
                4032157183706020622,
                "uvm_pkg_uvm_object_registry_1906819324266042653_63",
                0,
                0,
                0,
                0,
                4032157183706020622,
                "uvm_pkg_uvm_object_registry_3002397424346383469_47",
                0,
                0,
                0,
                0,
                4032157183706020622,
                "uvm_pkg_uvm_object_registry_747914060163035432_74",
                0,
                0,
                0,
                0,
                4032157183706020622,
                "uvm_pkg_uvm_object_registry_27138642393390246789_61",
                0,
                0,
                0,
                0,
                4032157183706020622,
                "uvm_pkg_uvm_object_registry_14439487293049952778_53",
                0,
                0,
                0,
                0,
                4032157183706020622,
                "uvm_pkg_uvm_object_registry_13870511283927333234_55",
                0,
                0,
                0,
                0,
                4032157183706020622,
                "uvm_pkg_uvm_object_registry_20195001883255690309_51",
                0,
                0,
                0,
                0,
                4032157183706020622,
                "uvm_pkg_uvm_object_registry_1837333109238589200_49",
                0,
                0,
                0,
                0,
