{
    "Modules": {
        "...MASTER...": {
            "nMops": 0,
            "start_perf": [
                2.2993860244750977,
                1.409732,
                0.74929800000000002,
                303888,
                303904,
                1672065630.246068,
                63710695735663
            ],
            "child_modules": {
                "uvm_pkg": 1,
                "lvc_i2c_pkg": 1,
                "std": 1,
                "lvc_apb_pkg": 1,
                "rkv_i2c_pkg": 1,
                "vcs_paramclassrepository_pc_skel": 1,
                "pc__SNPS_VCS_intf_repository": 1,
                "vcs_paramclassrepository_vcsintf": 1
            },
            "nRouts": 5,
            "end_perf": [
                2.3082759380340576,
                1.412596,
                0.75526899999999997,
                303888,
                303904,
                63710720687625,
                0,
                0
            ],
            "nQuads": 0
        },
        "pc__SNPS_VCS_intf_repository": {
            "start_perf": [
                2.5234799385070801,
                1.5799620000000001,
                0.802701,
                306012,
                306012,
                1672065630.4701619,
                63711321775767
            ],
            "child_modules": {
                "rkv_i2c_if_1146083354_12": 1,
                "lvc_i2c_if_1146083354_12": 1,
                "lvc_apb_if_1146083354_12": 1
            },
            "end_perf": [
                2.5235440731048584,
                1.5799620000000001,
                0.80276400000000003,
                306012,
                306012,
                63711321951183,
                60129542145,
                0
            ],
            "skipped": 1
        },
        "vcs_paramclassrepository_pc_skel": {
            "start_perf": [
                2.5233111381530762,
                1.579915,
                0.80257699999999998,
                306012,
                306012,
                1672065630.4699931,
                63711321336006
            ],
            "child_modules": {},
            "end_perf": [
                2.5233790874481201,
                1.5799620000000001,
                0.80259999999999998,
                306012,
                306012,
                63711321604640,
                60129542145,
                0
            ],
            "skipped": 1
        },
        "vcs_paramclassrepository_vcsintf": {
            "nMops": 9908,
            "start_perf": [
                2.3085989952087402,
                1.4128080000000001,
                0.755382,
                303896,
                303904,
                1672065630.255281,
                63710721520733
            ],
            "svclass": [
                "vcs_type_T_29780162601987252642_63_29057405201454559803_10",
                0,
                0,
                0,
                0,
                0,
                "uvm_pkg_uvm_visitor_18580828213016376278_35",
                3590,
                174,
                7,
                7,
                -6449646537939171136,
                "uvm_pkg_uvm_pool_19409840873840241338_85",
                15968,
                1185,
                20,
                20,
                9206707313424593048,
                "uvm_pkg_uvm_event_17002614941379949671_32",
                16065,
                1579,
                17,
                15,
                8950033938334007463,
                "uvm_pkg_uvm_queue_10131729133184263146_34",
                17581,
                1517,
                19,
                19,
                8971049544030457753,
                "uvm_pkg_uvm_queue_12401831152739582252_34",
                0,
                0,
                0,
                0,
                8971049544030457753,
                "uvm_pkg_uvm_queue_22079939174174364057_39",
                0,
                0,
                0,
                0,
                8971049544030457753,
                "uvm_pkg_uvm_queue_31897947402315526169_41",
                0,
                0,
                0,
                0,
                8971049544030457753,
                "uvm_pkg_uvm_component_registry_5812522081072586346_105",
                13152,
                1022,
                12,
                12,
                4032157183706020740,
                "uvm_pkg_uvm_object_registry_2512958503635835114_81",
                13559,
                1077,
                12,
                12,
                4032157183706020622,
                "uvm_pkg_uvm_object_registry_33331550721853239193_53",
                0,
                0,
                0,
                0,
                4032157183706020622,
                "uvm_pkg_uvm_object_registry_36654213551487052203_87",
                0,
                0,
                0,
                0,
                4032157183706020622,
                "uvm_pkg_uvm_object_registry_21048711651200398669_63",
                0,
                0,
                0,
                0,
                4032157183706020622,
                "uvm_pkg_uvm_object_registry_6469859573939592844_63",
                0,
                0,
                0,
                0,
                4032157183706020622,
                "uvm_pkg_uvm_object_registry_2560846769148885325_99",
                0,
                0,
                0,
                0,
                4032157183706020622,
                "uvm_pkg_uvm_object_registry_1906819324266042653_63",
                0,
                0,
                0,
                0,
                4032157183706020622,
                "uvm_pkg_uvm_object_registry_3002397424346383469_47",
                0,
                0,
                0,
                0,
                4032157183706020622,
                "uvm_pkg_uvm_object_registry_747914060163035432_74",
                0,
                0,
                0,
                0,
                4032157183706020622,
                "uvm_pkg_uvm_object_registry_27138642393390246789_61",
                0,
                0,
                0,
                0,
                4032157183706020622,
                "uvm_pkg_uvm_object_registry_14439487293049952778_53",
                0,
                0,
                0,
                0,
                4032157183706020622,
                "uvm_pkg_uvm_object_registry_13870511283927333234_55",
                0,
                0,
                0,
                0,
                4032157183706020622,
                "uvm_pkg_uvm_object_registry_20195001883255690309_51",
                0,
                0,
                0,
                0,
                4032157183706020622,
                "uvm_pkg_uvm_object_registry_1837333109238589200_49",
                0,
                0,
                0,
                0,
                4032157183706020622,
                "uvm_pkg_uvm_object_registry_4364088662927209418_59",
                0,
                0,
                0,
                0,
                4032157183706020622,
                "uvm_pkg_uvm_set_get_dap_base_42077948452638614245_35",
                4398,
                199,
                8,
                8,
                -6512956335544990861,
                "uvm_pkg_uvm_set_get_dap_base_25072624061353900623_41",
                0,
                0,
                0,
                0,
                -6512956335544990861,
                "uvm_pkg_uvm_set_get_dap_base_2190068584822684823_31",
                0,
                0,
                0,
                0,
                -6512956335544990861,
                "uvm_pkg_uvm_set_before_get_dap_42077948452638614245_35",
                16125,
                1083,
                17,
                17,
                2247440847313661530,
