{
    "CompUnits": {
        "vcs_paramclassrepository_vcsintf_d": {
            "out": "vcs_paramclassrepository_vcsintf_d.o",
            "mod": "vcs_paramclassrepository_vcsintf",
            "bytes": 663592,
            "text": 126607,
            "cls": 121015,
            "mode": 4,
            "checksum": 4294967295,
            "archive": "archive.0/__SNPS_VCS_intf_repositor_1_archive_1.a"
        },
        "lvc_apb_if_1146083354_12_d": {
            "out": "lvc_apb_if_1146083354_12_d.o",
            "mod": "lvc_apb_if_1146083354_12",
            "bytes": 235008,
            "text": 65908,
            "cls": 8602,
            "mode": 4,
            "checksum": 4294967295,
            "archive": "archive.0/__SNPS_VCS_intf_repositor_1_archive_1.a"
        },
        "lvc_i2c_if_1146083354_12_d": {
            "out": "lvc_i2c_if_1146083354_12_d.o",
            "mod": "lvc_i2c_if_1146083354_12",
            "bytes": 36780,
            "text": 8726,
            "mode": 4,
            "checksum": 4294967295,
            "archive": "archive.0/__SNPS_VCS_intf_repositor_1_archive_1.a"
        },
        "rkv_i2c_if_1146083354_12_d": {
            "out": "rkv_i2c_if_1146083354_12_d.o",
            "mod": "rkv_i2c_if_1146083354_12",
            "bytes": 48246,
            "text": 9019,
            "mode": 4,
            "checksum": 4294967295,
            "archive": "archive.0/__SNPS_VCS_intf_repositor_1_archive_1.a"
        }
    },
    "Modules": {
        "rkv_i2c_if_1146083354_12": {
            "start_perf": [
                2.4785079956054688,
                1.9091640000000001,
                0.46224500000000002,
                306288,
                353020,
                1672911182.421042,
                18961233035458
            ],
            "nRouts": 70,
            "child_modules": {},
            "nMops": 890,
            "end_perf": [
                2.5044639110565186,
                1.931349,
                0.46601199999999998,
                306288,
                353020,
                18961305678261,
                1795991131300588936,
                0
            ],
            "svclass": [
                "rkv_i2c_if_1146083354_12_vcs_virt_intf_C",
                0,
                0,
                0,
                0,
                0
            ],
            "nQuads": 354
        },
        "...MASTER...": {
            "start_perf": [
                2.0632419586181641,
                1.5371139999999999,
                0.42260500000000001,
                303904,
                353020,
                1672911182.0057759,
                18960073040268
            ],
            "nRouts": 5,
            "child_modules": {
                "pc__SNPS_VCS_intf_repository": 1,
                "uvm_pkg": 1,
                "vcs_paramclassrepository_vcsintf": 1,
                "lvc_i2c_pkg": 1,
                "std": 1,
                "rkv_i2c_pkg": 1,
                "lvc_apb_pkg": 1,
                "vcs_paramclassrepository_pc_skel": 1
            },
            "nMops": 0,
            "end_perf": [
                2.0640730857849121,
                1.5371359999999998,
                0.42341400000000001,
                303904,
                353020,
                18960075387873,
                0,
                0
            ],
            "nQuads": 0
        },
        "vcs_paramclassrepository_pc_skel": {
            "start_perf": [
                2.3128690719604492,
                1.7592379999999999,
                0.44813599999999998,
                306024,
                353020,
                1672911182.255403,
                18960770560528
            ],
            "child_modules": {},
            "end_perf": [
                2.3130099773406982,
                1.7593800000000002,
                0.44813599999999998,
                306024,
                353020,
                18960770762331,
                60129542145,
                0
            ],
            "skipped": 1
        },
        "std": {
            "start_perf": [
                2.3132309913635254,
                1.7596020000000001,
                0.44813599999999998,
                306024,
                353020,
                1672911182.255765,
                18960771346299
            ],
            "child_modules": {},
            "end_perf": [
                2.3132779598236084,
                1.7596479999999999,
                0.44813599999999998,
                306024,
                353020,
                18960771469063,
                60129542145,
                0
            ],
            "skipped": 1
        },
        "lvc_i2c_pkg": {
            "start_perf": [
                2.4784331321716309,
                1.9091640000000001,
                0.462169,
                306288,
                353020,
                1672911182.4209671,
                18961232826100
            ],
            "child_modules": {},
            "end_perf": [
                2.4784700870513916,
                1.9091640000000001,
                0.46220699999999998,
                306288,
                353020,
                18961232929800,
                34359738369,
                0
            ],
            "skipped": 1
        },
        "vcs_paramclassrepository_vcsintf": {
            "start_perf": [
                2.064255952835083,
                1.53728,
                0.423454,
                303912,
                353020,
                1672911182.0067899,
                18960075865489
            ],
            "nRouts": 178,
            "child_modules": {},
            "significant_routs": [
                [
                    16,
                    "Fuvm_pkg_uvm_pool_uvm_pool_grp_3880867972_add",
                    38215078,
                    781,
                    44
                ]
            ],
            "nMops": 9908,
            "end_perf": [
                2.3126521110534668,
                1.759063,
                0.44809100000000002,
                306024,
                353020,
                18960769885583,
                1,
                0
            ],