{
    "Modules": {
        "...MASTER...": {
            "end_perf": [
                1.7300519943237305,
                1.502022,
                0.20902399999999999,
                303884,
                338224,
                30282190353276,
                0,
                0
            ],
            "start_perf": [
                1.7292051315307617,
                1.5011749999999999,
                0.20902399999999999,
                303884,
                338224,
                1672820940.464797,
                30282187949759
            ],
            "nRouts": 5,
            "child_modules": {
                "uvm_pkg": 1,
                "std": 1,
                "rkv_i2c_pkg": 1,
                "pc__SNPS_VCS_intf_repository": 1,
                "lvc_apb_pkg": 1,
                "vcs_paramclassrepository_vcsintf": 1,
                "lvc_i2c_pkg": 1,
                "vcs_paramclassrepository_pc_skel": 1
            },
            "nQuads": 0,
            "nMops": 0
        },
        "vcs_paramclassrepository_pc_skel": {
            "end_perf": [
                2.0300021171569824,
                1.730275,
                0.22500200000000001,
                306004,
                338224,
                30283028175243,
                60129542145,
                0
            ],
            "start_perf": [
                2.0299351215362549,
                1.7302059999999999,
                0.22500200000000001,
                306004,
                338224,
                1672820940.765527,
                30283028064160
            ],
            "skipped": 1,
            "child_modules": {}
        },
        "lvc_i2c_if_1146083354_12": {
            "end_perf": [
                2.1373810768127441,
                1.828368,
                0.233046,
                306268,
                338224,
                30283328266393,
                -7917036585569840515,
                0
            ],
            "start_perf": [
                2.1219551563262939,
                1.8149929999999999,
                0.23099900000000001,
                306268,
                338224,
                1672820940.857547,
                30283285110677
            ],
            "nRouts": 70,
            "child_modules": {},
            "svclass": [
                "lvc_i2c_if_1146083354_12_vcs_virt_intf_C",
                0,
                0,
                0,
                0,
                0
            ],
            "nQuads": 382,
            "nMops": 870
        },
        "vcs_paramclassrepository_vcsintf": {
            "end_perf": [
                2.0297501087188721,
                1.7300219999999999,
                0.22500200000000001,
                306004,
                338224,
                30283027527735,
                1,
                0
            ],
            "start_perf": [
                1.7302792072296143,
                1.50224,
                0.209033,
                303892,
                338224,
                1672820940.4658711,
                30282190956977
            ],
            "nRouts": 178,
            "child_modules": {},
            "svclass": [
                "vcs_type_T_29780162601987252642_63_29057405201454559803_10",
                0,
                0,
                0,
                0,
                0,
                "uvm_pkg_uvm_visitor_18580828213016376278_35",
                3590,
                174,
                7,
                7,
                -6449646537939171136,
                "uvm_pkg_uvm_pool_19409840873840241338_85",
                15968,
                1185,
                20,
                20,
                9206707313424593048,
                "uvm_pkg_uvm_event_17002614941379949671_32",
                16065,
                1579,
                17,
                15,
                8950033938334007463,
                "uvm_pkg_uvm_queue_10131729133184263146_34",
                17581,
                1517,
                19,
                19,
                8971049544030457753,
                "uvm_pkg_uvm_queue_12401831152739582252_34",
                0,
                0,
                0,
                0,
                8971049544030457753,
                "uvm_pkg_uvm_queue_22079939174174364057_39",
                0,
                0,
                0,
                0,
                8971049544030457753,
                "uvm_pkg_uvm_queue_31897947402315526169_41",
                0,
                0,
                0,
                0,
                8971049544030457753,
                "uvm_pkg_uvm_component_registry_5812522081072586346_105",
                13152,
                1022,
                12,
                12,
                4032157183706020740,
                "uvm_pkg_uvm_object_registry_2512958503635835114_81",
                13559,
                1077,
                12,
                12,
                4032157183706020622,
                "uvm_pkg_uvm_object_registry_33331550721853239193_53",
                0,
                0,
                0,
                0,
                4032157183706020622,
                "uvm_pkg_uvm_object_registry_36654213551487052203_87",
                0,
                0,
                0,
                0,
                4032157183706020622,
                "uvm_pkg_uvm_object_registry_21048711651200398669_63",
                0,
                0,
                0,
                0,
                4032157183706020622,
                "uvm_pkg_uvm_object_registry_6469859573939592844_63",
                0,
                0,
                0,
                0,
                4032157183706020622,
                "uvm_pkg_uvm_object_registry_2560846769148885325_99",
                0,
                0,
                0,
                0,
                4032157183706020622,
                "uvm_pkg_uvm_object_registry_1906819324266042653_63",
                0,
                0,
                0,
                0,
                4032157183706020622,
                "uvm_pkg_uvm_object_registry_3002397424346383469_47",
                0,
                0,
                0,
                0,
                4032157183706020622,
                "uvm_pkg_uvm_object_registry_747914060163035432_74",
                0,
                0,
                0,
                0,
                4032157183706020622,
                "uvm_pkg_uvm_object_registry_27138642393390246789_61",
                0,
                0,
                0,
                0,
                4032157183706020622,
                "uvm_pkg_uvm_object_registry_14439487293049952778_53",
                0,
                0,
                0,
                0,
                4032157183706020622,
                "uvm_pkg_uvm_object_registry_13870511283927333234_55",
                0,
                0,
                0,
                0,
                4032157183706020622,
                "uvm_pkg_uvm_object_registry_20195001883255690309_51",
                0,
                0,
                0,
                0,
                4032157183706020622,
                "uvm_pkg_uvm_object_registry_1837333109238589200_49",
                0,
                0,
                0,
                0,
                4032157183706020622,
                "uvm_pkg_uvm_object_registry_4364088662927209418_59",
                0,
                0,
                0,
                0,
                4032157183706020622,
                "uvm_pkg_uvm_set_get_dap_base_42077948452638614245_35",
                4398,
                199,
                8,
                8,
                -6512956335544990861,
                "uvm_pkg_uvm_set_get_dap_base_25072624061353900623_41",
                0,
                0,
                0,
                0,
                -6512956335544990861,
