{
    "CompUnits": {
        "lvc_apb_if_1146083354_12_d": {
            "mode": 4,
            "mod": "lvc_apb_if_1146083354_12",
            "cls": 8602,
            "bytes": 235008,
            "out": "lvc_apb_if_1146083354_12_d.o",
            "text": 65908,
            "checksum": 4294967295,
            "archive": "archive.0/__SNPS_VCS_intf_repositor_1_archive_1.a"
        },
        "vcs_paramclassrepository_vcsintf_d": {
            "mode": 4,
            "mod": "vcs_paramclassrepository_vcsintf",
            "cls": 121015,
            "bytes": 663592,
            "out": "vcs_paramclassrepository_vcsintf_d.o",
            "text": 126607,
            "checksum": 4294967295,
            "archive": "archive.0/__SNPS_VCS_intf_repositor_1_archive_1.a"
        },
        "lvc_i2c_if_1146083354_12_d": {
            "mode": 4,
            "mod": "lvc_i2c_if_1146083354_12",
            "bytes": 36780,
            "out": "lvc_i2c_if_1146083354_12_d.o",
            "text": 8726,
            "checksum": 4294967295,
            "archive": "archive.0/__SNPS_VCS_intf_repositor_1_archive_1.a"
        },
        "rkv_i2c_if_1146083354_12_d": {
            "mode": 4,
            "mod": "rkv_i2c_if_1146083354_12",
            "bytes": 48246,
            "out": "rkv_i2c_if_1146083354_12_d.o",
            "text": 9019,
            "checksum": 4294967295,
            "archive": "archive.0/__SNPS_VCS_intf_repositor_1_archive_1.a"
        }
    },
    "Modules": {
        "std": {
            "child_modules": {},
            "start_perf": [
                2.493751049041748,
                1.7019150000000001,
                0.67976700000000001,
                306052,
                330628,
                1672813992.545259,
                10872842071918
            ],
            "end_perf": [
                2.4937760829925537,
                1.701932,
                0.67977399999999999,
                306052,
                330628,
                10872842139181,
                60129542145,
                0
            ],
            "skipped": 1
        },
        "...MASTER...": {
            "child_modules": {
                "uvm_pkg": 1,
                "std": 1,
                "rkv_i2c_pkg": 1,
                "vcs_paramclassrepository_pc_skel": 1,
                "lvc_apb_pkg": 1,
                "lvc_i2c_pkg": 1,
                "vcs_paramclassrepository_vcsintf": 1,
                "pc__SNPS_VCS_intf_repository": 1
            },
            "start_perf": [
                2.2743730545043945,
                1.5155859999999999,
                0.64776699999999998,
                303928,
                330628,
                1672813992.325881,
                10872229399870
            ],
            "end_perf": [
                2.2772901058197021,
                1.5162930000000001,
                0.64983999999999997,
                303928,
                330628,
                10872237539122,
                0,
                0
            ],
            "nQuads": 0,
            "nRouts": 5,
            "nMops": 0
        },
        "vcs_paramclassrepository_vcsintf": {
            "child_modules": {},
            "start_perf": [
                2.2775239944458008,
                1.5164580000000001,
                0.64990999999999999,
                303936,
                330628,
                1672813992.3290319,
                10872238125264
            ],
            "end_perf": [
                2.4935059547424316,
                1.701738,
                0.679697,
                306052,
                330628,
                10872841471764,
                1,
                0
            ],
            "svclass": [
                "vcs_type_T_29780162601987252642_63_29057405201454559803_10",
                0,
                0,
                0,
                0,
                0,
                "uvm_pkg_uvm_visitor_18580828213016376278_35",
                3590,
                174,
                7,
                7,
                -6449646537939171136,
                "uvm_pkg_uvm_pool_19409840873840241338_85",
                15968,
                1185,
                20,
                20,
                9206707313424593048,
                "uvm_pkg_uvm_event_17002614941379949671_32",
                16065,
                1579,
                17,
                15,
                8950033938334007463,
                "uvm_pkg_uvm_queue_10131729133184263146_34",
                17581,
                1517,
                19,
                19,
                8971049544030457753,
                "uvm_pkg_uvm_queue_12401831152739582252_34",
                0,
                0,
                0,
                0,
                8971049544030457753,
                "uvm_pkg_uvm_queue_22079939174174364057_39",
                0,
                0,
                0,
                0,
                8971049544030457753,
                "uvm_pkg_uvm_queue_31897947402315526169_41",
                0,
                0,
                0,
                0,
                8971049544030457753,
                "uvm_pkg_uvm_component_registry_5812522081072586346_105",
                13152,
                1022,
                12,
                12,
                4032157183706020740,
                "uvm_pkg_uvm_object_registry_2512958503635835114_81",
                13559,
                1077,
                12,
                12,
                4032157183706020622,
                "uvm_pkg_uvm_object_registry_33331550721853239193_53",
                0,
                0,
                0,
                0,
                4032157183706020622,
                "uvm_pkg_uvm_object_registry_36654213551487052203_87",
                0,
                0,
                0,
                0,
                4032157183706020622,
                "uvm_pkg_uvm_object_registry_21048711651200398669_63",
                0,
                0,
                0,
                0,
                4032157183706020622,
                "uvm_pkg_uvm_object_registry_6469859573939592844_63",
                0,
                0,
                0,
                0,
                4032157183706020622,
                "uvm_pkg_uvm_object_registry_2560846769148885325_99",
                0,
                0,
                0,
                0,
                4032157183706020622,
                "uvm_pkg_uvm_object_registry_1906819324266042653_63",
                0,
                0,
                0,
                0,
                4032157183706020622,
                "uvm_pkg_uvm_object_registry_3002397424346383469_47",
                0,
                0,
                0,
                0,
                4032157183706020622,
                "uvm_pkg_uvm_object_registry_747914060163035432_74",
                0,
                0,
                0,
                0,
                4032157183706020622,
                "uvm_pkg_uvm_object_registry_27138642393390246789_61",
                0,
                0,
                0,
                0,
                4032157183706020622,
                "uvm_pkg_uvm_object_registry_14439487293049952778_53",
                0,
                0,
                0,
                0,
                4032157183706020622,
                "uvm_pkg_uvm_object_registry_13870511283927333234_55",
                0,
                0,
                0,
                0,
                4032157183706020622,
                "uvm_pkg_uvm_object_registry_20195001883255690309_51",
                0,
                0,
                0,
                0,
                4032157183706020622,
                "uvm_pkg_uvm_object_registry_1837333109238589200_49",
                0,
                0,
                0,
                0,
                4032157183706020622,
                "uvm_pkg_uvm_object_registry_4364088662927209418_59",
