{
    "ObjArchives": [
        {
            "objects": [
                [
                    "vcs_paramclassrepository_vcsintf_d.o",
                    663592
                ],
                [
                    "lvc_apb_if_1146083354_12_d.o",
                    235008
                ],
                [
                    "lvc_i2c_if_1146083354_12_d.o",
                    36780
                ],
                [
                    "rkv_i2c_if_1146083354_12_d.o",
                    48246
                ],
                [
                    "SIMB.o",
                    136680
                ]
            ],
            "archive": "archive.0/__SNPS_VCS_intf_repositor_1_archive_1.a",
            "size": 1120306
        }
    ],
    "Modules": {
        "std": {
            "skipped": 1,
            "start_perf": [
                2.211442232131958,
                1.773247,
                0.39605499999999999,
                306072,
                364032,
                1672924309.7152891,
                55632774639239
            ],
            "child_modules": {},
            "end_perf": [
                2.2114670276641846,
                1.7732670000000001,
                0.39605899999999999,
                306072,
                364032,
                55632774708216,
                60129542145,
                0
            ]
        },
        "uvm_pkg": {
            "skipped": 1,
            "start_perf": [
                2.304617166519165,
                1.8552960000000001,
                0.40706399999999998,
                306232,
                364032,
                1672924309.8084641,
                55633034934888
            ],
            "child_modules": {},
            "end_perf": [
                2.3046472072601318,
                1.8553199999999999,
                0.40706999999999999,
                306232,
                364032,
                55633035008784,
                34359738369,
                0
            ]
        },
        "...MASTER...": {
            "start_perf": [
                1.999885082244873,
                1.581885,
                0.37697199999999997,
                303948,
                364032,
                1672924309.503732,
                55632183667213
            ],
            "child_modules": {
                "std": 1,
                "uvm_pkg": 1,
                "vcs_paramclassrepository_vcsintf": 1,
                "lvc_apb_pkg": 1,
                "rkv_i2c_pkg": 1,
                "vcs_paramclassrepository_pc_skel": 1,
                "pc__SNPS_VCS_intf_repository": 1,
                "lvc_i2c_pkg": 1
            },
            "nMops": 0,
            "end_perf": [
                2.0008771419525146,
                1.581885,
                0.377915,
                303948,
                364032,
                55632186496220,
                0,
                0
            ],
            "nQuads": 0,
            "nRouts": 5
        },
        "rkv_i2c_pkg": {
            "skipped": 1,
            "start_perf": [
                2.3178660869598389,
                1.868352,
                0.40725499999999998,
                306232,
                364032,
                1672924309.821713,
                55633072002555
            ],
            "child_modules": {},
            "end_perf": [
                2.3179211616516113,
                1.868352,
                0.40731099999999998,
                306232,
                364032,
                55633072137642,
                51539607553,
                0
            ]
        },
        "lvc_apb_pkg": {
            "skipped": 1,
            "start_perf": [
                2.3046731948852539,
                1.855342,
                0.40707500000000002,
                306232,
                364032,
                1672924309.8085201,
                55633035080064
            ],
            "child_modules": {},
            "end_perf": [
                2.3046970367431641,
                1.855361,
                0.40707900000000002,
                306232,
                364032,
                55633035146659,
                34359738369,
                0
            ]
        },
        "vcs_paramclassrepository_vcsintf": {
            "start_perf": [
                2.0010190010070801,
                1.5819559999999999,
                0.37798900000000002,
                303956,
                364032,
                1672924309.5048659,
                55632186835053
            ],
            "child_modules": {},
            "nMops": 9908,
            "end_perf": [
                2.2111570835113525,
                1.773012,
                0.39600200000000002,
                306072,
                364032,
                55632774004780,
                1,
                0
            ],