{
    "Modules": {
        "...MASTER...": {
            "start_perf": [
                2.1095929145812988,
                1.5646610000000001,
                0.45989999999999998,
                303940,
                363944,
                1672923005.7205119,
                51990021099035
            ],
            "child_modules": {
                "pc__SNPS_VCS_intf_repository": 1,
                "uvm_pkg": 1,
                "std": 1,
                "rkv_i2c_pkg": 1,
                "lvc_apb_pkg": 1,
                "lvc_i2c_pkg": 1,
                "vcs_paramclassrepository_vcsintf": 1,
                "vcs_paramclassrepository_pc_skel": 1
            },
            "nQuads": 0,
            "end_perf": [
                2.1107199192047119,
                1.565787,
                0.45989999999999998,
                303940,
                363944,
                51990024284339,
                0,
                0
            ],
            "nMops": 0,
            "nRouts": 5
        },
        "pc__SNPS_VCS_intf_repository": {
            "start_perf": [
                2.3309309482574463,
                1.7674020000000001,
                0.47756799999999999,
                306064,
                363944,
                1672923005.9418499,
                51990639328335
            ],
            "skipped": 1,
            "child_modules": {
                "rkv_i2c_if_1146083354_12": 1,
                "lvc_apb_if_1146083354_12": 1,
                "lvc_i2c_if_1146083354_12": 1
            },
            "end_perf": [
                2.3309938907623291,
                1.76745,
                0.47758099999999998,
                306064,
                363944,
                51990639612824,
                60129542145,
                0
            ]
        },
        "uvm_pkg": {
            "start_perf": [
                2.4634339809417725,
                1.890468,
                0.48688500000000001,
                306224,
                363944,
                1672923006.074353,
                51991009539481
            ],
            "skipped": 1,
            "child_modules": {},
            "end_perf": [
                2.463486909866333,
                1.8905210000000001,
                0.48688500000000001,
                306224,
                363944,
                51991009660928,
                34359738369,
                0
            ]
        },
        "vcs_paramclassrepository_vcsintf": {
            "start_perf": [
                2.1109099388122559,
                1.565979,
                0.45989999999999998,
                303948,
                363944,
                1672923005.7218289,
                51990024769184
            ],
            "child_modules": {},
            "nQuads": 3068,
            "end_perf": [
                2.3307158946990967,
                1.767231,
                0.477522,
                306064,
                363944,
                51990638840251,
                1,
                0
            ],
            "svclass": [
                "vcs_type_T_29780162601987252642_63_29057405201454559803_10",
                0,
                0,
                0,
                0,
                0,
                "uvm_pkg_uvm_visitor_18580828213016376278_35",
                3590,
                174,
                7,
                7,
                -6449646537939171136,
                "uvm_pkg_uvm_pool_19409840873840241338_85",
                15968,
                1185,
                20,
                20,
                9206707313424593048,
                "uvm_pkg_uvm_event_17002614941379949671_32",
                16065,
                1579,
                17,
                15,
                8950033938334007463,
                "uvm_pkg_uvm_queue_10131729133184263146_34",
                17581,
                1517,
                19,
                19,
                8971049544030457753,
                "uvm_pkg_uvm_queue_12401831152739582252_34",
                0,
                0,
                0,
                0,
                8971049544030457753,
                "uvm_pkg_uvm_queue_22079939174174364057_39",
                0,
                0,
                0,
                0,
                8971049544030457753,
                "uvm_pkg_uvm_queue_31897947402315526169_41",
                0,
                0,
                0,
                0,
                8971049544030457753,
                "uvm_pkg_uvm_component_registry_5812522081072586346_105",
                13152,
                1022,
                12,
                12,
                4032157183706020740,
                "uvm_pkg_uvm_object_registry_2512958503635835114_81",
                13559,
                1077,
                12,
                12,
                4032157183706020622,
                "uvm_pkg_uvm_object_registry_33331550721853239193_53",
                0,
                0,
                0,
                0,
                4032157183706020622,
                "uvm_pkg_uvm_object_registry_36654213551487052203_87",
                0,
                0,
                0,
                0,
                4032157183706020622,
                "uvm_pkg_uvm_object_registry_21048711651200398669_63",
                0,
                0,
                0,
                0,
                4032157183706020622,
                "uvm_pkg_uvm_object_registry_6469859573939592844_63",
                0,
                0,
                0,
                0,
                4032157183706020622,
                "uvm_pkg_uvm_object_registry_2560846769148885325_99",
                0,
                0,
                0,
                0,
                4032157183706020622,
                "uvm_pkg_uvm_object_registry_1906819324266042653_63",
                0,
                0,
                0,
                0,
                4032157183706020622,
                "uvm_pkg_uvm_object_registry_3002397424346383469_47",
                0,
                0,
                0,
                0,
                4032157183706020622,
                "uvm_pkg_uvm_object_registry_747914060163035432_74",
                0,
                0,
                0,
                0,
                4032157183706020622,
                "uvm_pkg_uvm_object_registry_27138642393390246789_61",
                0,
                0,
                0,
                0,
                4032157183706020622,
                "uvm_pkg_uvm_object_registry_14439487293049952778_53",
                0,
                0,
                0,
                0,
                4032157183706020622,
                "uvm_pkg_uvm_object_registry_13870511283927333234_55",
                0,
                0,
                0,
                0,
                4032157183706020622,
                "uvm_pkg_uvm_object_registry_20195001883255690309_51",
                0,
                0,
                0,
                0,
                4032157183706020622,
                "uvm_pkg_uvm_object_registry_1837333109238589200_49",
                0,
                0,
                0,
                0,
                4032157183706020622,
                "uvm_pkg_uvm_object_registry_4364088662927209418_59",
                0,
                0,
                0,
                0,
                4032157183706020622,
                "uvm_pkg_uvm_set_get_dap_base_42077948452638614245_35",
                4398,
                199,
                8,
                8,
                -6512956335544990861,
                "uvm_pkg_uvm_set_get_dap_base_25072624061353900623_41",
                0,
                0,
                0,
                0,
                -6512956335544990861,
                "uvm_pkg_uvm_set_get_dap_base_2190068584822684823_31",
                0,
                0,
                0,
                0,
