{
    "Modules": {
        "...MASTER...": {
            "start_perf": [
                2.0602498054504395,
                1.573677,
                0.38833600000000001,
                303900,
                346860,
                1672836563.7076509,
                73926464634950
            ],
            "child_modules": {
                "lvc_apb_pkg": 1,
                "uvm_pkg": 1,
                "vcs_paramclassrepository_vcsintf": 1,
                "std": 1,
                "lvc_i2c_pkg": 1,
                "rkv_i2c_pkg": 1,
                "pc__SNPS_VCS_intf_repository": 1,
                "vcs_paramclassrepository_pc_skel": 1
            },
            "end_perf": [
                2.0609638690948486,
                1.574392,
                0.38833600000000001,
                303900,
                346860,
                73926466628837,
                0,
                0
            ],
            "nQuads": 0,
            "nMops": 0,
            "nRouts": 5
        },
        "lvc_i2c_if_1146083354_12": {
            "start_perf": [
                2.4046339988708496,
                1.8909940000000001,
                0.41514499999999999,
                306184,
                346860,
                1672836564.0520351,
                73927426700456
            ],
            "child_modules": {},
            "end_perf": [
                2.4234809875488281,
                1.908903,
                0.41608200000000001,
                306184,
                346860,
                73927479435459,
                -7917036585569840515,
                0
            ],
            "nMops": 870,
            "svclass": [
                "lvc_i2c_if_1146083354_12_vcs_virt_intf_C",
                0,
                0,
                0,
                0,
                0
            ],
            "nQuads": 382,
            "nRouts": 70
        },
        "std": {
            "start_perf": [
                2.278688907623291,
                1.7742830000000001,
                0.40601399999999999,
                306024,
                346860,
                1672836563.92609,
                73927074835522
            ],
            "child_modules": {},
            "end_perf": [
                2.2787280082702637,
                1.7743139999999999,
                0.40602100000000002,
                306024,
                346860,
                73927074942960,
                60129542145,
                0
            ],
            "skipped": 1
        },
        "vcs_paramclassrepository_vcsintf": {
            "start_perf": [
                2.0611147880554199,
                1.574543,
                0.38833600000000001,
                303908,
                346860,
                1672836563.7085159,
                73926467027167
            ],
            "child_modules": {},
            "end_perf": [
                2.2783308029174805,
                1.773987,
                0.40594599999999997,
                306024,
                346860,
                73927073977865,
                1,
                0
            ],
            "nMops": 9908,
            "svclass": [
                "vcs_type_T_29780162601987252642_63_29057405201454559803_10",
                0,
                0,
                0,
                0,
                0,
                "uvm_pkg_uvm_visitor_18580828213016376278_35",
                3590,
                174,
                7,
                7,
                -6449646537939171136,
                "uvm_pkg_uvm_pool_19409840873840241338_85",
                15968,
                1185,
                20,
                20,
                9206707313424593048,
                "uvm_pkg_uvm_event_17002614941379949671_32",
                16065,
                1579,
                17,
                15,
                8950033938334007463,
                "uvm_pkg_uvm_queue_10131729133184263146_34",
                17581,
                1517,
                19,
                19,
                8971049544030457753,
                "uvm_pkg_uvm_queue_12401831152739582252_34",
                0,
                0,
                0,
                0,
                8971049544030457753,
                "uvm_pkg_uvm_queue_22079939174174364057_39",
                0,
                0,
                0,
                0,
                8971049544030457753,
                "uvm_pkg_uvm_queue_31897947402315526169_41",
                0,
                0,
                0,
                0,
                8971049544030457753,
                "uvm_pkg_uvm_component_registry_5812522081072586346_105",
                13152,
                1022,
                12,
                12,
                4032157183706020740,
                "uvm_pkg_uvm_object_registry_2512958503635835114_81",
                13559,
                1077,
                12,
                12,
                4032157183706020622,
                "uvm_pkg_uvm_object_registry_33331550721853239193_53",
                0,
                0,
                0,
                0,
                4032157183706020622,
                "uvm_pkg_uvm_object_registry_36654213551487052203_87",
                0,
                0,
                0,
                0,
                4032157183706020622,
                "uvm_pkg_uvm_object_registry_21048711651200398669_63",
                0,
                0,
                0,
                0,
                4032157183706020622,
                "uvm_pkg_uvm_object_registry_6469859573939592844_63",
                0,
                0,
                0,
                0,
                4032157183706020622,
                "uvm_pkg_uvm_object_registry_2560846769148885325_99",
                0,
                0,
                0,
                0,
                4032157183706020622,
                "uvm_pkg_uvm_object_registry_1906819324266042653_63",
                0,
                0,
                0,
                0,
                4032157183706020622,
                "uvm_pkg_uvm_object_registry_3002397424346383469_47",
                0,
                0,
                0,
                0,
                4032157183706020622,
                "uvm_pkg_uvm_object_registry_747914060163035432_74",
                0,
                0,
                0,
                0,
                4032157183706020622,
                "uvm_pkg_uvm_object_registry_27138642393390246789_61",
                0,
                0,
                0,
                0,
                4032157183706020622,
                "uvm_pkg_uvm_object_registry_14439487293049952778_53",
                0,
                0,
                0,
                0,
                4032157183706020622,
                "uvm_pkg_uvm_object_registry_13870511283927333234_55",
                0,
                0,
                0,
                0,
                4032157183706020622,
                "uvm_pkg_uvm_object_registry_20195001883255690309_51",
                0,
                0,
                0,
                0,
                4032157183706020622,
                "uvm_pkg_uvm_object_registry_1837333109238589200_49",
                0,
                0,
                0,
                0,
                4032157183706020622,
                "uvm_pkg_uvm_object_registry_4364088662927209418_59",
                0,
                0,
                0,
                0,
                4032157183706020622,
                "uvm_pkg_uvm_set_get_dap_base_42077948452638614245_35",
                4398,
                199,
                8,
                8,
                -6512956335544990861,
                "uvm_pkg_uvm_set_get_dap_base_25072624061353900623_41",
                0,
                0,
                0,
                0,
                -6512956335544990861,
