{
    "Modules": {
        "lvc_apb_if_1146083354_12": {
            "svclass": [
                "lvc_apb_if_1146083354_12_vcs_virt_intf_C",
                0,
                0,
                0,
                0,
                0,
                "cg_lvc_apb_command",
                2690,
                355,
                13,
                6,
                -2869941886796301198,
                "cg_lvc_apb_trans_timing_group",
                3476,
                432,
                18,
                12,
                -2869941886796301218,
                "cg_lvc_apb_write_read_order_group",
                2436,
                303,
                10,
                4,
                -2869941886796301234
            ],
            "start_perf": [
                2.260012149810791,
                1.8498749999999999,
                0.34205099999999999,
                306012,
                344440,
                1672832859.4204471,
                63578361010233
            ],
            "child_modules": {},
            "significant_routs": [
                [
                    210,
                    "T_VCSgd_lvc_apb_if_1146083354_12_unnamed2424_0_47_0",
                    37388739,
                    2261,
                    287
                ],
                [
                    215,
                    "T_VCSgd_lvc_apb_if_1146083354_12_unnamed2424_vcs_4_50_0",
                    29118311,
                    218,
                    15
                ],
                [
                    363,
                    "R_VCSgd_lvc_apb_if_1146083354_12_16b",
                    56755502,
                    128,
                    8
                ],
                [
                    386,
                    "R_VCSgd_lvc_apb_if_1146083354_12_182",
                    32486888,
                    505,
                    128
                ]
            ],
            "end_perf": [
                2.4734909534454346,
                1.994486,
                0.35010599999999997,
                306172,
                344440,
                63578957452917,
                -2869941886796308292,
                0
            ],
            "nRouts": 536,
            "nQuads": 4598,
            "nMops": 7904
        },
        "lvc_i2c_pkg": {
            "start_perf": [
                2.4923200607299805,
                2.010281,
                0.35314200000000001,
                306172,
                344440,
                1672832859.652755,
                63579009988462
            ],
            "child_modules": {},
            "end_perf": [
                2.4923720359802246,
                2.0103339999999998,
                0.35314200000000001,
                306172,
                344440,
                63579010127551,
                34359738369,
                0
            ],
            "skipped": 1
        },
        "...MASTER...": {
            "start_perf": [
                2.0034141540527344,
                1.618838,
                0.31688300000000003,
                303888,
                344440,
                1672832859.1638491,
                63577644195317
            ],
            "child_modules": {
                "uvm_pkg": 1,
                "std": 1,
                "rkv_i2c_pkg": 1,
                "vcs_paramclassrepository_pc_skel": 1,
                "pc__SNPS_VCS_intf_repository": 1,
                "lvc_apb_pkg": 1,
                "lvc_i2c_pkg": 1,
                "vcs_paramclassrepository_vcsintf": 1
            },
            "end_perf": [
                2.0040791034698486,
                1.619502,
                0.31688300000000003,
                303888,
                344440,
                63577646067793,
                0,
                0
            ],
            "nRouts": 5,
            "nQuads": 0,
            "nMops": 0
        },
        "vcs_paramclassrepository_vcsintf": {
            "svclass": [
                "vcs_type_T_29780162601987252642_63_29057405201454559803_10",
                0,
                0,
                0,
                0,
                0,
                "uvm_pkg_uvm_visitor_18580828213016376278_35",
                3590,
                174,
                7,
                7,
                -6449646537939171136,
                "uvm_pkg_uvm_pool_19409840873840241338_85",
                15968,
                1185,
                20,
                20,
                9206707313424593048,
                "uvm_pkg_uvm_event_17002614941379949671_32",
                16065,
                1579,
                17,
                15,
                8950033938334007463,
                "uvm_pkg_uvm_queue_10131729133184263146_34",
                17581,
                1517,
                19,
                19,
                8971049544030457753,
                "uvm_pkg_uvm_queue_12401831152739582252_34",
                0,
                0,
                0,
                0,
                8971049544030457753,
                "uvm_pkg_uvm_queue_22079939174174364057_39",
                0,
                0,
                0,
                0,
                8971049544030457753,
                "uvm_pkg_uvm_queue_31897947402315526169_41",
                0,
                0,
                0,
                0,
                8971049544030457753,
                "uvm_pkg_uvm_component_registry_5812522081072586346_105",
                13152,
                1022,
                12,
                12,
                4032157183706020740,
                "uvm_pkg_uvm_object_registry_2512958503635835114_81",
                13559,
                1077,
                12,
                12,
                4032157183706020622,
                "uvm_pkg_uvm_object_registry_33331550721853239193_53",
                0,
                0,
                0,
                0,
                4032157183706020622,
                "uvm_pkg_uvm_object_registry_36654213551487052203_87",
                0,
                0,
                0,
                0,
                4032157183706020622,
                "uvm_pkg_uvm_object_registry_21048711651200398669_63",
                0,
                0,
                0,
                0,
                4032157183706020622,
                "uvm_pkg_uvm_object_registry_6469859573939592844_63",
                0,
                0,
                0,
                0,
                4032157183706020622,
                "uvm_pkg_uvm_object_registry_2560846769148885325_99",
                0,
                0,
                0,
                0,
                4032157183706020622,
                "uvm_pkg_uvm_object_registry_1906819324266042653_63",
                0,
                0,
                0,
                0,
                4032157183706020622,
                "uvm_pkg_uvm_object_registry_3002397424346383469_47",
                0,
                0,
                0,
                0,
                4032157183706020622,
                "uvm_pkg_uvm_object_registry_747914060163035432_74",
                0,
                0,
                0,
                0,
                4032157183706020622,
                "uvm_pkg_uvm_object_registry_27138642393390246789_61",
                0,
                0,
                0,
                0,
                4032157183706020622,
                "uvm_pkg_uvm_object_registry_14439487293049952778_53",
                0,
                0,
                0,
                0,
                4032157183706020622,
                "uvm_pkg_uvm_object_registry_13870511283927333234_55",
                0,
                0,
                0,
                0,
                4032157183706020622,
                "uvm_pkg_uvm_object_registry_20195001883255690309_51",
                0,
                0,
                0,
                0,
