{
    "Modules": {
        "pc__SNPS_VCS_intf_repository": {
            "start_perf": [
                2.1202919483184814,
                1.5684019999999999,
                0.47781699999999999,
                306044,
                333100,
                1672816006.8573129,
                16499919254223
            ],
            "child_modules": {
                "lvc_i2c_if_1146083354_12": 1,
                "rkv_i2c_if_1146083354_12": 1,
                "lvc_apb_if_1146083354_12": 1
            },
            "end_perf": [
                2.1203439235687256,
                1.5684420000000001,
                0.47782999999999998,
                306044,
                333100,
                16499919397922,
                60129542145,
                0
            ],
            "skipped": 1
        },
        "...MASTER...": {
            "nMops": 0,
            "start_perf": [
                1.9139130115509033,
                1.3883179999999999,
                0.45277699999999999,
                303920,
                333100,
                1672816006.650934,
                16499342730388
            ],
            "child_modules": {
                "lvc_apb_pkg": 1,
                "std": 1,
                "uvm_pkg": 1,
                "rkv_i2c_pkg": 1,
                "vcs_paramclassrepository_pc_skel": 1,
                "lvc_i2c_pkg": 1,
                "pc__SNPS_VCS_intf_repository": 1,
                "vcs_paramclassrepository_vcsintf": 1
            },
            "end_perf": [
                1.9147210121154785,
                1.3891249999999999,
                0.45277699999999999,
                303920,
                333100,
                16499345001021,
                0,
                0
            ],
            "nQuads": 0,
            "nRouts": 5
        },
        "rkv_i2c_if_1146083354_12": {
            "nMops": 890,
            "start_perf": [
                2.2558019161224365,
                1.6969069999999999,
                0.48468699999999998,
                306204,
                333100,
                1672816006.9928229,
                16500297799581
            ],
            "child_modules": {},
            "end_perf": [
                2.2737851142883301,
                1.7108910000000002,
                0.48868299999999998,
                306204,
                333100,
                16500348146608,
                1795991131300588936,
                0
            ],
            "svclass": [
                "rkv_i2c_if_1146083354_12_vcs_virt_intf_C",
                0,
                0,
                0,
                0,
                0
            ],
            "nQuads": 354,
            "nRouts": 70
        },
        "lvc_i2c_if_1146083354_12": {
            "nMops": 870,
            "start_perf": [
                2.2402310371398926,
                1.6822409999999999,
                0.48378100000000002,
                306204,
                333100,
                1672816006.977252,
                16500254346675
            ],
            "child_modules": {},
            "end_perf": [
                2.2554271221160889,
                1.6966130000000001,
                0.48460399999999998,
                306204,
                333100,
                16500296855448,
                -7917036585569840515,
                0
            ],
            "svclass": [
                "lvc_i2c_if_1146083354_12_vcs_virt_intf_C",
                0,
                0,
                0,
                0,
                0
            ],
            "nQuads": 382,
            "nRouts": 70
        },
        "vcs_paramclassrepository_vcsintf": {
            "nMops": 9908,
            "start_perf": [
                1.9148509502410889,
                1.389256,
                0.45277699999999999,
                303928,
                333100,
                1672816006.6518719,
                16499345325143
            ],
            "child_modules": {},
            "end_perf": [
                2.1199889183044434,
                1.5681669999999999,
                0.477746,
                306044,
                333100,
                16499918529580,
                1,
                0
            ],