{
    "CompUnits": {
        "lvc_i2c_if_1146083354_12_d": {
            "bytes": 36780,
            "out": "lvc_i2c_if_1146083354_12_d.o",
            "mod": "lvc_i2c_if_1146083354_12",
            "text": 8726,
            "checksum": 4294967295,
            "mode": 4,
            "archive": "archive.0/__SNPS_VCS_intf_repositor_1_archive_1.a"
        },
        "lvc_apb_if_1146083354_12_d": {
            "bytes": 235008,
            "out": "lvc_apb_if_1146083354_12_d.o",
            "mod": "lvc_apb_if_1146083354_12",
            "text": 65908,
            "cls": 8602,
            "checksum": 4294967295,
            "mode": 4,
            "archive": "archive.0/__SNPS_VCS_intf_repositor_1_archive_1.a"
        },
        "vcs_paramclassrepository_vcsintf_d": {
            "bytes": 663592,
            "out": "vcs_paramclassrepository_vcsintf_d.o",
            "mod": "vcs_paramclassrepository_vcsintf",
            "text": 126607,
            "cls": 121015,
            "checksum": 4294967295,
            "mode": 4,
            "archive": "archive.0/__SNPS_VCS_intf_repositor_1_archive_1.a"
        },
        "rkv_i2c_if_1146083354_12_d": {
            "bytes": 48246,
            "out": "rkv_i2c_if_1146083354_12_d.o",
            "mod": "rkv_i2c_if_1146083354_12",
            "text": 9019,
            "checksum": 4294967295,
            "mode": 4,
            "archive": "archive.0/__SNPS_VCS_intf_repositor_1_archive_1.a"
        }
    },
    "Modules": {
        "uvm_pkg": {
            "skipped": 1,
            "start_perf": [
                2.2023930549621582,
                1.719875,
                0.31972,
                306212,
                328248,
                1672811830.000809,
                4831670704095
            ],
            "child_modules": {},
            "end_perf": [
                2.2024471759796143,
                1.719922,
                0.31972899999999999,
                306212,
                328248,
                4831670837100,
                34359738369,
                0
            ]
        },
        "...MASTER...": {
            "nQuads": 0,
            "start_perf": [
                1.8935940265655518,
                1.4466000000000001,
                0.28590900000000002,
                303928,
                328248,
                1672811829.6920099,
                4830808025646
            ],
            "nMops": 0,
            "child_modules": {
                "uvm_pkg": 1,
                "std": 1,
                "vcs_paramclassrepository_pc_skel": 1,
                "vcs_paramclassrepository_vcsintf": 1,
                "rkv_i2c_pkg": 1,
                "lvc_i2c_pkg": 1,
                "lvc_apb_pkg": 1,
                "pc__SNPS_VCS_intf_repository": 1
            },
            "end_perf": [
                1.8941001892089844,
                1.447022,
                0.28599200000000002,
                303928,
                328248,
                4830809440675,
                0,
                0
            ],
            "nRouts": 5
        },
        "vcs_paramclassrepository_vcsintf": {
            "nQuads": 3068,
            "start_perf": [
                1.8942880630493164,
                1.447022,
                0.28618100000000002,
                303936,
                328248,
                1672811829.692704,
                4830809964293
            ],
            "nMops": 9908,
            "child_modules": {},
            "end_perf": [
                2.08852219581604,
                1.6141649999999998,
                0.31180400000000003,
                306052,
                328248,
                4831352647934,
                1,
                0
            ],
            "svclass": [
                "vcs_type_T_29780162601987252642_63_29057405201454559803_10",
                0,
                0,
                0,
                0,
                0,
                "uvm_pkg_uvm_visitor_18580828213016376278_35",
                3590,
                174,
                7,
                7,
                -6449646537939171136,
                "uvm_pkg_uvm_pool_19409840873840241338_85",
                15968,
                1185,
                20,
                20,
                9206707313424593048,
                "uvm_pkg_uvm_event_17002614941379949671_32",
                16065,
                1579,
                17,
                15,
                8950033938334007463,
                "uvm_pkg_uvm_queue_10131729133184263146_34",
                17581,
                1517,
                19,
                19,
                8971049544030457753,
                "uvm_pkg_uvm_queue_12401831152739582252_34",
                0,
                0,
                0,
                0,
                8971049544030457753,
                "uvm_pkg_uvm_queue_22079939174174364057_39",
                0,
                0,
                0,
                0,
                8971049544030457753,
                "uvm_pkg_uvm_queue_31897947402315526169_41",
                0,
                0,
                0,
                0,
                8971049544030457753,
                "uvm_pkg_uvm_component_registry_5812522081072586346_105",
                13152,
                1022,
                12,
                12,
                4032157183706020740,
                "uvm_pkg_uvm_object_registry_2512958503635835114_81",
                13559,
                1077,
                12,
                12,
                4032157183706020622,
                "uvm_pkg_uvm_object_registry_33331550721853239193_53",
                0,
                0,
                0,
                0,
                4032157183706020622,
                "uvm_pkg_uvm_object_registry_36654213551487052203_87",
                0,
                0,
                0,
                0,
                4032157183706020622,
                "uvm_pkg_uvm_object_registry_21048711651200398669_63",
                0,
                0,
                0,
                0,
                4032157183706020622,
                "uvm_pkg_uvm_object_registry_6469859573939592844_63",
                0,
                0,
                0,
                0,
                4032157183706020622,
                "uvm_pkg_uvm_object_registry_2560846769148885325_99",
                0,
                0,
                0,
                0,
                4032157183706020622,
                "uvm_pkg_uvm_object_registry_1906819324266042653_63",
                0,
                0,
                0,
                0,
                4032157183706020622,
                "uvm_pkg_uvm_object_registry_3002397424346383469_47",
                0,
                0,
                0,
                0,
                4032157183706020622,
                "uvm_pkg_uvm_object_registry_747914060163035432_74",
                0,
                0,
                0,
                0,
                4032157183706020622,
                "uvm_pkg_uvm_object_registry_27138642393390246789_61",
                0,
                0,
                0,
                0,
                4032157183706020622,
                "uvm_pkg_uvm_object_registry_14439487293049952778_53",
                0,
                0,
                0,
                0,
                4032157183706020622,
                "uvm_pkg_uvm_object_registry_13870511283927333234_55",
                0,
                0,
                0,
                0,
                4032157183706020622,
                "uvm_pkg_uvm_object_registry_20195001883255690309_51",
                0,
                0,
                0,
                0,
                4032157183706020622,
                "uvm_pkg_uvm_object_registry_1837333109238589200_49",
                0,
                0,
                0,
                0,
                4032157183706020622,
