{
    "Modules": {
        "rkv_i2c_if_1146083354_12": {
            "svclass": [
                "rkv_i2c_if_1146083354_12_vcs_virt_intf_C",
                0,
                0,
                0,
                0,
                0
            ],
            "start_perf": [
                2.0871491432189941,
                1.524621,
                0.44705800000000001,
                306200,
                306224,
                1672470797.4605131,
                8613404576581
            ],
            "nMops": 890,
            "child_modules": {},
            "end_perf": [
                2.0997440814971924,
                1.535401,
                0.44887100000000002,
                306200,
                306224,
                8613439867585,
                1795991131300588936,
                0
            ],
            "nQuads": 354,
            "nRouts": 70
        },
        "...MASTER...": {
            "start_perf": [
                1.7598650455474854,
                1.2293099999999999,
                0.4168,
                303916,
                303932,
                1672470797.133229,
                8612490370993
            ],
            "nMops": 0,
            "child_modules": {
                "vcs_paramclassrepository_pc_skel": 1,
                "rkv_i2c_pkg": 1,
                "uvm_pkg": 1,
                "std": 1,
                "pc__SNPS_VCS_intf_repository": 1,
                "lvc_apb_pkg": 1,
                "lvc_i2c_pkg": 1,
                "vcs_paramclassrepository_vcsintf": 1
            },
            "end_perf": [
                1.7607791423797607,
                1.2302219999999999,
                0.4168,
                303916,
                303932,
                8612492986050,
                0,
                0
            ],
            "nQuads": 0,
            "nRouts": 5
        },
        "vcs_paramclassrepository_vcsintf": {
            "svclass": [
                "vcs_type_T_29780162601987252642_63_29057405201454559803_10",
                0,
                0,
                0,
                0,
                0,
                "uvm_pkg_uvm_visitor_18580828213016376278_35",
                3590,
                174,
                7,
                7,
                -6449646537939171136,
                "uvm_pkg_uvm_pool_19409840873840241338_85",
                15968,
                1185,
                20,
                20,
                9206707313424593048,
                "uvm_pkg_uvm_event_17002614941379949671_32",
                16065,
                1579,
                17,
                15,
                8950033938334007463,
                "uvm_pkg_uvm_queue_10131729133184263146_34",
                17581,
                1517,
                19,
                19,
                8971049544030457753,
                "uvm_pkg_uvm_queue_12401831152739582252_34",
                0,
                0,
                0,
                0,
                8971049544030457753,
                "uvm_pkg_uvm_queue_22079939174174364057_39",
                0,
                0,
                0,
                0,
                8971049544030457753,
                "uvm_pkg_uvm_queue_31897947402315526169_41",
                0,
                0,
                0,
                0,
                8971049544030457753,
                "uvm_pkg_uvm_component_registry_5812522081072586346_105",
                13152,
                1022,
                12,
                12,
                4032157183706020740,
                "uvm_pkg_uvm_object_registry_2512958503635835114_81",
                13559,
                1077,
                12,
                12,
                4032157183706020622,
                "uvm_pkg_uvm_object_registry_33331550721853239193_53",
                0,
                0,
                0,
                0,
                4032157183706020622,
                "uvm_pkg_uvm_object_registry_36654213551487052203_87",
                0,
                0,
                0,
                0,
                4032157183706020622,
                "uvm_pkg_uvm_object_registry_21048711651200398669_63",
                0,
                0,
                0,
                0,
                4032157183706020622,
                "uvm_pkg_uvm_object_registry_6469859573939592844_63",
                0,
                0,
                0,
                0,
                4032157183706020622,
                "uvm_pkg_uvm_object_registry_2560846769148885325_99",
                0,
                0,
                0,
                0,
                4032157183706020622,
                "uvm_pkg_uvm_object_registry_1906819324266042653_63",
                0,
                0,
                0,
                0,
                4032157183706020622,
                "uvm_pkg_uvm_object_registry_3002397424346383469_47",
                0,
                0,
                0,
                0,
                4032157183706020622,
                "uvm_pkg_uvm_object_registry_747914060163035432_74",
                0,
                0,
                0,
                0,
                4032157183706020622,
                "uvm_pkg_uvm_object_registry_27138642393390246789_61",
                0,
                0,
                0,
                0,
                4032157183706020622,
                "uvm_pkg_uvm_object_registry_14439487293049952778_53",
                0,
                0,
                0,
                0,
                4032157183706020622,
                "uvm_pkg_uvm_object_registry_13870511283927333234_55",
                0,
                0,
                0,
                0,
                4032157183706020622,
                "uvm_pkg_uvm_object_registry_20195001883255690309_51",
                0,
                0,
                0,
                0,
                4032157183706020622,
                "uvm_pkg_uvm_object_registry_1837333109238589200_49",
                0,
                0,
                0,
                0,
                4032157183706020622,
                "uvm_pkg_uvm_object_registry_4364088662927209418_59",
                0,
                0,
                0,
                0,
                4032157183706020622,
                "uvm_pkg_uvm_set_get_dap_base_42077948452638614245_35",
                4398,
                199,
                8,
                8,
                -6512956335544990861,
                "uvm_pkg_uvm_set_get_dap_base_25072624061353900623_41",
                0,
                0,
                0,
                0,
                -6512956335544990861,
                "uvm_pkg_uvm_set_get_dap_base_2190068584822684823_31",
                0,
                0,
                0,
                0,
                -6512956335544990861,
                "uvm_pkg_uvm_set_before_get_dap_42077948452638614245_35",
                16125,
                1083,
                17,
                17,
                2247440847313661530,
                "uvm_pkg_uvm_set_before_get_dap_25072624061353900623_41",
                0,
                0,
                0,
                0,
                2247440847313661530,
                "uvm_pkg_uvm_event_callback_17002614941379949671_32",
                4123,
                197,
                7,
                7,
                6905783333964035553,
                "uvm_pkg_uvm_get_to_lock_dap_2190068584822684823_31",
                16454,
                1133,
                17,
                17,
                5863447363740502697
            ],
            "start_perf": [
                1.7609739303588867,
                1.2303919999999999,
                0.41682599999999997,
                303924,
                303932,
                1672470797.1343379,
                8612493455379
            ],
            "nMops": 9908,
            "child_modules": {},